sample,streaming_ms,frame_interval_ms,gc_allocated_in_frame_bytes,active,pooled,owned,pending,generated
0,3.651300,NaN,18084,121,22,143,0,121
1,0.004300,16.746000,0,121,22,143,0,0
2,0.003700,18.428300,0,121,22,143,0,0
3,0.003100,15.196300,0,121,22,143,0,0
4,0.002100,16.701200,0,121,22,143,0,0
5,0.002500,16.466700,0,121,22,143,0,0
6,0.002400,16.700800,0,121,22,143,0,0
7,0.002000,16.556900,0,121,22,143,0,0
8,0.002300,18.482600,0,121,22,143,0,0
9,0.002400,14.942700,0,121,22,143,0,0
10,0.002200,17.734800,0,121,22,143,0,0
11,0.001700,16.487000,0,121,22,143,0,0
12,0.482900,17.511200,1614,132,11,143,0,11
13,0.002400,16.131800,0,132,11,143,0,0
14,0.001800,16.337200,0,132,11,143,0,0
15,0.002300,16.812100,0,132,11,143,0,0
16,0.002000,16.583600,0,132,11,143,0,0
17,0.002200,18.338800,0,132,11,143,0,0
18,0.002400,15.793800,0,132,11,143,0,0
19,0.002000,15.682200,0,132,11,143,0,0
20,0.002300,16.822800,0,132,11,143,0,0
21,0.004400,17.263200,0,132,11,143,0,0
22,0.002200,17.945800,0,132,11,143,0,0
23,0.005700,15.257800,0,132,11,143,0,0
24,0.383400,17.043900,1614,132,11,143,0,11
25,0.004100,16.065800,0,132,11,143,0,0
26,0.003400,17.023400,0,132,11,143,0,0
27,0.002100,16.622900,0,132,11,143,0,0
28,0.005500,19.242600,0,132,11,143,0,0
29,0.003900,14.019100,0,132,11,143,0,0
30,0.001900,16.710100,0,132,11,143,0,0
31,0.002900,16.712600,0,132,11,143,0,0
32,0.016800,16.948600,0,132,11,143,0,0
33,0.001900,16.002000,0,132,11,143,0,0
34,0.001900,16.664300,0,132,11,143,0,0
35,0.001800,16.650200,0,132,11,143,0,0
36,0.403500,16.776000,1614,132,11,143,0,11
37,0.006700,17.385800,0,132,11,143,0,0
38,0.007200,18.476700,0,132,11,143,0,0
39,0.004900,15.589900,0,132,11,143,0,0
40,0.004900,16.551000,0,132,11,143,0,0
41,0.005400,16.044400,0,132,11,143,0,0
42,0.004700,16.708100,0,132,11,143,0,0
43,0.004100,16.377600,0,132,11,143,0,0
44,0.003500,18.422700,0,132,11,143,0,0
45,0.001700,14.583600,0,132,11,143,0,0
46,0.001700,16.727200,0,132,11,143,0,0
47,0.001600,16.658900,0,132,11,143,0,0
48,0.540100,17.412900,1614,132,11,143,0,11
49,0.004000,16.221100,0,132,11,143,0,0
50,0.003600,17.035100,0,132,11,143,0,0
51,0.005200,16.665700,0,132,11,143,0,0
52,0.003500,16.792300,0,132,11,143,0,0
53,0.003900,16.688600,0,132,11,143,0,0
54,0.002300,15.942500,0,132,11,143,0,0
55,0.002100,16.536400,0,132,11,143,0,0
56,0.001700,16.811200,0,132,11,143,0,0
57,0.002400,16.665100,0,132,11,143,0,0
58,0.001800,16.846700,0,132,11,143,0,0
59,0.001800,16.493400,0,132,11,143,0,0
60,0.323200,16.661300,1680,132,11,143,0,11
61,0.301300,16.522000,1590,143,0,143,0,11
62,0.001700,16.981100,0,143,0,143,0,0
63,0.003600,17.199900,0,143,0,143,0,0
64,0.002300,16.471600,0,143,0,143,0,0
65,0.001800,16.403200,0,143,0,143,0,0
66,0.001900,17.365000,0,143,0,143,0,0
67,0.003100,15.911500,0,143,0,143,0,0
68,0.002000,16.748500,0,143,0,143,0,0
69,0.001800,16.680400,0,143,0,143,0,0
70,0.002000,16.629800,0,143,0,143,0,0
71,0.001700,16.759000,0,143,0,143,0,0
72,0.325900,16.732000,1674,143,0,143,0,11
73,0.002100,16.516800,0,143,0,143,0,0
74,0.003900,17.273300,0,143,0,143,0,0
75,0.002700,16.379000,0,143,0,143,0,0
76,0.004300,16.866700,0,143,0,143,0,0
77,0.003900,17.082800,0,143,0,143,0,0
78,0.003800,16.690200,0,143,0,143,0,0
79,0.005400,16.203000,0,143,0,143,0,0
80,0.005900,17.058300,0,143,0,143,0,0
81,0.004000,16.985200,0,143,0,143,0,0
82,0.002300,15.823200,0,143,0,143,0,0
83,0.002500,16.669100,0,143,0,143,0,0
84,1.024600,17.489600,1674,142,1,143,0,11
85,0.003100,15.753900,0,142,1,143,0,0
86,0.003400,17.045900,0,142,1,143,0,0
87,0.003200,16.606500,0,142,1,143,0,0
88,0.002600,16.648500,0,142,1,143,0,0
89,0.002800,16.818600,0,142,1,143,0,0
90,0.005500,17.208000,0,142,1,143,0,0
91,0.004400,16.082600,0,142,1,143,0,0
92,0.003400,16.924900,0,142,1,143,0,0
93,0.002700,16.351700,0,142,1,143,0,0
94,0.003700,19.122500,0,142,1,143,0,0
95,0.003300,14.817600,0,142,1,143,0,0
96,0.850100,16.876900,1674,141,2,143,0,11
97,0.003700,16.475200,0,141,2,143,0,0
98,0.003600,16.385900,0,141,2,143,0,0
99,0.003300,17.060000,0,141,2,143,0,0
100,0.003400,16.767000,0,141,2,143,0,0
101,0.003400,16.770000,0,141,2,143,0,0
102,0.004800,16.707700,0,141,2,143,0,0
103,0.004200,16.649400,0,141,2,143,0,0
104,0.004200,16.273900,0,141,2,143,0,0
105,0.003300,17.208700,0,141,2,143,0,0
106,0.003100,16.293600,0,141,2,143,0,0
107,0.003700,17.303100,0,141,2,143,0,0
108,0.396100,15.689300,1674,140,3,143,0,11
109,0.001800,16.741400,0,140,3,143,0,0
110,0.001900,16.379200,0,140,3,143,0,0
111,0.002300,16.878000,0,140,3,143,0,0
112,0.002000,16.628900,0,140,3,143,0,0
113,0.001900,16.675600,0,140,3,143,0,0
114,0.001900,16.651600,0,140,3,143,0,0
115,0.001800,16.814100,0,140,3,143,0,0
116,0.002300,16.516200,0,140,3,143,0,0
117,0.002300,16.661100,0,140,3,143,0,0
118,0.002700,16.863900,0,140,3,143,0,0
119,0.002000,16.681500,0,140,3,143,0,0
120,0.956700,17.117000,1674,139,4,143,0,11
121,0.003700,16.371000,0,139,4,143,0,0
122,0.003200,16.353900,0,139,4,143,0,0
123,0.004100,17.439900,0,139,4,143,0,0
124,0.352500,16.195200,1620,143,0,143,0,11
125,0.001800,16.750800,0,143,0,143,0,0
126,0.004600,17.157300,0,143,0,143,0,0
127,0.002100,16.248600,0,143,0,143,0,0
128,0.003200,18.012800,0,143,0,143,0,0
129,0.002700,15.662200,0,143,0,143,0,0
130,0.003900,17.577000,0,143,0,143,0,0
131,0.003300,15.777500,0,143,0,143,0,0
132,1.010600,16.849800,1668,143,0,143,0,11
133,0.003700,16.627800,0,143,0,143,0,0
134,0.004200,16.221600,0,143,0,143,0,0
135,0.003600,17.161700,0,143,0,143,0,0
136,0.003800,16.713000,0,143,0,143,0,0
137,0.004500,16.461300,0,143,0,143,0,0
138,0.001800,16.393500,0,143,0,143,0,0
139,0.002100,18.074100,0,143,0,143,0,0
140,0.002900,15.121900,0,143,0,143,0,0
141,0.003200,16.903700,0,143,0,143,0,0
142,0.002400,16.474400,0,143,0,143,0,0
143,0.003100,16.713300,0,143,0,143,0,0
144,0.333600,16.858100,1668,142,1,143,0,11
145,0.001900,16.657600,0,142,1,143,0,0
146,0.002100,16.375800,0,142,1,143,0,0
147,0.003700,17.375500,0,142,1,143,0,0
148,0.003500,16.595700,0,142,1,143,0,0
149,0.005300,16.873300,0,142,1,143,0,0
150,0.003600,16.763300,0,142,1,143,0,0
151,0.003800,16.608500,0,142,1,143,0,0
152,0.004800,17.353600,0,142,1,143,0,0
153,0.001700,15.480900,0,142,1,143,0,0
154,0.001700,16.654300,0,142,1,143,0,0
155,0.001600,16.786900,0,142,1,143,0,0
156,0.323800,16.627400,1668,141,2,143,0,11
157,0.001800,16.667400,0,141,2,143,0,0
158,0.002400,16.543200,0,141,2,143,0,0
159,0.002400,17.245600,0,141,2,143,0,0
160,0.002400,16.423400,0,141,2,143,0,0
161,0.002700,17.158000,0,141,2,143,0,0
162,0.003400,16.556500,0,141,2,143,0,0
163,0.004000,17.120300,0,141,2,143,0,0
164,0.003700,16.090400,0,141,2,143,0,0
165,0.002800,16.918700,0,141,2,143,0,0
166,0.002700,16.589700,0,141,2,143,0,0
167,0.002400,16.664300,0,141,2,143,0,0
168,0.337600,16.430900,1668,140,3,143,0,11
169,0.001800,16.861200,0,140,3,143,0,0
170,0.002200,16.571100,0,140,3,143,0,0
171,0.002900,16.811600,0,140,3,143,0,0
172,0.002000,16.603300,0,140,3,143,0,0
173,0.002100,16.772600,0,140,3,143,0,0
174,0.003400,16.986600,0,140,3,143,0,0
175,0.002400,16.516700,0,140,3,143,0,0
176,0.003100,16.335700,0,140,3,143,0,0
177,0.004600,17.140900,0,140,3,143,0,0
178,0.003400,16.472700,0,140,3,143,0,0
179,0.003200,16.719700,0,140,3,143,0,0
180,0.404900,16.703900,1668,139,4,143,0,11
181,0.003300,16.808800,0,139,4,143,0,0
182,0.002000,16.044300,0,139,4,143,0,0
183,0.003200,16.922300,0,139,4,143,0,0
184,0.002300,16.914300,0,139,4,143,0,0
185,0.001800,16.629400,0,139,4,143,0,0
186,0.019200,16.716000,0,139,4,143,0,0
187,0.002700,19.045200,0,139,4,143,0,0
188,0.002200,13.852000,0,139,4,143,0,0
189,0.003700,17.049400,0,139,4,143,0,0
190,0.004400,16.597100,0,139,4,143,0,0
191,0.004600,16.751000,0,139,4,143,0,0
192,2.525200,17.906100,1668,138,5,143,0,11
193,2.677100,15.582300,1650,143,0,143,0,11
194,0.002700,16.490200,0,143,0,143,0,0
195,0.003800,16.835400,0,143,0,143,0,0
196,0.002600,16.784000,0,143,0,143,0,0
197,0.002500,16.440900,0,143,0,143,0,0
198,0.002000,16.736500,0,143,0,143,0,0
199,0.002000,16.647700,0,143,0,143,0,0
200,0.002000,16.220100,0,143,0,143,0,0
201,0.003900,18.671000,0,143,0,143,0,0
202,0.002300,15.106900,0,143,0,143,0,0
203,0.003000,16.661400,0,143,0,143,0,0
204,0.564000,16.905000,1662,143,0,143,0,11
205,0.002400,16.185400,0,143,0,143,0,0
206,0.002800,16.560400,0,143,0,143,0,0
207,0.002000,16.736900,0,143,0,143,0,0
208,0.002900,16.819800,0,143,0,143,0,0
209,0.003500,16.666600,0,143,0,143,0,0
210,0.003500,16.755500,0,143,0,143,0,0
211,0.002500,16.666600,0,143,0,143,0,0
212,0.003800,19.047800,0,143,0,143,0,0
213,0.002000,14.315600,0,143,0,143,0,0
214,0.002300,16.534500,0,143,0,143,0,0
215,0.003800,16.632700,0,143,0,143,0,0
216,0.374300,16.554000,1662,142,1,143,0,11
217,0.002900,17.178800,0,142,1,143,0,0
218,0.002300,16.028300,0,142,1,143,0,0
219,0.004300,17.246000,0,142,1,143,0,0
220,0.001700,16.445200,0,142,1,143,0,0
221,0.002400,16.619600,0,142,1,143,0,0
222,0.002200,16.621700,0,142,1,143,0,0
223,0.002900,16.649600,0,142,1,143,0,0
224,0.004000,16.683400,0,142,1,143,0,0
225,0.003000,17.109700,0,142,1,143,0,0
226,0.003200,16.177900,0,142,1,143,0,0
227,0.003700,17.526500,0,142,1,143,0,0
228,0.633200,17.356200,1662,141,2,143,0,11
229,0.023100,19.046200,0,141,2,143,0,0
230,0.002200,12.665800,0,141,2,143,0,0
231,0.002600,17.198400,0,141,2,143,0,0
232,0.003000,16.590100,0,141,2,143,0,0
233,0.002400,16.689700,0,141,2,143,0,0
234,0.003200,17.704400,0,141,2,143,0,0
235,0.003100,17.017500,0,141,2,143,0,0
236,0.003100,14.960500,0,141,2,143,0,0
237,0.003600,17.008600,0,141,2,143,0,0
238,0.002000,16.476300,0,141,2,143,0,0
239,0.001900,16.644000,0,141,2,143,0,0
240,0.863100,18.701300,1662,140,3,143,0,11
241,0.005200,15.908800,0,140,3,143,0,0
242,0.002900,16.326300,0,140,3,143,0,0
243,0.002700,16.872000,0,140,3,143,0,0
244,0.004000,16.608100,0,140,3,143,0,0
245,0.002700,16.573700,0,140,3,143,0,0
246,0.004800,17.335900,0,140,3,143,0,0
247,0.002200,16.197800,0,140,3,143,0,0
248,0.004100,17.286500,0,140,3,143,0,0
249,0.004800,16.578300,0,140,3,143,0,0
250,0.003400,17.141800,0,140,3,143,0,0
251,0.002900,15.987900,0,140,3,143,0,0
252,0.400600,16.667100,1662,139,4,143,0,11
253,0.003300,16.852500,0,139,4,143,0,0
254,0.044500,17.989100,0,139,4,143,0,0
255,0.003800,15.325900,0,139,4,143,0,0
256,0.004400,17.105000,0,139,4,143,0,0
257,0.002100,16.412600,0,139,4,143,0,0
258,0.007700,20.277200,0,139,4,143,0,0
259,0.004500,18.014500,0,139,4,143,0,0
260,0.005200,18.836500,0,139,4,143,0,0
261,0.005300,14.818000,0,139,4,143,0,0
262,0.003600,17.195800,0,139,4,143,0,0
263,0.004200,15.078400,0,139,4,143,0,0
264,0.480000,17.082800,1662,138,5,143,0,11
265,0.001800,16.032100,0,138,5,143,0,0
266,0.003400,17.745600,0,138,5,143,0,0
267,0.001900,15.554300,0,138,5,143,0,0
268,0.002900,16.905300,0,138,5,143,0,0
269,0.004200,18.062500,0,138,5,143,0,0
270,0.003000,17.210600,0,138,5,143,0,0
271,0.002400,16.662200,0,138,5,143,0,0
272,0.005200,17.127500,0,138,5,143,0,0
273,0.005500,16.240200,0,138,5,143,0,0
274,0.004200,20.931300,0,138,5,143,0,0
275,0.006100,15.530900,0,138,5,143,0,0
276,0.783400,16.786100,1662,137,6,143,0,11
277,0.003600,16.758000,0,137,6,143,0,0
278,0.485600,16.932800,1650,143,0,143,0,11
279,0.002300,18.782000,0,143,0,143,0,0
280,0.003900,14.396600,0,143,0,143,0,0
281,0.002800,16.539700,0,143,0,143,0,0
282,0.002400,16.333700,0,143,0,143,0,0
283,0.005300,17.467100,0,143,0,143,0,0
284,0.006500,18.789900,0,143,0,143,0,0
285,0.005300,14.857700,0,143,0,143,0,0
286,0.004700,17.908800,0,143,0,143,0,0
287,0.785500,15.266900,1656,143,0,143,0,11
288,0.007900,18.965000,0,143,0,143,0,0
289,0.005900,14.052500,0,143,0,143,0,0
290,0.004300,16.672300,0,143,0,143,0,0
291,0.003500,16.542400,0,143,0,143,0,0
292,0.003500,17.121700,0,143,0,143,0,0
293,0.004600,16.642400,0,143,0,143,0,0
294,0.004400,16.594100,0,143,0,143,0,0
295,0.005100,17.139100,0,143,0,143,0,0
296,0.004400,17.340400,0,143,0,143,0,0
297,0.004700,15.598000,0,143,0,143,0,0
298,0.003700,16.680500,0,143,0,143,0,0
299,0.002800,16.338000,0,143,0,143,0,0
300,0.339400,16.505600,1656,142,1,143,0,11
301,0.004100,17.681300,0,142,1,143,0,0
302,0.002000,16.343300,0,142,1,143,0,0
303,0.002500,16.503100,0,142,1,143,0,0
304,0.005100,17.006800,0,142,1,143,0,0
305,0.001900,16.122400,0,142,1,143,0,0
306,0.003100,16.645300,0,142,1,143,0,0
307,0.009600,18.035000,0,142,1,143,0,0
308,0.002800,16.310400,0,142,1,143,0,0
309,0.002100,16.286800,0,142,1,143,0,0
310,0.002500,16.878600,0,142,1,143,0,0
311,0.436500,16.720100,1656,141,2,143,0,11
312,0.006800,17.100000,0,141,2,143,0,0
313,0.003200,16.400200,0,141,2,143,0,0
314,0.003400,16.777100,0,141,2,143,0,0
315,0.002900,16.487300,0,141,2,143,0,0
316,0.002500,16.768500,0,141,2,143,0,0
317,0.002300,16.780100,0,141,2,143,0,0
318,0.002700,16.185900,0,141,2,143,0,0
319,0.003000,16.923300,0,141,2,143,0,0
320,0.002800,16.795600,0,141,2,143,0,0
321,0.006600,17.126600,0,141,2,143,0,0
322,0.004100,16.516000,0,141,2,143,0,0
323,0.421800,16.278100,1656,140,3,143,0,11
324,0.003500,18.396600,0,140,3,143,0,0
325,0.004200,15.748000,0,140,3,143,0,0
326,0.003700,16.242000,0,140,3,143,0,0
327,0.003700,16.491000,0,140,3,143,0,0
328,0.003400,16.386600,0,140,3,143,0,0
329,0.001800,16.558400,0,140,3,143,0,0
330,0.002700,16.492700,0,140,3,143,0,0
331,0.002100,16.925400,0,140,3,143,0,0
332,0.001800,16.586500,0,140,3,143,0,0
333,0.001800,16.754200,0,140,3,143,0,0
334,0.003400,17.169500,0,140,3,143,0,0
335,0.437400,16.278100,1656,139,4,143,0,11
336,0.001900,16.328800,0,139,4,143,0,0
337,0.002000,16.800600,0,139,4,143,0,0
338,0.007400,17.361100,0,139,4,143,0,0
339,0.001700,16.023100,0,139,4,143,0,0
340,0.002500,16.982500,0,139,4,143,0,0
341,0.002000,16.345700,0,139,4,143,0,0
342,0.004500,16.926600,0,139,4,143,0,0
343,0.002300,16.372700,0,139,4,143,0,0
344,0.002700,16.936700,0,139,4,143,0,0
345,0.002400,16.412500,0,139,4,143,0,0
346,0.002500,16.643400,0,139,4,143,0,0
347,0.370200,16.742900,1656,138,5,143,0,11
348,0.002000,16.607600,0,138,5,143,0,0
349,0.002700,16.643700,0,138,5,143,0,0
350,0.006600,17.706900,0,138,5,143,0,0
351,0.004100,16.512700,0,138,5,143,0,0
352,0.003900,16.899000,0,138,5,143,0,0
353,0.005800,16.994000,0,138,5,143,0,0
354,0.003300,16.158600,0,138,5,143,0,0
355,0.002400,16.581900,0,138,5,143,0,0
356,0.004100,16.690400,0,138,5,143,0,0
357,0.002700,16.713900,0,138,5,143,0,0
358,0.004000,16.648500,0,138,5,143,0,0
359,0.370200,16.713800,1656,137,6,143,0,11
360,0.005000,16.510900,0,137,6,143,0,0
361,0.004100,17.196600,0,137,6,143,0,0
362,0.003300,16.175000,0,137,6,143,0,0
363,0.004200,16.934900,0,137,6,143,0,0
364,0.003000,16.403200,0,137,6,143,0,0
365,0.001800,16.617000,0,137,6,143,0,0
366,0.003300,16.639900,0,137,6,143,0,0
367,0.004600,16.844900,0,137,6,143,0,0
368,0.004100,17.060400,0,137,6,143,0,0
369,0.003600,16.512500,0,137,6,143,0,0
370,0.004300,16.629800,0,137,6,143,0,0
371,0.548900,16.502200,1656,136,7,143,0,11
372,0.002100,16.525500,0,136,7,143,0,0
373,0.002700,16.722500,0,136,7,143,0,0
374,0.002700,16.607800,0,136,7,143,0,0
375,0.004500,17.034000,0,136,7,143,0,0
376,0.003700,16.612900,0,136,7,143,0,0
377,0.002400,16.241300,0,136,7,143,0,0
378,0.002800,16.575200,0,136,7,143,0,0
379,0.002600,16.824400,0,136,7,143,0,0
380,0.003200,16.971500,0,136,7,143,0,0
381,0.002000,16.434300,0,136,7,143,0,0
382,0.001900,16.578800,0,136,7,143,0,0
383,0.396200,16.679600,1656,135,8,143,0,11
384,0.005400,16.625700,0,135,8,143,0,0
385,0.003500,17.895300,0,135,8,143,0,0
386,0.002800,15.910900,0,135,8,143,0,0
387,0.002600,16.813000,0,135,8,143,0,0
388,0.001900,16.342500,0,135,8,143,0,0
389,0.002500,16.746800,0,135,8,143,0,0
390,0.001900,16.490800,0,135,8,143,0,0
391,0.002600,16.898500,0,135,8,143,0,0
392,0.006000,17.330300,0,135,8,143,0,0
393,0.005600,16.547300,0,135,8,143,0,0
394,0.002000,15.987100,0,135,8,143,0,0
395,0.385800,16.707700,1656,134,9,143,0,11
396,0.005600,30.436900,0,134,9,143,0,0
397,0.005000,17.243400,0,134,9,143,0,0
398,0.004300,16.482700,0,134,9,143,0,0
399,0.004300,16.491500,0,134,9,143,0,0
400,0.003200,16.827800,0,134,9,143,0,0
401,0.004700,17.767500,0,134,9,143,0,0
402,0.003400,15.761800,0,134,9,143,0,0
403,0.004200,16.898600,0,134,9,143,0,0
404,0.002700,16.585600,0,134,9,143,0,0
405,0.002100,16.309800,0,134,9,143,0,0
406,0.004000,16.839900,0,134,9,143,0,0
407,0.783900,16.922300,1656,133,10,143,0,11
408,0.003800,16.802700,0,133,10,143,0,0
409,0.003100,16.960700,0,133,10,143,0,0
410,0.002100,16.101600,0,133,10,143,0,0
411,0.003300,17.066700,0,133,10,143,0,0
412,0.003400,16.443500,0,133,10,143,0,0
413,0.004100,16.362400,0,133,10,143,0,0
414,0.006300,17.348700,0,133,10,143,0,0
415,0.002700,16.106300,0,133,10,143,0,0
416,0.003000,16.517100,0,133,10,143,0,0
417,0.003900,17.334000,0,133,10,143,0,0
418,0.002900,16.143000,0,133,10,143,0,0
419,0.523200,16.602900,1656,132,11,143,0,11
420,0.004200,16.793300,0,132,11,143,0,0
421,0.005800,18.077300,0,132,11,143,0,0
422,0.005900,16.228400,0,132,11,143,0,0
423,0.029100,19.836400,0,132,11,143,0,0
424,0.003300,14.387300,0,132,11,143,0,0
425,0.003400,16.110000,0,132,11,143,0,0
426,0.003100,17.138800,0,132,11,143,0,0
427,0.002300,16.267900,0,132,11,143,0,0
428,0.005300,17.266600,0,132,11,143,0,0
429,0.005700,16.695100,0,132,11,143,0,0
430,0.564400,16.309100,1656,132,11,143,0,11
431,0.003600,17.137600,0,132,11,143,0,0
432,0.003600,17.996000,0,132,11,143,0,0
433,0.004500,16.540500,0,132,11,143,0,0
434,0.003300,17.890800,0,132,11,143,0,0
435,0.003000,15.721600,0,132,11,143,0,0
436,0.004800,16.197000,0,132,11,143,0,0
437,0.003700,18.598500,0,132,11,143,0,0
438,0.005100,15.301300,0,132,11,143,0,0
439,0.007700,17.857500,0,132,11,143,0,0
440,0.004800,16.475100,0,132,11,143,0,0
441,0.003000,16.069200,0,132,11,143,0,0
442,0.596500,17.128900,1656,132,11,143,0,11
443,0.003000,16.269000,0,132,11,143,0,0
444,0.003200,16.815900,0,132,11,143,0,0
445,0.002900,16.309800,0,132,11,143,0,0
446,0.002200,17.027500,0,132,11,143,0,0
447,0.002900,16.354400,0,132,11,143,0,0
448,0.002800,16.750200,0,132,11,143,0,0
449,0.005700,16.773800,0,132,11,143,0,0
450,0.002100,16.190700,0,132,11,143,0,0
451,0.005200,17.350400,0,132,11,143,0,0
452,0.002900,16.449500,0,132,11,143,0,0
453,0.002700,16.643600,0,132,11,143,0,0
454,0.452500,17.096500,1656,132,11,143,0,11
455,0.002700,16.626800,0,132,11,143,0,0
456,0.002800,16.473200,0,132,11,143,0,0
457,0.002100,16.828500,0,132,11,143,0,0
458,0.004500,16.725300,0,132,11,143,0,0
459,0.002100,16.712900,0,132,11,143,0,0
460,0.002200,16.722500,0,132,11,143,0,0
461,0.002100,16.501800,0,132,11,143,0,0
462,0.002900,16.535000,0,132,11,143,0,0
463,0.003000,16.913800,0,132,11,143,0,0
464,0.003400,16.855900,0,132,11,143,0,0
465,0.005600,16.744600,0,132,11,143,0,0
466,5.799200,16.653700,1656,132,11,143,0,11
467,0.006800,17.685700,0,132,11,143,0,0
468,0.028300,18.708400,0,132,11,143,0,0
469,0.004400,19.049300,0,132,11,143,0,0
470,0.004200,14.950400,0,132,11,143,0,0
471,0.004400,16.830900,0,132,11,143,0,0
472,0.003800,17.200100,0,132,11,143,0,0
473,0.022600,14.802100,0,132,11,143,0,0
474,0.004900,17.094500,0,132,11,143,0,0
475,0.004400,18.522000,0,132,11,143,0,0
476,0.003800,15.206500,0,132,11,143,0,0
477,0.005800,17.002400,0,132,11,143,0,0
478,0.888700,16.192400,1656,132,11,143,0,11
479,0.021400,16.722300,0,132,11,143,0,0
480,0.024500,15.069900,0,132,11,143,0,0
481,0.004800,18.950600,0,132,11,143,0,0
482,0.003100,15.923200,0,132,11,143,0,0
483,0.006300,17.136100,0,132,11,143,0,0
484,0.004600,18.312400,0,132,11,143,0,0
485,0.004400,16.579000,0,132,11,143,0,0
486,0.004200,14.977800,0,132,11,143,0,0
487,0.004800,17.055700,0,132,11,143,0,0
488,0.005700,19.600000,0,132,11,143,0,0
489,0.003200,14.279400,0,132,11,143,0,0
490,0.797100,15.363900,1656,132,11,143,0,11
491,0.004500,20.910300,0,132,11,143,0,0
492,0.004100,9.905700,0,132,11,143,0,0
493,0.006100,19.875300,0,132,11,143,0,0
494,0.004800,14.594900,0,132,11,143,0,0
495,0.005300,19.101300,0,132,11,143,0,0
496,0.006000,25.882900,0,132,11,143,0,0
497,0.005600,15.907700,0,132,11,143,0,0
498,0.004200,19.943700,0,132,11,143,0,0
499,0.008700,44.332800,0,132,11,143,0,0
500,1.086600,2.360200,1656,132,11,143,0,11
501,0.003900,20.823400,0,132,11,143,0,0
502,0.003700,15.510900,0,132,11,143,0,0
503,0.003400,19.569800,0,132,11,143,0,0
504,0.728500,14.288300,0,132,11,143,0,0
505,0.003200,30.137300,0,132,11,143,0,0
506,0.003100,66.923100,0,132,11,143,0,0
507,0.002200,1.025900,0,132,11,143,0,0
508,0.004100,17.333300,0,132,11,143,0,0
509,0.914600,16.935400,1656,132,11,143,0,11
510,0.004800,18.198600,0,132,11,143,0,0
511,0.004800,18.149800,0,132,11,143,0,0
512,0.003900,22.153400,0,132,11,143,0,0
513,0.011700,15.153600,0,132,11,143,0,0
514,0.005300,16.114100,0,132,11,143,0,0
515,0.006300,23.904000,0,132,11,143,0,0
516,0.004500,12.351400,0,132,11,143,0,0
517,0.005800,16.420000,0,132,11,143,0,0
518,0.003900,16.199500,0,132,11,143,0,0
519,0.003500,16.714000,0,132,11,143,0,0
520,0.002200,16.457300,0,132,11,143,0,0
521,0.402900,17.087300,1656,132,11,143,0,11
522,0.003700,16.158000,0,132,11,143,0,0
523,0.003400,18.531000,0,132,11,143,0,0
524,0.005200,15.400400,0,132,11,143,0,0
525,0.004200,17.175100,0,132,11,143,0,0
526,0.003800,16.106200,0,132,11,143,0,0
527,0.024800,17.575300,0,132,11,143,0,0
528,0.004000,15.807700,0,132,11,143,0,0
529,0.005300,20.338100,0,132,11,143,0,0
530,0.003600,12.787000,0,132,11,143,0,0
531,0.003100,16.419700,0,132,11,143,0,0
532,0.002000,16.779200,0,132,11,143,0,0
533,0.475700,16.806100,1656,132,11,143,0,11
534,0.001900,16.384600,0,132,11,143,0,0
535,0.004100,16.995600,0,132,11,143,0,0
536,0.002000,16.379300,0,132,11,143,0,0
537,0.002400,17.211300,0,132,11,143,0,0
538,0.003200,16.775800,0,132,11,143,0,0
539,0.003200,16.698500,0,132,11,143,0,0
540,0.002800,16.012000,0,132,11,143,0,0
541,0.003100,16.817300,0,132,11,143,0,0
542,0.002000,16.459000,0,132,11,143,0,0
543,0.002300,16.559300,0,132,11,143,0,0
544,0.001600,16.775900,0,132,11,143,0,0
545,0.418000,16.896400,1656,132,11,143,0,11
546,0.001700,16.443200,0,132,11,143,0,0
547,0.002500,16.842900,0,132,11,143,0,0
548,0.002900,16.657100,0,132,11,143,0,0
549,0.002200,16.385000,0,132,11,143,0,0
550,0.001900,16.808600,0,132,11,143,0,0
551,0.002400,16.864400,0,132,11,143,0,0
552,0.002100,16.573100,0,132,11,143,0,0
553,0.003200,17.931500,0,132,11,143,0,0
554,0.004100,15.865800,0,132,11,143,0,0
555,0.002800,16.117300,0,132,11,143,0,0
556,0.003000,16.869700,0,132,11,143,0,0
557,0.768000,17.855400,1656,132,11,143,0,11
558,0.002400,15.590300,0,132,11,143,0,0
559,0.002200,16.602400,0,132,11,143,0,0
560,0.002000,16.911000,0,132,11,143,0,0
561,0.002700,16.129800,0,132,11,143,0,0
562,0.002100,16.816700,0,132,11,143,0,0
563,0.002600,16.748800,0,132,11,143,0,0
564,0.001800,16.658300,0,132,11,143,0,0
565,0.002300,16.727500,0,132,11,143,0,0
566,0.001800,16.971300,0,132,11,143,0,0
567,0.003600,17.030200,0,132,11,143,0,0
568,0.002400,16.526000,0,132,11,143,0,0
569,0.371700,16.682900,1656,132,11,143,0,11
570,0.002400,16.692800,0,132,11,143,0,0
571,0.002400,16.864600,0,132,11,143,0,0
572,0.003600,16.643900,0,132,11,143,0,0
573,0.002400,16.274500,0,132,11,143,0,0
574,0.003300,17.251600,0,132,11,143,0,0
575,0.003200,16.572500,0,132,11,143,0,0
576,0.003000,16.598100,0,132,11,143,0,0
577,0.005100,17.427500,0,132,11,143,0,0
578,0.003600,16.681300,0,132,11,143,0,0
579,0.004200,16.404700,0,132,11,143,0,0
580,0.003400,16.171600,0,132,11,143,0,0
581,0.886400,17.083300,1656,132,11,143,0,11
582,0.002000,16.382300,0,132,11,143,0,0
583,0.002400,17.064300,0,132,11,143,0,0
584,0.003800,16.545200,0,132,11,143,0,0
585,0.003000,16.468700,0,132,11,143,0,0
586,0.002700,16.468100,0,132,11,143,0,0
587,0.003100,17.173600,0,132,11,143,0,0
588,0.002600,16.370700,0,132,11,143,0,0
589,0.002600,16.579400,0,132,11,143,0,0
590,0.002100,16.948900,0,132,11,143,0,0
591,0.004400,17.873600,0,132,11,143,0,0
592,0.005100,15.045300,0,132,11,143,0,0
593,0.839800,16.884700,1656,132,11,143,0,11
594,0.001900,16.721200,0,132,11,143,0,0
595,0.004100,16.754200,0,132,11,143,0,0
596,0.002600,16.845800,0,132,11,143,0,0
597,0.004400,19.287700,0,132,11,143,0,0
598,0.009800,14.994100,0,132,11,143,0,0
599,0.007000,21.881500,0,132,11,143,0,0
600,0.005000,11.421100,0,132,11,143,0,0
601,0.004300,16.689300,0,132,11,143,0,0
602,0.004100,16.361900,0,132,11,143,0,0
603,0.005300,16.624200,0,132,11,143,0,0
604,0.003100,16.181200,0,132,11,143,0,0
605,0.741700,16.719400,1656,132,11,143,0,11
606,0.004300,19.240400,0,132,11,143,0,0
607,0.003600,16.021200,0,132,11,143,0,0
608,0.004200,16.874000,0,132,11,143,0,0
609,0.003300,16.122400,0,132,11,143,0,0
610,0.008100,16.423300,0,132,11,143,0,0
611,0.005000,17.148000,0,132,11,143,0,0
612,0.002600,16.549400,0,132,11,143,0,0
613,0.004100,16.645200,0,132,11,143,0,0
614,0.005100,18.848900,0,132,11,143,0,0
615,0.003700,15.677500,0,132,11,143,0,0
616,0.834600,17.558100,1656,132,11,143,0,11
617,0.013200,20.084000,0,132,11,143,0,0
618,0.005700,16.576500,0,132,11,143,0,0
619,0.002600,16.443200,0,132,11,143,0,0
620,0.005600,17.762100,0,132,11,143,0,0
621,0.005700,15.479600,0,132,11,143,0,0
622,0.003000,17.002500,0,132,11,143,0,0
623,0.003500,17.814900,0,132,11,143,0,0
624,0.007700,15.673900,0,132,11,143,0,0
625,0.003600,16.431100,0,132,11,143,0,0
626,0.004100,16.693800,0,132,11,143,0,0
627,0.003600,16.844300,0,132,11,143,0,0
628,0.569100,16.421300,1656,132,11,143,0,11
629,0.003200,16.439000,0,132,11,143,0,0
630,0.005000,16.425900,0,132,11,143,0,0
631,0.003800,17.033300,0,132,11,143,0,0
632,0.002000,16.360500,0,132,11,143,0,0
633,0.002300,16.761000,0,132,11,143,0,0
634,0.004900,16.980100,0,132,11,143,0,0
635,0.004300,16.567100,0,132,11,143,0,0
636,0.002400,16.384700,0,132,11,143,0,0
637,0.004900,17.307900,0,132,11,143,0,0
638,0.002700,16.155800,0,132,11,143,0,0
639,0.003700,16.667100,0,132,11,143,0,0
640,0.655700,16.944100,1656,132,11,143,0,11
641,0.003900,16.597500,0,132,11,143,0,0
642,0.002200,16.301500,0,132,11,143,0,0
643,0.003000,17.295000,0,132,11,143,0,0
644,0.001900,16.111600,0,132,11,143,0,0
645,0.002300,16.710600,0,132,11,143,0,0
646,0.002300,16.644100,0,132,11,143,0,0
647,0.003400,16.811400,0,132,11,143,0,0
648,0.003300,16.518200,0,132,11,143,0,0
649,0.003700,17.261200,0,132,11,143,0,0
650,0.006500,16.324500,0,132,11,143,0,0
651,0.004000,16.744000,0,132,11,143,0,0
652,0.465000,16.907100,1656,132,11,143,0,11
653,0.002400,16.523100,0,132,11,143,0,0
654,0.005800,16.361300,0,132,11,143,0,0
655,0.002200,16.729800,0,132,11,143,0,0
656,0.002800,16.918400,0,132,11,143,0,0
657,0.368700,16.437500,1716,143,0,143,0,11
658,0.003300,16.699200,0,143,0,143,0,0
659,0.002000,16.742700,0,143,0,143,0,0
660,0.007900,16.923400,0,143,0,143,0,0
661,0.001900,16.258300,0,143,0,143,0,0
662,0.002900,16.787900,0,143,0,143,0,0
663,0.004400,16.882100,0,143,0,143,0,0
664,0.403800,16.394700,1662,143,0,143,0,11
665,0.002800,16.625700,0,143,0,143,0,0
666,0.003300,16.675400,0,143,0,143,0,0
667,0.004200,16.743100,0,143,0,143,0,0
668,0.001800,16.582100,0,143,0,143,0,0
669,0.004300,16.802200,0,143,0,143,0,0
670,0.001900,16.526800,0,143,0,143,0,0
671,0.001800,16.670800,0,143,0,143,0,0
672,0.006100,16.690700,0,143,0,143,0,0
673,0.002900,16.896200,0,143,0,143,0,0
674,0.002900,16.492800,0,143,0,143,0,0
675,0.003400,16.780600,0,143,0,143,0,0
676,0.455700,16.820200,1662,142,1,143,0,11
677,0.003200,16.341300,0,142,1,143,0,0
678,0.004600,16.740700,0,142,1,143,0,0
679,0.002100,16.651100,0,142,1,143,0,0
680,0.002200,17.525000,0,142,1,143,0,0
681,0.002400,15.941300,0,142,1,143,0,0
682,0.002800,16.552300,0,142,1,143,0,0
683,0.002100,16.556500,0,142,1,143,0,0
684,0.003700,16.727900,0,142,1,143,0,0
685,0.002300,16.638300,0,142,1,143,0,0
686,0.002000,16.856800,0,142,1,143,0,0
687,0.002500,16.560000,0,142,1,143,0,0
688,0.412700,16.759400,1662,141,2,143,0,11
689,0.004100,16.997900,0,141,2,143,0,0
690,0.002700,16.241400,0,141,2,143,0,0
691,0.004300,16.795400,0,141,2,143,0,0
692,0.004900,16.845300,0,141,2,143,0,0
693,0.002000,16.311600,0,141,2,143,0,0
694,0.002400,16.680400,0,141,2,143,0,0
695,0.002700,16.796700,0,141,2,143,0,0
696,0.002800,16.553900,0,141,2,143,0,0
697,0.002600,17.002500,0,141,2,143,0,0
698,0.001800,16.439700,0,141,2,143,0,0
699,0.002900,16.709100,0,141,2,143,0,0
700,0.565600,16.992800,1662,140,3,143,0,11
701,0.005700,20.398200,0,140,3,143,0,0
702,0.008100,13.767200,0,140,3,143,0,0
703,0.003500,18.521500,0,140,3,143,0,0
704,0.003700,14.707500,0,140,3,143,0,0
705,0.002700,16.564700,0,140,3,143,0,0
706,0.004400,16.697200,0,140,3,143,0,0
707,0.001800,16.430900,0,140,3,143,0,0
708,0.003200,16.727700,0,140,3,143,0,0
709,0.002900,16.887500,0,140,3,143,0,0
710,0.026700,23.609400,0,140,3,143,0,0
711,0.005100,12.916700,0,140,3,143,0,0
712,0.867700,14.785300,1662,139,4,143,0,11
713,0.004700,16.551200,0,139,4,143,0,0
714,0.008000,15.542300,0,139,4,143,0,0
715,0.005700,17.494900,0,139,4,143,0,0
716,0.006100,17.919300,0,139,4,143,0,0
717,0.005300,15.151400,0,139,4,143,0,0
718,0.005700,16.407000,0,139,4,143,0,0
719,0.005000,16.370800,0,139,4,143,0,0
720,0.004400,16.526800,0,139,4,143,0,0
721,0.005400,17.884600,0,139,4,143,0,0
722,0.004600,16.193000,0,139,4,143,0,0
723,0.007900,16.874400,0,139,4,143,0,0
724,0.693700,17.420800,1662,138,5,143,0,11
725,0.005300,16.392200,0,138,5,143,0,0
726,0.004200,15.228100,0,138,5,143,0,0
727,0.003800,19.999100,0,138,5,143,0,0
728,0.005100,22.244900,0,138,5,143,0,0
729,0.003800,16.015200,0,138,5,143,0,0
730,0.003800,17.318400,0,138,5,143,0,0
731,0.005000,23.716700,0,138,5,143,0,0
732,0.004200,9.988900,0,138,5,143,0,0
733,0.004600,17.366800,0,138,5,143,0,0
734,0.005100,22.948300,0,138,5,143,0,0
735,0.005200,8.814500,0,138,5,143,0,0
736,0.715300,24.347000,1662,137,6,143,0,11
737,0.005000,10.403900,0,137,6,143,0,0
738,0.005600,18.431000,0,137,6,143,0,0
739,0.004500,18.739600,0,137,6,143,0,0
740,0.005200,15.161400,0,137,6,143,0,0
741,0.645300,13.375400,1716,143,0,143,0,11
742,0.004600,23.290200,0,143,0,143,0,0
743,0.004900,12.604600,0,143,0,143,0,0
744,0.006300,14.661100,0,143,0,143,0,0
745,0.004900,21.800300,0,143,0,143,0,0
746,0.005100,18.743000,0,143,0,143,0,0
747,0.638500,31.193800,1668,143,0,143,0,11
748,0.004800,11.450000,0,143,0,143,0,0
749,0.003300,31.958900,0,143,0,143,0,0
750,0.006900,24.790900,0,143,0,143,0,0
751,0.006300,9.250200,0,143,0,143,0,0
752,0.002900,20.983500,0,143,0,143,0,0
753,0.006000,16.763600,0,143,0,143,0,0
754,0.004800,18.881000,0,143,0,143,0,0
755,0.004400,16.125300,0,143,0,143,0,0
756,0.027800,17.719500,0,143,0,143,0,0
757,0.784700,63.903800,1668,142,1,143,0,11
758,0.004300,3.049100,0,142,1,143,0,0
759,0.004300,15.669100,0,142,1,143,0,0
760,0.003900,23.538300,0,142,1,143,0,0
761,0.004900,14.488200,0,142,1,143,0,0
762,0.003900,16.447100,0,142,1,143,0,0
763,0.004600,14.593200,0,142,1,143,0,0
764,0.010600,18.927700,0,142,1,143,0,0
765,0.004100,30.371000,0,142,1,143,0,0
766,0.004500,8.408000,0,142,1,143,0,0
767,0.548600,31.167900,1668,141,2,143,0,11
768,0.005400,18.404100,0,141,2,143,0,0
769,0.004200,15.639000,0,141,2,143,0,0
770,0.004900,16.429900,0,141,2,143,0,0
771,0.002800,16.860900,0,141,2,143,0,0
772,0.004300,17.758700,0,141,2,143,0,0
773,0.003500,15.938200,0,141,2,143,0,0
774,0.004800,17.483400,0,141,2,143,0,0
775,0.005300,15.861600,0,141,2,143,0,0
776,0.004500,20.417100,0,141,2,143,0,0
777,0.005000,16.201400,0,141,2,143,0,0
778,1.073500,19.045900,1668,140,3,143,0,11
779,0.004900,17.765500,0,140,3,143,0,0
780,0.004100,17.194500,0,140,3,143,0,0
781,0.005000,15.890400,0,140,3,143,0,0
782,0.006100,16.782800,0,140,3,143,0,0
783,0.005000,16.785200,0,140,3,143,0,0
784,0.004400,16.321500,0,140,3,143,0,0
785,0.003100,16.768600,0,140,3,143,0,0
786,0.003100,16.917200,0,140,3,143,0,0
787,0.005500,33.896600,0,140,3,143,0,0
788,0.812800,17.063000,1668,139,4,143,0,11
789,0.004100,27.275100,0,139,4,143,0,0
790,0.004700,15.874900,0,139,4,143,0,0
791,0.003500,15.460700,0,139,4,143,0,0
792,0.004100,16.323000,0,139,4,143,0,0
793,0.002100,16.946100,0,139,4,143,0,0
794,0.002400,16.353000,0,139,4,143,0,0
795,0.002400,16.689900,0,139,4,143,0,0
796,0.002400,16.836800,0,139,4,143,0,0
797,0.001900,16.631000,0,139,4,143,0,0
798,0.002300,16.599200,0,139,4,143,0,0
799,0.001900,16.687600,0,139,4,143,0,0
800,0.496800,16.982900,1668,138,5,143,0,11
801,0.001800,16.706100,0,138,5,143,0,0
802,0.003700,16.793100,0,138,5,143,0,0
803,0.631000,16.572000,1716,143,0,143,0,11
804,0.002500,16.116700,0,143,0,143,0,0
805,0.002400,16.897200,0,143,0,143,0,0
806,0.002300,16.597500,0,143,0,143,0,0
807,0.002000,16.915500,0,143,0,143,0,0
808,0.001800,16.309200,0,143,0,143,0,0
809,0.002500,16.658700,0,143,0,143,0,0
810,0.002800,16.905300,0,143,0,143,0,0
811,0.001800,16.603800,0,143,0,143,0,0
812,0.358300,16.819100,1674,143,0,143,0,11
813,0.002300,16.436600,0,143,0,143,0,0
814,0.001900,16.757200,0,143,0,143,0,0
815,0.002000,16.811600,0,143,0,143,0,0
816,0.001800,16.284400,0,143,0,143,0,0
817,0.002400,16.900900,0,143,0,143,0,0
818,0.001700,16.772000,0,143,0,143,0,0
819,0.001800,16.593400,0,143,0,143,0,0
820,0.003500,17.135100,0,143,0,143,0,0
821,0.004600,17.075400,0,143,0,143,0,0
822,0.004800,16.553600,0,143,0,143,0,0
823,0.015300,17.548400,0,143,0,143,0,0
824,1.210100,17.157500,1674,142,1,143,0,11
825,0.003300,15.842700,0,142,1,143,0,0
826,0.003200,16.860100,0,142,1,143,0,0
827,0.001800,16.118700,0,142,1,143,0,0
828,0.001900,16.702800,0,142,1,143,0,0
829,0.001800,16.504600,0,142,1,143,0,0
830,0.002400,16.820900,0,142,1,143,0,0
831,0.001800,16.676800,0,142,1,143,0,0
832,0.003400,17.275400,0,142,1,143,0,0
833,0.002100,16.290000,0,142,1,143,0,0
834,0.001600,16.551700,0,142,1,143,0,0
835,0.002000,16.511000,0,142,1,143,0,0
836,0.330000,16.916900,1674,141,2,143,0,11
837,0.001800,16.702700,0,141,2,143,0,0
838,0.001600,16.538100,0,141,2,143,0,0
839,0.001900,16.734000,0,141,2,143,0,0
840,0.001700,16.826700,0,141,2,143,0,0
841,0.002500,16.295300,0,141,2,143,0,0
842,0.002700,16.828300,0,141,2,143,0,0
843,0.002100,16.666600,0,141,2,143,0,0
844,0.003000,16.979600,0,141,2,143,0,0
845,0.008100,17.110500,0,141,2,143,0,0
846,0.003900,19.276200,0,141,2,143,0,0
847,0.003500,14.392000,0,141,2,143,0,0
848,0.968400,17.815400,1674,140,3,143,0,11
849,0.004000,15.733700,0,140,3,143,0,0
850,0.003400,17.065300,0,140,3,143,0,0
851,0.002600,16.225600,0,140,3,143,0,0
852,0.004700,17.116600,0,140,3,143,0,0
853,0.003800,16.606700,0,140,3,143,0,0
854,0.003600,17.263600,0,140,3,143,0,0
855,0.004100,16.796100,0,140,3,143,0,0
856,0.004300,16.066700,0,140,3,143,0,0
857,0.004600,16.274800,0,140,3,143,0,0
858,0.002700,16.674700,0,140,3,143,0,0
859,0.003600,16.251200,0,140,3,143,0,0
860,0.464400,17.145300,1674,139,4,143,0,11
861,0.003900,17.027700,0,139,4,143,0,0
862,0.004100,16.949700,0,139,4,143,0,0
863,0.003400,16.332900,0,139,4,143,0,0
864,0.004500,16.878700,0,139,4,143,0,0
865,0.003500,16.146800,0,139,4,143,0,0
866,0.904400,17.749900,1716,143,0,143,0,11
867,0.026600,16.493800,0,143,0,143,0,0
868,0.005400,16.483000,0,143,0,143,0,0
869,0.004400,16.714400,0,143,0,143,0,0
870,0.003700,16.548000,0,143,0,143,0,0
871,0.004000,16.031800,0,143,0,143,0,0
872,1.716600,17.667000,1680,143,0,143,0,11
873,0.004700,16.425000,0,143,0,143,0,0
874,0.005500,16.710200,0,143,0,143,0,0
875,0.003900,16.819500,0,143,0,143,0,0
876,0.003800,16.146000,0,143,0,143,0,0
877,0.007100,16.308800,0,143,0,143,0,0
878,0.004300,17.630600,0,143,0,143,0,0
879,0.003300,16.302100,0,143,0,143,0,0
880,0.002700,16.695600,0,143,0,143,0,0
881,0.002000,16.325700,0,143,0,143,0,0
882,0.003000,16.904400,0,143,0,143,0,0
883,0.003200,16.267800,0,143,0,143,0,0
884,1.011300,17.321200,1680,142,1,143,0,11
885,0.003900,16.416100,0,142,1,143,0,0
886,0.005000,17.030900,0,142,1,143,0,0
887,0.004600,16.566200,0,142,1,143,0,0
888,0.004200,16.916300,0,142,1,143,0,0
889,0.004600,16.073200,0,142,1,143,0,0
890,0.003600,17.170100,0,142,1,143,0,0
891,0.003300,16.900600,0,142,1,143,0,0
892,0.003700,16.685800,0,142,1,143,0,0
893,0.004500,16.656600,0,142,1,143,0,0
894,0.004700,16.860100,0,142,1,143,0,0
895,0.004300,15.854100,0,142,1,143,0,0
896,0.962700,17.099900,1680,141,2,143,0,11
897,0.003800,16.690500,0,141,2,143,0,0
898,0.004600,16.591200,0,141,2,143,0,0
899,0.004600,16.854100,0,141,2,143,0,0
900,0.005500,16.927100,0,141,2,143,0,0
901,0.003800,15.702700,0,141,2,143,0,0
902,0.003900,18.108000,0,141,2,143,0,0
903,0.003300,15.895200,0,141,2,143,0,0
904,0.012200,16.918600,0,141,2,143,0,0
905,0.004800,16.392400,0,141,2,143,0,0
906,0.002900,16.530500,0,141,2,143,0,0
907,0.002200,16.160200,0,141,2,143,0,0
908,0.538500,17.528500,1680,140,3,143,0,11
909,0.001900,16.037400,0,140,3,143,0,0
910,0.003200,16.746400,0,140,3,143,0,0
911,0.001900,16.446100,0,140,3,143,0,0
912,0.005300,17.382900,0,140,3,143,0,0
913,0.003900,16.548400,0,140,3,143,0,0
914,0.004400,16.973700,0,140,3,143,0,0
915,0.004500,16.193500,0,140,3,143,0,0
916,0.008000,16.903800,0,140,3,143,0,0
917,0.007500,16.410900,0,140,3,143,0,0
918,0.005000,16.586500,0,140,3,143,0,0
919,0.002400,16.341600,0,140,3,143,0,0
920,0.513900,17.260000,1680,139,4,143,0,11
921,0.002900,16.345400,0,139,4,143,0,0
922,0.002800,16.676800,0,139,4,143,0,0
923,0.003200,16.681400,0,139,4,143,0,0
924,0.002400,16.841600,0,139,4,143,0,0
925,0.003200,16.069500,0,139,4,143,0,0
926,0.443600,16.967700,1716,143,0,143,0,11
927,0.002400,16.563800,0,143,0,143,0,0
928,0.008500,17.446700,0,143,0,143,0,0
929,0.001900,15.936900,0,143,0,143,0,0
930,0.002600,16.884500,0,143,0,143,0,0
931,0.004900,16.586900,0,143,0,143,0,0
932,2.533000,19.168200,1686,143,0,143,0,11
933,0.002400,14.333900,0,143,0,143,0,0
934,0.002200,16.520600,0,143,0,143,0,0
935,0.004900,16.897700,0,143,0,143,0,0
936,0.005700,18.426600,0,143,0,143,0,0
937,0.002400,14.539600,0,143,0,143,0,0
938,0.002800,17.117300,0,143,0,143,0,0
939,0.002000,16.361900,0,143,0,143,0,0
940,0.002000,16.722100,0,143,0,143,0,0
941,0.002600,16.739800,0,143,0,143,0,0
942,0.003700,16.830700,0,143,0,143,0,0
943,0.002000,16.175400,0,143,0,143,0,0
944,0.664700,17.595600,1686,142,1,143,0,11
945,0.004400,16.040800,0,142,1,143,0,0
946,0.002700,17.004000,0,142,1,143,0,0
947,0.003700,16.478800,0,142,1,143,0,0
948,0.005700,16.914800,0,142,1,143,0,0
949,0.003500,16.099200,0,142,1,143,0,0
950,0.003300,17.455600,0,142,1,143,0,0
951,0.004700,16.932500,0,142,1,143,0,0
952,0.007200,16.902100,0,142,1,143,0,0
953,0.004600,15.990000,0,142,1,143,0,0
954,0.002600,16.323000,0,142,1,143,0,0
955,0.003000,16.398600,0,142,1,143,0,0
956,1.529400,17.133400,1686,141,2,143,0,11
957,0.002800,16.342100,0,141,2,143,0,0
958,0.003900,17.311900,0,141,2,143,0,0
959,0.003900,16.367800,0,141,2,143,0,0
960,0.004400,16.870000,0,141,2,143,0,0
961,0.003400,15.960700,0,141,2,143,0,0
962,0.007700,17.154700,0,141,2,143,0,0
963,0.003200,16.776600,0,141,2,143,0,0
964,0.004000,16.868000,0,141,2,143,0,0
965,0.003500,16.681700,0,141,2,143,0,0
966,0.006600,17.939300,0,141,2,143,0,0
967,0.003600,15.342600,0,141,2,143,0,0
968,0.727800,28.617200,1686,140,3,143,0,11
969,0.002700,9.313200,0,140,3,143,0,0
970,0.004300,17.424300,0,140,3,143,0,0
971,0.002800,16.402300,0,140,3,143,0,0
972,0.003900,19.051700,0,140,3,143,0,0
973,0.002200,14.670200,0,140,3,143,0,0
974,0.003700,27.833700,0,140,3,143,0,0
975,0.004300,5.019900,0,140,3,143,0,0
976,0.119800,19.176600,0,140,3,143,0,0
977,0.003900,22.529800,0,140,3,143,0,0
978,0.664100,21.434100,1686,139,4,143,0,11
979,0.005700,16.273200,0,139,4,143,0,0
980,0.004200,17.489400,0,139,4,143,0,0
981,0.004800,19.150000,0,139,4,143,0,0
982,0.003400,33.370800,0,139,4,143,0,0
983,2.267200,48.738200,1716,143,0,143,0,11
984,0.004300,7.475500,0,143,0,143,0,0
985,0.004300,19.102000,0,143,0,143,0,0
986,1.153400,63.081900,1692,143,0,143,0,11
987,0.003200,4.054900,0,143,0,143,0,0
988,0.025200,16.945500,0,143,0,143,0,0
989,0.003300,15.591900,0,143,0,143,0,0
990,0.004900,15.830900,0,143,0,143,0,0
991,0.002700,16.861300,0,143,0,143,0,0
992,0.003400,18.101800,0,143,0,143,0,0
993,0.001900,14.846100,0,143,0,143,0,0
994,0.003200,18.231500,0,143,0,143,0,0
995,0.002200,15.118500,0,143,0,143,0,0
996,0.002500,16.696500,0,143,0,143,0,0
997,0.001900,16.708200,0,143,0,143,0,0
998,0.379500,16.816900,1692,142,1,143,0,11
999,0.001700,16.442500,0,142,1,143,0,0
1000,0.002600,17.039400,0,142,1,143,0,0
1001,0.003100,16.736000,0,142,1,143,0,0
1002,0.003200,16.103200,0,142,1,143,0,0
1003,0.005500,19.085300,0,142,1,143,0,0
1004,0.003100,14.626400,0,142,1,143,0,0
1005,0.012400,18.261100,0,142,1,143,0,0
1006,0.003400,15.659300,0,142,1,143,0,0
1007,0.018500,17.737200,0,142,1,143,0,0
1008,0.003600,16.721000,0,142,1,143,0,0
1009,0.002500,14.896900,0,142,1,143,0,0
1010,0.509300,16.767000,1692,141,2,143,0,11
1011,0.001900,16.354400,0,141,2,143,0,0
1012,0.001900,16.726100,0,141,2,143,0,0
1013,0.002500,16.777500,0,141,2,143,0,0
1014,0.002800,16.562600,0,141,2,143,0,0
1015,0.002000,16.887100,0,141,2,143,0,0
1016,0.002600,16.449400,0,141,2,143,0,0
1017,0.004300,17.306000,0,141,2,143,0,0
1018,0.004700,17.792500,0,141,2,143,0,0
1019,0.003100,15.296300,0,141,2,143,0,0
1020,0.004200,16.358900,0,141,2,143,0,0
1021,0.002800,17.029800,0,141,2,143,0,0
1022,0.466900,17.964100,1692,140,3,143,0,11
1023,0.002200,15.310500,0,140,3,143,0,0
1024,0.002100,17.163700,0,140,3,143,0,0
1025,0.003900,17.020100,0,140,3,143,0,0
1026,0.003400,16.310400,0,140,3,143,0,0
1027,0.002400,16.099800,0,140,3,143,0,0
1028,0.006000,19.065800,0,140,3,143,0,0
1029,0.002600,14.494500,0,140,3,143,0,0
1030,0.002100,16.530800,0,140,3,143,0,0
1031,0.002500,16.652100,0,140,3,143,0,0
1032,0.002500,16.502900,0,140,3,143,0,0
1033,0.003300,16.996700,0,140,3,143,0,0
1034,0.404800,16.726300,1692,139,4,143,0,11
1035,0.002200,17.061800,0,139,4,143,0,0
1036,0.003600,16.363200,0,139,4,143,0,0
1037,0.003300,17.038300,0,139,4,143,0,0
1038,0.005600,16.314600,0,139,4,143,0,0
1039,0.002900,16.895900,0,139,4,143,0,0
1040,0.004800,17.448600,0,139,4,143,0,0
1041,0.003300,15.820800,0,139,4,143,0,0
1042,0.004000,16.945400,0,139,4,143,0,0
1043,0.003800,16.793900,0,139,4,143,0,0
1044,0.898800,16.485100,1716,143,0,143,0,11
1045,0.003300,16.633600,0,143,0,143,0,0
1046,1.570000,16.691800,1698,143,0,143,0,11
1047,0.003800,16.665000,0,143,0,143,0,0
1048,0.003900,16.740200,0,143,0,143,0,0
1049,0.003300,16.576300,0,143,0,143,0,0
1050,0.004000,16.435600,0,143,0,143,0,0
1051,0.005700,18.042900,0,143,0,143,0,0
1052,0.005900,17.832900,0,143,0,143,0,0
1053,0.003700,14.664200,0,143,0,143,0,0
1054,0.003500,16.502400,0,143,0,143,0,0
1055,0.002900,16.597200,0,143,0,143,0,0
1056,0.003000,16.362700,0,143,0,143,0,0
1057,0.003400,16.837200,0,143,0,143,0,0
1058,0.628600,16.865200,1698,142,1,143,0,11
1059,0.004700,16.776100,0,142,1,143,0,0
1060,0.004900,16.824700,0,142,1,143,0,0
1061,0.002400,16.273600,0,142,1,143,0,0
1062,0.004400,16.616400,0,142,1,143,0,0
1063,0.002900,16.607500,0,142,1,143,0,0
1064,0.001700,16.670600,0,142,1,143,0,0
1065,0.003300,16.704400,0,142,1,143,0,0
1066,0.002000,16.611700,0,142,1,143,0,0
1067,0.002300,16.844600,0,142,1,143,0,0
1068,0.002400,16.331900,0,142,1,143,0,0
1069,0.003500,17.086500,0,142,1,143,0,0
1070,0.709500,16.472800,1698,141,2,143,0,11
1071,0.001900,16.701000,0,141,2,143,0,0
1072,0.003200,16.749300,0,141,2,143,0,0
1073,0.003300,34.284800,0,141,2,143,0,0
1074,0.004400,6.959600,0,141,2,143,0,0
1075,0.003400,16.894900,0,141,2,143,0,0
1076,0.005000,16.961400,0,141,2,143,0,0
1077,0.003400,15.880800,0,141,2,143,0,0
1078,0.007700,18.120800,0,141,2,143,0,0
1079,0.004700,16.221900,0,141,2,143,0,0
1080,0.001900,16.346300,0,141,2,143,0,0
1081,0.352800,16.882700,1698,140,3,143,0,11
1082,0.002000,16.771000,0,140,3,143,0,0
1083,0.001900,16.483000,0,140,3,143,0,0
1084,0.001900,16.750900,0,140,3,143,0,0
1085,0.002400,16.710200,0,140,3,143,0,0
1086,0.001900,16.688300,0,140,3,143,0,0
1087,0.003400,16.952800,0,140,3,143,0,0
1088,0.003600,17.209300,0,140,3,143,0,0
1089,0.003500,15.988500,0,140,3,143,0,0
1090,0.004500,16.911800,0,140,3,143,0,0
1091,0.002800,16.251200,0,140,3,143,0,0
1092,0.002000,16.633500,0,140,3,143,0,0
1093,0.402200,16.684700,1698,139,4,143,0,11
1094,0.002000,16.672400,0,139,4,143,0,0
1095,0.002300,16.478600,0,139,4,143,0,0
1096,0.001900,16.850200,0,139,4,143,0,0
1097,0.004100,17.170500,0,139,4,143,0,0
1098,0.002300,16.268600,0,139,4,143,0,0
1099,0.002100,16.536300,0,139,4,143,0,0
1100,0.002000,16.745000,0,139,4,143,0,0
1101,0.003000,16.596200,0,139,4,143,0,0
1102,0.002300,16.721100,0,139,4,143,0,0
1103,0.002300,16.788700,0,139,4,143,0,0
1104,0.003000,16.778100,0,139,4,143,0,0
1105,0.384800,16.427300,1698,138,5,143,0,11
1106,0.002400,17.102000,0,138,5,143,0,0
1107,0.002100,16.106800,0,138,5,143,0,0
1108,0.002400,16.911900,0,138,5,143,0,0
1109,0.002200,16.553300,0,138,5,143,0,0
1110,0.002700,16.835300,0,138,5,143,0,0
1111,0.002200,16.628400,0,138,5,143,0,0
1112,0.004500,19.179800,0,138,5,143,0,0
1113,0.970000,15.438400,1716,143,0,143,0,11
1114,0.004500,17.522100,0,143,0,143,0,0
1115,0.005300,16.307700,0,143,0,143,0,0
1116,0.003000,16.827100,0,143,0,143,0,0
1117,0.478700,16.190700,1770,143,0,143,0,11
1118,0.004800,17.071700,0,143,0,143,0,0
1119,0.004600,16.284400,0,143,0,143,0,0
1120,0.003700,17.583400,0,143,0,143,0,0
1121,0.003500,16.126500,0,143,0,143,0,0
1122,0.003900,16.948900,0,143,0,143,0,0
1123,0.005100,16.836500,0,143,0,143,0,0
1124,0.003900,16.737900,0,143,0,143,0,0
1125,0.007900,17.165800,0,143,0,143,0,0
1126,0.005500,15.805100,0,143,0,143,0,0
1127,0.005700,17.360300,0,143,0,143,0,0
1128,0.003600,16.773300,0,143,0,143,0,0
1129,1.695400,17.167500,1770,142,1,143,0,11
1130,0.003200,15.625400,0,142,1,143,0,0
1131,0.002800,16.699900,0,142,1,143,0,0
1132,0.002300,16.180700,0,142,1,143,0,0
1133,0.002200,17.269300,0,142,1,143,0,0
1134,0.003300,16.567700,0,142,1,143,0,0
1135,0.004100,17.119400,0,142,1,143,0,0
1136,0.003800,16.522700,0,142,1,143,0,0
1137,0.004600,16.772500,0,142,1,143,0,0
1138,0.004500,17.375900,0,142,1,143,0,0
1139,0.005600,17.320800,0,142,1,143,0,0
1140,0.003100,16.407900,0,142,1,143,0,0
1141,1.158400,20.012000,1770,141,2,143,0,11
1142,0.005200,13.320900,0,141,2,143,0,0
1143,0.005300,17.195100,0,141,2,143,0,0
1144,0.002100,15.633500,0,141,2,143,0,0
1145,0.031500,17.207300,0,141,2,143,0,0
1146,0.003500,16.511300,0,141,2,143,0,0
1147,0.004600,16.785700,0,141,2,143,0,0
1148,0.004300,17.161700,0,141,2,143,0,0
1149,0.006300,16.421100,0,141,2,143,0,0
1150,0.004600,16.146500,0,141,2,143,0,0
1151,0.025900,17.316100,0,141,2,143,0,0
1152,0.004000,16.254700,0,141,2,143,0,0
1153,0.400500,16.436600,1770,140,3,143,0,11
1154,0.005000,16.935900,0,140,3,143,0,0
1155,0.003200,16.733400,0,140,3,143,0,0
1156,0.002400,16.178200,0,140,3,143,0,0
1157,0.003800,17.267600,0,140,3,143,0,0
1158,0.003500,16.284500,0,140,3,143,0,0
1159,0.004100,19.382500,0,140,3,143,0,0
1160,0.005500,14.229000,0,140,3,143,0,0
1161,0.004900,16.779700,0,140,3,143,0,0
1162,0.003200,16.314300,0,140,3,143,0,0
1163,0.005100,16.787200,0,140,3,143,0,0
1164,0.003100,16.663800,0,140,3,143,0,0
1165,0.691600,16.939300,1770,139,4,143,0,11
1166,0.002700,16.418300,0,139,4,143,0,0
1167,0.004500,19.052100,0,139,4,143,0,0
1168,0.006300,16.723000,0,139,4,143,0,0
1169,0.004100,16.461100,0,139,4,143,0,0
1170,0.004700,16.168600,0,139,4,143,0,0
1171,0.003900,16.662200,0,139,4,143,0,0
1172,0.003800,16.551000,0,139,4,143,0,0
1173,0.003700,18.274000,0,139,4,143,0,0
1174,0.019400,16.423600,0,139,4,143,0,0
1175,0.002800,14.922600,0,139,4,143,0,0
1176,0.003000,17.153400,0,139,4,143,0,0
1177,0.389700,18.461800,1770,138,5,143,0,11
1178,0.003600,15.923800,0,138,5,143,0,0
1179,0.006100,16.674800,0,138,5,143,0,0
1180,0.002000,15.357700,0,138,5,143,0,0
1181,0.005300,16.530100,0,138,5,143,0,0
1182,0.003700,17.560500,0,138,5,143,0,0
1183,0.002100,15.977400,0,138,5,143,0,0
1184,0.002200,16.963700,0,138,5,143,0,0
1185,0.004800,16.489400,0,138,5,143,0,0
1186,0.003900,16.678100,0,138,5,143,0,0
1187,0.002400,16.736200,0,138,5,143,0,0
1188,0.003000,16.611900,0,138,5,143,0,0
1189,0.715800,16.614300,1770,137,6,143,0,11
1190,0.003100,17.102600,0,137,6,143,0,0
1191,0.004400,16.867500,0,137,6,143,0,0
1192,0.004900,16.237800,0,137,6,143,0,0
1193,0.004300,16.936400,0,137,6,143,0,0
1194,0.002100,16.703400,0,137,6,143,0,0
1195,0.001600,16.170600,0,137,6,143,0,0
1196,0.001800,16.571500,0,137,6,143,0,0
1197,0.003400,17.478300,0,137,6,143,0,0
1198,0.952900,16.216700,1824,143,0,143,0,11
1199,0.003400,16.363300,0,143,0,143,0,0
1200,0.004600,19.131400,0,143,0,143,0,0
1201,0.569900,14.302600,1782,143,0,143,0,11
1202,0.003800,16.868500,0,143,0,143,0,0
1203,0.002300,16.727500,0,143,0,143,0,0
1204,0.002600,16.344400,0,143,0,143,0,0
1205,0.003100,17.638400,0,143,0,143,0,0
1206,0.004700,16.954700,0,143,0,143,0,0
1207,0.002700,16.719300,0,143,0,143,0,0
1208,0.001600,16.588600,0,143,0,143,0,0
1209,0.001800,16.771800,0,143,0,143,0,0
1210,0.003500,16.484800,0,143,0,143,0,0
1211,0.005300,16.461400,0,143,0,143,0,0
1212,0.002100,16.596700,0,143,0,143,0,0
1213,0.408600,16.696200,1782,142,1,143,0,11
1214,0.003100,17.941000,0,142,1,143,0,0
1215,0.002200,15.661200,0,142,1,143,0,0
1216,0.002800,16.638900,0,142,1,143,0,0
1217,0.005000,16.561300,0,142,1,143,0,0
1218,0.002600,16.691000,0,142,1,143,0,0
1219,0.007500,17.316000,0,142,1,143,0,0
1220,0.003500,16.051900,0,142,1,143,0,0
1221,0.002400,16.908500,0,142,1,143,0,0
1222,0.003100,16.319900,0,142,1,143,0,0
1223,0.002200,16.462800,0,142,1,143,0,0
1224,0.003200,16.937000,0,142,1,143,0,0
1225,0.544200,16.931400,1782,141,2,143,0,11
1226,0.001900,16.291900,0,141,2,143,0,0
1227,0.002200,16.844000,0,141,2,143,0,0
1228,0.002000,16.510100,0,141,2,143,0,0
1229,0.002900,16.995900,0,141,2,143,0,0
1230,0.002600,16.578900,0,141,2,143,0,0
1231,0.003200,16.733300,0,141,2,143,0,0
1232,0.003200,16.628600,0,141,2,143,0,0
1233,0.003700,16.753500,0,141,2,143,0,0
1234,0.002300,16.570600,0,141,2,143,0,0
1235,0.006500,16.510400,0,141,2,143,0,0
1236,0.002300,17.671700,0,141,2,143,0,0
1237,0.347900,16.134300,1782,140,3,143,0,11
1238,0.003700,18.014900,0,140,3,143,0,0
1239,0.001900,14.873400,0,140,3,143,0,0
1240,0.004000,17.037700,0,140,3,143,0,0
1241,0.003400,16.372400,0,140,3,143,0,0
1242,0.002600,16.618800,0,140,3,143,0,0
1243,0.003000,17.940200,0,140,3,143,0,0
1244,0.001900,15.360900,0,140,3,143,0,0
1245,0.002000,16.747700,0,140,3,143,0,0
1246,0.002500,16.633300,0,140,3,143,0,0
1247,0.002300,17.126100,0,140,3,143,0,0
1248,0.001800,17.010600,0,140,3,143,0,0
1249,0.698000,16.264800,1782,139,4,143,0,11
1250,0.002600,16.352400,0,139,4,143,0,0
1251,0.004300,16.904600,0,139,4,143,0,0
1252,0.003000,16.892100,0,139,4,143,0,0
1253,0.002300,16.572500,0,139,4,143,0,0
1254,0.028900,17.359600,0,139,4,143,0,0
1255,0.002400,15.863600,0,139,4,143,0,0
1256,0.004600,17.091900,0,139,4,143,0,0
1257,0.002400,17.949300,0,139,4,143,0,0
1258,0.001900,15.716000,0,139,4,143,0,0
1259,0.021700,16.510100,0,139,4,143,0,0
1260,0.003100,17.875800,0,139,4,143,0,0
1261,0.399800,15.129600,1782,138,5,143,0,11
1262,0.007600,17.064700,0,138,5,143,0,0
1263,0.003800,16.749800,0,138,5,143,0,0
1264,0.002900,17.521000,0,138,5,143,0,0
1265,0.002000,15.047900,0,138,5,143,0,0
1266,0.004200,17.988700,0,138,5,143,0,0
1267,0.002800,16.341400,0,138,5,143,0,0
1268,0.002100,16.824600,0,138,5,143,0,0
1269,0.001900,15.744300,0,138,5,143,0,0
1270,0.002500,16.748400,0,138,5,143,0,0
1271,0.003800,16.627700,0,138,5,143,0,0
1272,0.005000,17.992300,0,138,5,143,0,0
1273,0.890300,16.628600,1782,137,6,143,0,11
1274,0.003200,16.477600,0,137,6,143,0,0
1275,0.003000,16.529000,0,137,6,143,0,0
1276,0.005800,16.967100,0,137,6,143,0,0
1277,0.002200,16.090300,0,137,6,143,0,0
1278,0.002300,16.703600,0,137,6,143,0,0
1279,0.002100,16.666100,0,137,6,143,0,0
1280,0.002400,16.968700,0,137,6,143,0,0
1281,0.002100,16.422400,0,137,6,143,0,0
1282,0.004000,18.770900,0,137,6,143,0,0
1283,0.004500,15.237500,0,137,6,143,0,0
1284,0.004100,16.340000,0,137,6,143,0,0
1285,1.193500,19.023300,1782,136,7,143,0,11
1286,0.002400,14.203400,0,136,7,143,0,0
1287,0.003100,16.518200,0,136,7,143,0,0
1288,0.001900,16.628600,0,136,7,143,0,0
1289,0.003200,16.582800,0,136,7,143,0,0
1290,0.003900,17.120400,0,136,7,143,0,0
1291,0.004300,16.963500,0,136,7,143,0,0
1292,0.002200,16.395500,0,136,7,143,0,0
1293,0.005900,17.972400,0,136,7,143,0,0
1294,0.002500,15.358200,0,136,7,143,0,0
1295,0.005900,17.839200,0,136,7,143,0,0
1296,0.002700,15.608100,0,136,7,143,0,0
1297,0.752200,16.866700,1782,135,8,143,0,11
1298,0.003200,16.691500,0,135,8,143,0,0
1299,0.002000,16.554300,0,135,8,143,0,0
1300,0.004300,17.040200,0,135,8,143,0,0
1301,0.002100,16.332400,0,135,8,143,0,0
1302,0.002500,16.579000,0,135,8,143,0,0
1303,0.004500,17.002700,0,135,8,143,0,0
1304,0.004100,17.110900,0,135,8,143,0,0
1305,0.004600,16.545500,0,135,8,143,0,0
1306,0.005400,17.180900,0,135,8,143,0,0
1307,0.003900,17.212700,0,135,8,143,0,0
1308,0.002300,15.114900,0,135,8,143,0,0
1309,0.917700,17.732300,1782,134,9,143,0,11
1310,0.003900,16.368000,0,134,9,143,0,0
1311,0.002900,16.719800,0,134,9,143,0,0
1312,0.002800,16.185300,0,134,9,143,0,0
1313,0.004300,17.166700,0,134,9,143,0,0
1314,0.004700,16.053400,0,134,9,143,0,0
1315,0.004300,17.654000,0,134,9,143,0,0
1316,0.004200,16.390500,0,134,9,143,0,0
1317,0.005400,16.948000,0,134,9,143,0,0
1318,0.004800,17.209100,0,134,9,143,0,0
1319,0.004400,18.503200,0,134,9,143,0,0
1320,0.006300,13.511700,0,134,9,143,0,0
1321,1.552800,20.817500,1782,133,10,143,0,11
1322,0.002900,12.808400,0,133,10,143,0,0
1323,0.004600,16.983300,0,133,10,143,0,0
1324,0.002000,16.295800,0,133,10,143,0,0
1325,0.003500,16.564000,0,133,10,143,0,0
1326,0.020500,16.264300,0,133,10,143,0,0
1327,0.004900,17.074600,0,133,10,143,0,0
1328,0.002900,17.041600,0,133,10,143,0,0
1329,0.003000,16.234600,0,133,10,143,0,0
1330,0.003300,16.692400,0,133,10,143,0,0
1331,0.003400,16.988200,0,133,10,143,0,0
1332,0.004200,16.276600,0,133,10,143,0,0
1333,1.270500,17.185600,1782,132,11,143,0,11
1334,0.004200,16.662500,0,132,11,143,0,0
1335,0.003800,16.914900,0,132,11,143,0,0
1336,0.003900,16.374600,0,132,11,143,0,0
1337,0.004200,16.697500,0,132,11,143,0,0
1338,0.004000,16.139800,0,132,11,143,0,0
1339,0.004300,17.023000,0,132,11,143,0,0
1340,0.002700,16.395700,0,132,11,143,0,0
1341,0.008100,17.596700,0,132,11,143,0,0
1342,0.003400,16.145300,0,132,11,143,0,0
1343,0.004200,17.020200,0,132,11,143,0,0
1344,0.003900,15.888700,0,132,11,143,0,0
1345,0.652000,17.480700,1782,132,11,143,0,11
1346,0.006400,16.321300,0,132,11,143,0,0
1347,0.007100,18.041700,0,132,11,143,0,0
1348,0.003600,15.382700,0,132,11,143,0,0
1349,0.005800,17.443900,0,132,11,143,0,0
1350,0.002800,15.361800,0,132,11,143,0,0
1351,0.003700,17.153800,0,132,11,143,0,0
1352,0.002400,16.521800,0,132,11,143,0,0
1353,0.005800,17.081500,0,132,11,143,0,0
1354,0.002400,16.332900,0,132,11,143,0,0
1355,0.005200,17.408500,0,132,11,143,0,0
1356,0.002600,15.756000,0,132,11,143,0,0
1357,0.626300,16.986700,1782,132,11,143,0,11
1358,0.002900,16.643300,0,132,11,143,0,0
1359,0.002500,16.737700,0,132,11,143,0,0
1360,0.004000,16.595300,0,132,11,143,0,0
1361,0.002900,16.557700,0,132,11,143,0,0
1362,0.005100,16.515800,0,132,11,143,0,0
1363,0.003100,17.012100,0,132,11,143,0,0
1364,0.004000,16.770000,0,132,11,143,0,0
1365,0.003600,16.518000,0,132,11,143,0,0
1366,0.002900,16.839800,0,132,11,143,0,0
1367,0.004500,17.000200,0,132,11,143,0,0
1368,0.004700,16.081900,0,132,11,143,0,0
1369,1.348200,17.079100,1782,132,11,143,0,11
1370,0.003600,16.573800,0,132,11,143,0,0
1371,0.003200,16.637200,0,132,11,143,0,0
1372,0.005600,16.921800,0,132,11,143,0,0
1373,0.003300,16.459300,0,132,11,143,0,0
1374,0.003500,16.148100,0,132,11,143,0,0
1375,0.003900,17.398900,0,132,11,143,0,0
1376,0.006300,16.258200,0,132,11,143,0,0
1377,0.003500,16.613900,0,132,11,143,0,0
1378,0.003500,18.303100,0,132,11,143,0,0
1379,0.002100,15.305600,0,132,11,143,0,0
1380,0.003500,16.379700,0,132,11,143,0,0
1381,0.421100,16.942500,1782,132,11,143,0,11
1382,0.004700,17.924800,0,132,11,143,0,0
1383,0.006100,17.397200,0,132,11,143,0,0
1384,0.005100,15.558900,0,132,11,143,0,0
1385,0.011200,17.263600,0,132,11,143,0,0
1386,0.004200,15.684900,0,132,11,143,0,0
1387,0.005500,17.463000,0,132,11,143,0,0
1388,0.003500,16.573900,0,132,11,143,0,0
1389,0.003700,16.534700,0,132,11,143,0,0
1390,0.005700,18.493400,0,132,11,143,0,0
1391,0.003800,16.128100,0,132,11,143,0,0
1392,0.610200,17.662400,1782,132,11,143,0,11
1393,0.006700,17.406000,0,132,11,143,0,0
1394,0.004600,16.922600,0,132,11,143,0,0
1395,0.006700,18.426000,0,132,11,143,0,0
1396,0.008000,16.280700,0,132,11,143,0,0
1397,0.004500,22.065400,0,132,11,143,0,0
1398,0.003900,9.885600,0,132,11,143,0,0
1399,0.005200,16.048600,0,132,11,143,0,0
1400,0.003300,19.766200,0,132,11,143,0,0
1401,0.006200,16.444700,0,132,11,143,0,0
1402,0.003400,16.051800,0,132,11,143,0,0
1403,0.002600,16.745300,0,132,11,143,0,0
1404,0.327000,16.573400,1782,132,11,143,0,11
1405,0.002700,16.886300,0,132,11,143,0,0
1406,0.002000,16.262400,0,132,11,143,0,0
1407,0.003900,17.066800,0,132,11,143,0,0
1408,0.001900,16.395100,0,132,11,143,0,0
1409,0.001900,17.022400,0,132,11,143,0,0
1410,0.001900,16.509600,0,132,11,143,0,0
1411,0.002400,16.499700,0,132,11,143,0,0
1412,0.002600,16.552000,0,132,11,143,0,0
1413,0.001800,16.825100,0,132,11,143,0,0
1414,0.003600,17.177600,0,132,11,143,0,0
1415,0.004000,16.812500,0,132,11,143,0,0
1416,1.660800,16.531100,1782,132,11,143,0,11
1417,0.004800,17.237100,0,132,11,143,0,0
1418,0.007900,15.944300,0,132,11,143,0,0
1419,0.003300,16.455200,0,132,11,143,0,0
1420,0.003900,16.736100,0,132,11,143,0,0
1421,0.002100,16.541500,0,132,11,143,0,0
1422,0.002700,16.634400,0,132,11,143,0,0
1423,0.002200,16.609200,0,132,11,143,0,0
1424,0.005600,16.546900,0,132,11,143,0,0
1425,0.002400,16.754500,0,132,11,143,0,0
1426,0.001900,16.794400,0,132,11,143,0,0
1427,0.002200,16.826300,0,132,11,143,0,0
1428,0.653000,16.686100,1782,132,11,143,0,11
1429,0.003200,16.617200,0,132,11,143,0,0
1430,0.003700,16.502000,0,132,11,143,0,0
1431,0.003600,16.968900,0,132,11,143,0,0
1432,0.001600,17.106800,0,132,11,143,0,0
1433,0.001800,16.303100,0,132,11,143,0,0
1434,0.001800,16.690600,0,132,11,143,0,0
1435,0.001700,16.707300,0,132,11,143,0,0
1436,0.004700,17.013800,0,132,11,143,0,0
1437,0.003700,17.073700,0,132,11,143,0,0
1438,0.003100,16.194100,0,132,11,143,0,0
1439,0.007100,17.587500,0,132,11,143,0,0
1440,0.664800,16.270200,1782,132,11,143,0,11
1441,0.003900,17.536600,0,132,11,143,0,0
1442,0.001800,14.779100,0,132,11,143,0,0
1443,0.001700,16.858700,0,132,11,143,0,0
1444,0.001600,16.912100,0,132,11,143,0,0
1445,0.003100,16.952600,0,132,11,143,0,0
1446,0.003900,16.648300,0,132,11,143,0,0
1447,0.005300,16.931200,0,132,11,143,0,0
1448,0.005500,16.915300,0,132,11,143,0,0
1449,0.004900,16.874100,0,132,11,143,0,0
1450,0.002700,15.734900,0,132,11,143,0,0
1451,0.002300,16.623900,0,132,11,143,0,0
1452,0.958600,17.252100,1782,132,11,143,0,11
1453,0.004300,16.640900,0,132,11,143,0,0
1454,0.004000,16.461100,0,132,11,143,0,0
1455,0.005300,17.382900,0,132,11,143,0,0
1456,0.004300,16.576800,0,132,11,143,0,0
1457,0.004900,16.714800,0,132,11,143,0,0
1458,0.004400,16.737300,0,132,11,143,0,0
1459,0.005100,16.744200,0,132,11,143,0,0
1460,0.004000,15.989600,0,132,11,143,0,0
1461,0.005300,17.568600,0,132,11,143,0,0
1462,0.004600,16.875000,0,132,11,143,0,0
1463,0.004200,16.885000,0,132,11,143,0,0
1464,1.515800,15.882100,1782,132,11,143,0,11
1465,0.002300,18.953000,0,132,11,143,0,0
1466,0.003600,13.566200,0,132,11,143,0,0
1467,0.002400,17.129200,0,132,11,143,0,0
1468,0.004400,16.474800,0,132,11,143,0,0
1469,0.004300,16.926200,0,132,11,143,0,0
1470,0.004900,16.846800,0,132,11,143,0,0
1471,0.004300,16.660500,0,132,11,143,0,0
1472,0.003900,16.110700,0,132,11,143,0,0
1473,0.005400,17.394300,0,132,11,143,0,0
1474,0.005400,16.688300,0,132,11,143,0,0
1475,0.004900,18.220700,0,132,11,143,0,0
1476,1.078500,15.674000,1782,132,11,143,0,11
1477,0.006900,16.382600,0,132,11,143,0,0
1478,0.004500,16.126700,0,132,11,143,0,0
1479,0.003400,16.947200,0,132,11,143,0,0
1480,0.003600,16.804100,0,132,11,143,0,0
1481,0.003700,16.996400,0,132,11,143,0,0
1482,0.006000,16.453000,0,132,11,143,0,0
1483,0.003800,16.539800,0,132,11,143,0,0
1484,0.003100,16.528700,0,132,11,143,0,0
1485,0.002600,17.009300,0,132,11,143,0,0
1486,0.003200,16.668800,0,132,11,143,0,0
1487,0.003800,16.773300,0,132,11,143,0,0
1488,1.342300,16.860700,1782,132,11,143,0,11
1489,0.003500,16.878200,0,132,11,143,0,0
1490,0.005100,16.058800,0,132,11,143,0,0
1491,0.003500,17.002400,0,132,11,143,0,0
1492,0.005300,16.907800,0,132,11,143,0,0
1493,0.003900,16.525000,0,132,11,143,0,0
1494,0.006300,16.979000,0,132,11,143,0,0
1495,0.003900,16.540200,0,132,11,143,0,0
1496,0.003800,15.996800,0,132,11,143,0,0
1497,0.003300,16.988400,0,132,11,143,0,0
1498,0.003800,19.395200,0,132,11,143,0,0
1499,0.005000,13.852500,0,132,11,143,0,0
1500,0.473900,16.902400,1782,132,11,143,0,11
1501,0.002900,16.241400,0,132,11,143,0,0
1502,0.003800,16.867200,0,132,11,143,0,0
1503,0.003500,16.469000,0,132,11,143,0,0
1504,0.003000,16.745300,0,132,11,143,0,0
1505,0.002300,16.551600,0,132,11,143,0,0
1506,0.002200,16.824700,0,132,11,143,0,0
1507,0.004400,17.007600,0,132,11,143,0,0
1508,0.003100,17.067800,0,132,11,143,0,0
1509,0.004300,15.853200,0,132,11,143,0,0
1510,0.005200,17.194800,0,132,11,143,0,0
1511,0.004300,16.608300,0,132,11,143,0,0
1512,1.165100,16.643100,1782,132,11,143,0,11
1513,0.003500,16.838900,0,132,11,143,0,0
1514,0.003600,16.604100,0,132,11,143,0,0
1515,0.004800,16.133900,0,132,11,143,0,0
1516,0.005100,17.478800,0,132,11,143,0,0
1517,0.003700,16.310700,0,132,11,143,0,0
1518,0.003800,16.542100,0,132,11,143,0,0
1519,0.003100,17.011400,0,132,11,143,0,0
1520,0.002400,16.354100,0,132,11,143,0,0
1521,0.004600,16.396600,0,132,11,143,0,0
1522,0.005300,17.348800,0,132,11,143,0,0
1523,0.005600,17.282000,0,132,11,143,0,0
1524,1.253500,18.364900,1782,132,11,143,0,11
1525,0.002000,15.137100,0,132,11,143,0,0
1526,0.018900,17.392700,0,132,11,143,0,0
1527,0.003400,16.026300,0,132,11,143,0,0
1528,0.017300,18.172400,0,132,11,143,0,0
1529,0.003200,15.618600,0,132,11,143,0,0
1530,0.018100,17.465700,0,132,11,143,0,0
1531,0.003100,15.861900,0,132,11,143,0,0
1532,0.004000,16.931100,0,132,11,143,0,0
1533,0.004100,16.139900,0,132,11,143,0,0
1534,0.011100,17.275800,0,132,11,143,0,0
1535,0.004000,16.996500,0,132,11,143,0,0
1536,0.456100,17.742900,1782,132,11,143,0,11
1537,0.002000,14.902600,0,132,11,143,0,0
1538,0.018100,17.996300,0,132,11,143,0,0
1539,0.003800,15.292000,0,132,11,143,0,0
1540,0.015600,18.432600,0,132,11,143,0,0
1541,0.003500,15.613800,0,132,11,143,0,0
1542,0.016900,17.311100,0,132,11,143,0,0
1543,0.003700,15.800300,0,132,11,143,0,0
1544,0.003400,16.778300,0,132,11,143,0,0
1545,0.003500,16.113200,0,132,11,143,0,0
1546,0.003800,19.968600,0,132,11,143,0,0
1547,0.004700,15.807100,0,132,11,143,0,0
1548,0.653400,16.720300,1782,132,11,143,0,11
1549,0.003000,16.185700,0,132,11,143,0,0
1550,0.002000,16.921900,0,132,11,143,0,0
1551,0.002000,16.369800,0,132,11,143,0,0
1552,0.002500,16.776000,0,132,11,143,0,0
1553,0.003500,16.799500,0,132,11,143,0,0
1554,0.001900,17.801900,0,132,11,143,0,0
1555,0.003900,15.753500,0,132,11,143,0,0
1556,0.005400,18.194400,0,132,11,143,0,0
1557,0.004700,15.155300,0,132,11,143,0,0
1558,0.003800,16.646000,0,132,11,143,0,0
1559,0.001800,16.689500,0,132,11,143,0,0
1560,0.477400,17.946500,1782,132,11,143,0,11
1561,0.001700,15.378500,0,132,11,143,0,0
1562,0.002300,16.740700,0,132,11,143,0,0
1563,0.003600,16.820100,0,132,11,143,0,0
1564,0.004700,16.935900,0,132,11,143,0,0
1565,0.003800,16.647900,0,132,11,143,0,0
1566,0.003000,16.905100,0,132,11,143,0,0
1567,0.004700,16.813500,0,132,11,143,0,0
1568,0.005000,18.242800,0,132,11,143,0,0
1569,0.003800,14.835400,0,132,11,143,0,0
1570,0.003700,17.074500,0,132,11,143,0,0
1571,0.003200,16.208600,0,132,11,143,0,0
1572,1.739000,17.551700,1782,132,11,143,0,11
1573,0.004200,15.946900,0,132,11,143,0,0
1574,0.002600,16.649300,0,132,11,143,0,0
1575,0.001800,16.216500,0,132,11,143,0,0
1576,0.001900,16.534100,0,132,11,143,0,0
1577,0.001700,16.869400,0,132,11,143,0,0
1578,0.001700,16.753000,0,132,11,143,0,0
1579,0.001800,16.545500,0,132,11,143,0,0
1580,0.002200,16.665200,0,132,11,143,0,0
1581,0.002500,16.669900,0,132,11,143,0,0
1582,0.002000,16.624600,0,132,11,143,0,0
1583,0.368800,16.965600,1716,143,0,143,0,11
1584,2.045200,18.329000,1770,143,0,143,0,11
1585,0.003700,15.346500,0,143,0,143,0,0
1586,0.003400,16.936400,0,143,0,143,0,0
1587,0.003700,16.526600,0,143,0,143,0,0
1588,0.005400,16.962600,0,143,0,143,0,0
1589,0.004600,16.627900,0,143,0,143,0,0
1590,0.003300,17.693900,0,143,0,143,0,0
1591,0.003900,16.225000,0,143,0,143,0,0
1592,0.003900,16.786200,0,143,0,143,0,0
1593,0.002200,15.975000,0,143,0,143,0,0
1594,0.004800,17.332000,0,143,0,143,0,0
1595,0.003800,16.451400,0,143,0,143,0,0
1596,1.159200,16.735400,1770,142,1,143,0,11
1597,0.003000,16.422800,0,142,1,143,0,0
1598,0.003500,16.914800,0,142,1,143,0,0
1599,0.003400,16.680900,0,142,1,143,0,0
1600,0.004100,16.179000,0,142,1,143,0,0
1601,0.003300,16.958900,0,142,1,143,0,0
1602,0.004300,17.063800,0,142,1,143,0,0
1603,0.003400,16.511500,0,142,1,143,0,0
1604,0.003700,16.769000,0,142,1,143,0,0
1605,0.003600,16.472200,0,142,1,143,0,0
1606,0.003500,16.272900,0,142,1,143,0,0
1607,0.004500,17.040500,0,142,1,143,0,0
1608,3.206600,17.042600,1770,141,2,143,0,11
1609,0.004600,16.576200,0,141,2,143,0,0
1610,0.003900,16.649300,0,141,2,143,0,0
1611,0.004100,16.687100,0,141,2,143,0,0
1612,0.004000,16.086700,0,141,2,143,0,0
1613,0.002100,17.097700,0,141,2,143,0,0
1614,0.002700,16.250900,0,141,2,143,0,0
1615,0.001600,16.702500,0,141,2,143,0,0
1616,0.001900,16.642800,0,141,2,143,0,0
1617,0.003700,17.092800,0,141,2,143,0,0
1618,0.002100,16.034500,0,141,2,143,0,0
1619,0.001900,17.041300,0,141,2,143,0,0
1620,0.327200,16.496300,1770,140,3,143,0,11
1621,0.002500,16.856900,0,140,3,143,0,0
1622,0.002200,16.808900,0,140,3,143,0,0
1623,0.003600,16.660500,0,140,3,143,0,0
1624,0.003500,16.473300,0,140,3,143,0,0
1625,0.002900,16.702800,0,140,3,143,0,0
1626,0.002700,16.792100,0,140,3,143,0,0
1627,0.003100,16.704700,0,140,3,143,0,0
1628,0.002500,17.025700,0,140,3,143,0,0
1629,0.002200,16.006100,0,140,3,143,0,0
1630,0.003100,16.560400,0,140,3,143,0,0
1631,0.003400,16.994800,0,140,3,143,0,0
1632,1.469200,17.109000,1770,139,4,143,0,11
1633,0.098600,16.856300,0,139,4,143,0,0
1634,0.006500,16.970200,0,139,4,143,0,0
1635,0.003500,16.038500,0,139,4,143,0,0
1636,0.004900,16.417000,0,139,4,143,0,0
1637,0.003600,16.926400,0,139,4,143,0,0
1638,0.003200,16.667200,0,139,4,143,0,0
1639,0.003100,16.536300,0,139,4,143,0,0
1640,0.003300,16.569500,0,139,4,143,0,0
1641,0.003300,16.770900,0,139,4,143,0,0
1642,0.003700,16.256700,0,139,4,143,0,0
1643,0.003200,17.074400,0,139,4,143,0,0
1644,1.761200,16.958700,1770,138,5,143,0,11
1645,0.004900,16.677800,0,138,5,143,0,0
1646,0.005100,22.196000,0,138,5,143,0,0
1647,0.006000,11.172200,0,138,5,143,0,0
1648,0.004900,16.216700,0,138,5,143,0,0
1649,0.001900,16.336300,0,138,5,143,0,0
1650,0.002400,16.907600,0,138,5,143,0,0
1651,0.003500,16.747700,0,138,5,143,0,0
1652,0.003300,16.779700,0,138,5,143,0,0
1653,0.003200,16.564500,0,138,5,143,0,0
1654,0.003800,16.451500,0,138,5,143,0,0
1655,0.003500,16.942000,0,138,5,143,0,0
1656,1.873900,16.895500,1770,137,6,143,0,11
1657,0.003800,16.530400,0,137,6,143,0,0
1658,0.003200,16.272600,0,137,6,143,0,0
1659,0.001800,16.671700,0,137,6,143,0,0
1660,0.002600,16.460300,0,137,6,143,0,0
1661,0.003100,17.368800,0,137,6,143,0,0
1662,0.003600,16.600100,0,137,6,143,0,0
1663,0.003100,16.581800,0,137,6,143,0,0
1664,0.003600,18.245900,0,137,6,143,0,0
1665,0.004100,15.398900,0,137,6,143,0,0
1666,0.004300,16.062300,0,137,6,143,0,0
1667,0.003500,17.059800,0,137,6,143,0,0
1668,1.840500,16.822000,3324,142,1,143,0,21
1669,0.003100,16.485900,0,142,1,143,0,0
1670,0.003600,16.908000,0,142,1,143,0,0
1671,0.003700,16.379800,0,142,1,143,0,0
1672,0.004400,16.535400,0,142,1,143,0,0
1673,0.005000,17.279900,0,142,1,143,0,0
1674,0.004500,18.033100,0,142,1,143,0,0
1675,0.003300,15.159500,0,142,1,143,0,0
1676,0.003800,16.798600,0,142,1,143,0,0
1677,0.006000,16.518900,0,142,1,143,0,0
1678,0.003100,16.632200,0,142,1,143,0,0
1679,0.004100,18.397800,0,142,1,143,0,0
1680,0.660500,14.839200,1764,142,1,143,0,11
1681,0.002100,16.910500,0,142,1,143,0,0
1682,0.001700,16.256100,0,142,1,143,0,0
1683,0.001700,16.633100,0,142,1,143,0,0
1684,0.001800,16.637300,0,142,1,143,0,0
1685,0.002800,16.681500,0,142,1,143,0,0
1686,0.002000,16.663200,0,142,1,143,0,0
1687,0.002200,16.756400,0,142,1,143,0,0
1688,0.003700,17.193500,0,142,1,143,0,0
1689,0.001900,16.132700,0,142,1,143,0,0
1690,0.001900,16.596000,0,142,1,143,0,0
1691,0.002000,16.538500,0,142,1,143,0,0
1692,0.327900,16.786400,1764,141,2,143,0,11
1693,0.002000,16.664000,0,141,2,143,0,0
1694,0.001800,16.727000,0,141,2,143,0,0
1695,0.002300,16.680300,0,141,2,143,0,0
1696,0.003500,16.798700,0,141,2,143,0,0
1697,0.002500,16.323000,0,141,2,143,0,0
1698,0.002400,16.988200,0,141,2,143,0,0
1699,0.002400,16.880900,0,141,2,143,0,0
1700,0.001900,16.328400,0,141,2,143,0,0
1701,0.001900,16.717000,0,141,2,143,0,0
1702,0.002000,16.647600,0,141,2,143,0,0
1703,0.002000,16.591800,0,141,2,143,0,0
1704,0.983300,17.067100,1764,140,3,143,0,11
1705,0.002200,16.466200,0,140,3,143,0,0
1706,0.002700,16.841300,0,140,3,143,0,0
1707,0.003800,17.296900,0,140,3,143,0,0
1708,0.003600,17.170600,0,140,3,143,0,0
1709,0.002600,15.447700,0,140,3,143,0,0
1710,0.004900,17.173100,0,140,3,143,0,0
1711,0.005700,17.540600,0,140,3,143,0,0
1712,0.005300,16.396400,0,140,3,143,0,0
1713,0.004300,16.796500,0,140,3,143,0,0
1714,0.004700,17.015000,0,140,3,143,0,0
1715,0.003900,15.354100,0,140,3,143,0,0
1716,0.982600,17.175300,1764,139,4,143,0,11
1717,0.003300,16.583200,0,139,4,143,0,0
1718,0.005000,16.927500,0,139,4,143,0,0
1719,0.003800,16.415200,0,139,4,143,0,0
1720,0.004100,17.448600,0,139,4,143,0,0
1721,0.003800,16.293300,0,139,4,143,0,0
1722,0.004000,17.221300,0,139,4,143,0,0
1723,0.004800,16.671700,0,139,4,143,0,0
1724,0.005600,19.526900,0,139,4,143,0,0
1725,0.007400,16.252700,0,139,4,143,0,0
1726,0.003700,16.141000,0,139,4,143,0,0
1727,1.390200,16.997800,1764,138,5,143,0,11
1728,0.003500,15.828300,0,138,5,143,0,0
1729,0.003900,17.306200,0,138,5,143,0,0
1730,0.003500,16.519400,0,138,5,143,0,0
1731,0.003500,16.805900,0,138,5,143,0,0
1732,0.003100,16.728000,0,138,5,143,0,0
1733,0.002000,16.004700,0,138,5,143,0,0
1734,0.004000,16.682300,0,138,5,143,0,0
1735,0.002000,16.699300,0,138,5,143,0,0
1736,0.004800,17.424200,0,138,5,143,0,0
1737,0.996400,16.859700,1716,143,0,143,0,11
1738,0.002700,16.248800,0,143,0,143,0,0
1739,0.002000,16.267000,0,143,0,143,0,0
1740,0.485700,16.698300,1758,143,0,143,0,11
1741,0.002800,16.784700,0,143,0,143,0,0
1742,0.001800,16.396900,0,143,0,143,0,0
1743,0.002200,16.697200,0,143,0,143,0,0
1744,0.003600,17.255500,0,143,0,143,0,0
1745,0.002000,16.437100,0,143,0,143,0,0
1746,0.003100,16.191800,0,143,0,143,0,0
1747,0.003700,17.369600,0,143,0,143,0,0
1748,0.002800,16.447900,0,143,0,143,0,0
1749,0.002300,16.400200,0,143,0,143,0,0
1750,0.001800,16.690000,0,143,0,143,0,0
1751,0.001900,16.740400,0,143,0,143,0,0
1752,0.456200,16.491200,1758,142,1,143,0,11
1753,0.001700,16.804300,0,142,1,143,0,0
1754,0.001900,16.660400,0,142,1,143,0,0
1755,0.001700,16.646800,0,142,1,143,0,0
1756,0.001800,16.805300,0,142,1,143,0,0
1757,0.002200,16.889500,0,142,1,143,0,0
1758,0.002800,16.266500,0,142,1,143,0,0
1759,0.002500,16.833200,0,142,1,143,0,0
1760,0.001700,16.655800,0,142,1,143,0,0
1761,0.002200,16.685000,0,142,1,143,0,0
1762,0.002100,16.784300,0,142,1,143,0,0
1763,0.392900,17.391300,1758,141,2,143,0,11
1764,0.002000,16.461100,0,141,2,143,0,0
1765,0.002300,16.941900,0,141,2,143,0,0
1766,0.002300,16.686000,0,141,2,143,0,0
1767,0.001700,16.502100,0,141,2,143,0,0
1768,0.002900,17.120500,0,141,2,143,0,0
1769,0.003600,16.453600,0,141,2,143,0,0
1770,0.002100,16.380100,0,141,2,143,0,0
1771,0.004000,17.199500,0,141,2,143,0,0
1772,0.004400,16.536200,0,141,2,143,0,0
1773,0.002200,16.557900,0,141,2,143,0,0
1774,0.002100,16.575400,0,141,2,143,0,0
1775,0.345100,16.660600,1758,140,3,143,0,11
1776,0.002500,16.321500,0,140,3,143,0,0
1777,0.001700,16.820100,0,140,3,143,0,0
1778,0.001900,16.784500,0,140,3,143,0,0
1779,0.003600,17.446000,0,140,3,143,0,0
1780,0.003900,16.931100,0,140,3,143,0,0
1781,0.003400,16.549500,0,140,3,143,0,0
1782,0.005100,16.337100,0,140,3,143,0,0
1783,0.003400,17.186500,0,140,3,143,0,0
1784,0.003600,16.690400,0,140,3,143,0,0
1785,0.003600,16.397500,0,140,3,143,0,0
1786,0.003700,16.732100,0,140,3,143,0,0
1787,0.637400,16.407100,1758,139,4,143,0,11
1788,0.004200,16.577600,0,139,4,143,0,0
1789,0.004400,17.439600,0,139,4,143,0,0
1790,0.003600,16.600300,0,139,4,143,0,0
1791,0.003900,16.373300,0,139,4,143,0,0
1792,0.004900,16.848700,0,139,4,143,0,0
1793,0.003300,16.789200,0,139,4,143,0,0
1794,0.004100,16.170900,0,139,4,143,0,0
1795,0.003200,17.036400,0,139,4,143,0,0
1796,0.004700,17.224000,0,139,4,143,0,0
1797,0.008300,17.390000,0,139,4,143,0,0
1798,0.003200,15.542200,0,139,4,143,0,0
1799,0.527800,16.617000,1758,138,5,143,0,11
1800,0.357700,16.318200,1716,143,0,143,0,11
1801,0.001800,16.969200,0,143,0,143,0,0
1802,0.001800,16.675900,0,143,0,143,0,0
1803,0.002300,16.630500,0,143,0,143,0,0
1804,0.001900,16.711800,0,143,0,143,0,0
1805,0.003200,16.825800,0,143,0,143,0,0
1806,0.004500,16.381300,0,143,0,143,0,0
1807,0.003200,17.716900,0,143,0,143,0,0
1808,0.003500,16.658400,0,143,0,143,0,0
1809,0.003400,15.964100,0,143,0,143,0,0
1810,0.001800,16.499600,0,143,0,143,0,0
1811,0.391600,16.522900,1752,143,0,143,0,11
1812,0.003000,16.636700,0,143,0,143,0,0
1813,0.001900,16.749100,0,143,0,143,0,0
1814,0.002600,17.024500,0,143,0,143,0,0
1815,0.003000,16.924100,0,143,0,143,0,0
1816,0.002800,16.678500,0,143,0,143,0,0
1817,0.004000,16.951700,0,143,0,143,0,0
1818,0.003600,16.013500,0,143,0,143,0,0
1819,0.004400,17.736000,0,143,0,143,0,0
1820,0.005900,16.342100,0,143,0,143,0,0
1821,0.003100,16.537800,0,143,0,143,0,0
1822,0.002600,16.456500,0,143,0,143,0,0
1823,0.549500,16.378900,1752,142,1,143,0,11
1824,0.002200,16.443000,0,142,1,143,0,0
1825,0.003600,17.078900,0,142,1,143,0,0
1826,0.003300,16.733200,0,142,1,143,0,0
1827,0.003600,16.746900,0,142,1,143,0,0
1828,0.003900,16.874700,0,142,1,143,0,0
1829,0.003400,16.734600,0,142,1,143,0,0
1830,0.005300,16.210300,0,142,1,143,0,0
1831,0.003100,17.600900,0,142,1,143,0,0
1832,0.003200,16.494000,0,142,1,143,0,0
1833,0.003800,16.686000,0,142,1,143,0,0
1834,0.003100,16.498500,0,142,1,143,0,0
1835,1.036200,16.540700,1752,141,2,143,0,11
1836,0.003400,16.861200,0,141,2,143,0,0
1837,0.003700,16.400200,0,141,2,143,0,0
1838,0.003100,16.996000,0,141,2,143,0,0
1839,0.003300,16.922400,0,141,2,143,0,0
1840,0.004000,16.498100,0,141,2,143,0,0
1841,0.003500,16.859400,0,141,2,143,0,0
1842,0.003800,16.478400,0,141,2,143,0,0
1843,0.003400,16.367500,0,141,2,143,0,0
1844,0.004200,17.393000,0,141,2,143,0,0
1845,0.003200,16.262000,0,141,2,143,0,0
1846,0.004300,16.863500,0,141,2,143,0,0
1847,1.055600,16.487300,1752,140,3,143,0,11
1848,0.003500,16.712700,0,140,3,143,0,0
1849,0.003900,16.298100,0,140,3,143,0,0
1850,0.003600,17.071100,0,140,3,143,0,0
1851,0.003100,16.674300,0,140,3,143,0,0
1852,0.003300,16.723900,0,140,3,143,0,0
1853,0.003100,16.691200,0,140,3,143,0,0
1854,0.003300,16.719300,0,140,3,143,0,0
1855,0.003300,16.100100,0,140,3,143,0,0
1856,0.003100,17.220800,0,140,3,143,0,0
1857,0.002300,16.389800,0,140,3,143,0,0
1858,0.002500,16.620300,0,140,3,143,0,0
1859,0.534800,17.139100,1752,139,4,143,0,11
1860,0.345300,16.594800,1716,143,0,143,0,11
1861,0.001900,16.439700,0,143,0,143,0,0
1862,0.003000,17.011200,0,143,0,143,0,0
1863,0.003600,16.899700,0,143,0,143,0,0
1864,0.003200,16.766500,0,143,0,143,0,0
1865,0.003100,16.637900,0,143,0,143,0,0
1866,0.002800,16.521100,0,143,0,143,0,0
1867,0.002500,16.204300,0,143,0,143,0,0
1868,0.002500,17.144300,0,143,0,143,0,0
1869,0.001700,16.337400,0,143,0,143,0,0
1870,0.001800,16.748500,0,143,0,143,0,0
1871,1.185800,17.104700,1746,143,0,143,0,11
1872,0.003500,16.778300,0,143,0,143,0,0
1873,0.003700,16.064400,0,143,0,143,0,0
1874,0.002600,16.951500,0,143,0,143,0,0
1875,0.002200,16.543400,0,143,0,143,0,0
1876,0.003000,16.650400,0,143,0,143,0,0
1877,0.003100,17.016100,0,143,0,143,0,0
1878,0.002700,16.502700,0,143,0,143,0,0
1879,0.002100,16.176600,0,143,0,143,0,0
1880,0.002600,17.323100,0,143,0,143,0,0
1881,0.003300,17.255500,0,143,0,143,0,0
1882,0.004900,16.660300,0,143,0,143,0,0
1883,1.309700,16.939400,1746,142,1,143,0,11
1884,0.001800,16.006100,0,142,1,143,0,0
1885,0.003500,16.550500,0,142,1,143,0,0
1886,0.003000,17.226400,0,142,1,143,0,0
1887,0.005100,16.936500,0,142,1,143,0,0
1888,0.004000,16.378200,0,142,1,143,0,0
1889,0.003600,16.727300,0,142,1,143,0,0
1890,0.003200,16.552900,0,142,1,143,0,0
1891,0.001800,16.118200,0,142,1,143,0,0
1892,0.002300,17.085900,0,142,1,143,0,0
1893,0.001800,16.406200,0,142,1,143,0,0
1894,0.001800,16.874300,0,142,1,143,0,0
1895,1.047800,16.908600,1746,141,2,143,0,11
1896,0.004800,17.176200,0,141,2,143,0,0
1897,0.005100,15.992800,0,141,2,143,0,0
1898,0.002000,16.777700,0,141,2,143,0,0
1899,0.003300,16.850700,0,141,2,143,0,0
1900,0.002000,16.637300,0,141,2,143,0,0
1901,0.003100,16.736500,0,141,2,143,0,0
1902,0.003600,16.818900,0,141,2,143,0,0
1903,0.001900,16.100000,0,141,2,143,0,0
1904,0.005000,17.313500,0,141,2,143,0,0
1905,0.003500,16.445700,0,141,2,143,0,0
1906,0.002200,16.525700,0,141,2,143,0,0
1907,0.523700,16.707900,1746,140,3,143,0,11
1908,0.003000,16.717900,0,140,3,143,0,0
1909,0.005100,16.885800,0,140,3,143,0,0
1910,0.003400,16.992200,0,140,3,143,0,0
1911,0.005200,17.424700,0,140,3,143,0,0
1912,0.004100,15.453200,0,140,3,143,0,0
1913,0.003200,16.895700,0,140,3,143,0,0
1914,0.003700,16.763700,0,140,3,143,0,0
1915,0.004100,16.208800,0,140,3,143,0,0
1916,0.004300,17.339400,0,140,3,143,0,0
1917,0.003600,16.584600,0,140,3,143,0,0
1918,0.003200,16.457700,0,140,3,143,0,0
1919,0.801000,18.222600,1746,139,4,143,0,11
1920,0.705700,17.047200,1716,143,0,143,0,11
1921,0.002000,14.156500,0,143,0,143,0,0
1922,0.004600,17.686500,0,143,0,143,0,0
1923,0.004200,16.595100,0,143,0,143,0,0
1924,0.003700,16.481400,0,143,0,143,0,0
1925,0.004300,16.753400,0,143,0,143,0,0
1926,0.004000,16.643500,0,143,0,143,0,0
1927,0.003800,16.044600,0,143,0,143,0,0
1928,0.004900,17.945200,0,143,0,143,0,0
1929,0.004900,16.290300,0,143,0,143,0,0
1930,0.004400,16.544400,0,143,0,143,0,0
1931,1.046000,16.416300,1740,143,0,143,0,11
1932,0.002700,16.428600,0,143,0,143,0,0
1933,0.004600,16.412000,0,143,0,143,0,0
1934,0.004900,17.286700,0,143,0,143,0,0
1935,0.004100,16.528800,0,143,0,143,0,0
1936,0.005500,17.055400,0,143,0,143,0,0
1937,0.004000,16.640800,0,143,0,143,0,0
1938,0.003300,16.504900,0,143,0,143,0,0
1939,0.006200,16.336200,0,143,0,143,0,0
1940,0.004200,17.161200,0,143,0,143,0,0
1941,0.003600,16.493900,0,143,0,143,0,0
1942,0.003800,16.776600,0,143,0,143,0,0
1943,1.087400,17.044100,1740,142,1,143,0,11
1944,0.004700,16.587600,0,142,1,143,0,0
1945,0.004600,15.967200,0,142,1,143,0,0
1946,0.005400,18.059400,0,142,1,143,0,0
1947,0.004400,15.728600,0,142,1,143,0,0
1948,0.003500,16.697100,0,142,1,143,0,0
1949,0.005200,16.694800,0,142,1,143,0,0
1950,0.005900,16.563700,0,142,1,143,0,0
1951,0.003600,16.083500,0,142,1,143,0,0
1952,0.003800,17.181900,0,142,1,143,0,0
1953,0.004300,16.782400,0,142,1,143,0,0
1954,0.003400,16.775200,0,142,1,143,0,0
1955,1.333300,16.941700,1740,141,2,143,0,11
1956,0.006000,16.277200,0,141,2,143,0,0
1957,0.003300,16.074400,0,141,2,143,0,0
1958,0.003900,17.305000,0,141,2,143,0,0
1959,0.003400,16.730800,0,141,2,143,0,0
1960,0.004700,17.674900,0,141,2,143,0,0
1961,0.003000,15.205600,0,141,2,143,0,0
1962,0.004700,17.287600,0,141,2,143,0,0
1963,0.004500,16.001300,0,141,2,143,0,0
1964,0.005200,17.764000,0,141,2,143,0,0
1965,0.006100,16.209800,0,141,2,143,0,0
1966,0.003800,16.903400,0,141,2,143,0,0
1967,0.549900,16.176400,1740,140,3,143,0,11
1968,0.004200,16.309800,0,140,3,143,0,0
1969,0.004200,16.552300,0,140,3,143,0,0
1970,0.003800,17.338800,0,140,3,143,0,0
1971,0.003900,16.406200,0,140,3,143,0,0
1972,0.003700,16.631600,0,140,3,143,0,0
1973,0.003900,16.980000,0,140,3,143,0,0
1974,0.003500,16.465300,0,140,3,143,0,0
1975,0.004800,16.605100,0,140,3,143,0,0
1976,0.003400,16.946700,0,140,3,143,0,0
1977,0.003400,16.795500,0,140,3,143,0,0
1978,0.005000,16.549900,0,140,3,143,0,0
1979,1.105600,16.729600,1740,139,4,143,0,11
1980,0.002000,16.091000,0,139,4,143,0,0
1981,0.003900,16.601600,0,139,4,143,0,0
1982,0.005400,16.978500,0,139,4,143,0,0
1983,0.003300,16.571900,0,139,4,143,0,0
1984,0.362000,16.655300,1716,143,0,143,0,11
1985,0.004400,17.210600,0,143,0,143,0,0
1986,0.004400,16.119100,0,143,0,143,0,0
1987,0.002600,16.397800,0,143,0,143,0,0
1988,0.003100,17.207500,0,143,0,143,0,0
1989,0.003700,16.722100,0,143,0,143,0,0
1990,0.002400,16.477200,0,143,0,143,0,0
1991,0.414100,16.722000,1734,143,0,143,0,11
1992,0.002300,16.700200,0,143,0,143,0,0
1993,0.007000,16.406200,0,143,0,143,0,0
1994,0.002700,16.815600,0,143,0,143,0,0
1995,0.002200,16.578500,0,143,0,143,0,0
1996,0.003200,16.796200,0,143,0,143,0,0
1997,0.002800,16.808400,0,143,0,143,0,0
1998,0.002100,16.586800,0,143,0,143,0,0
1999,0.005000,16.587000,0,143,0,143,0,0
2000,0.003400,17.357800,0,143,0,143,0,0
2001,0.004400,16.559900,0,143,0,143,0,0
2002,0.004200,16.599900,0,143,0,143,0,0
2003,1.369900,16.637100,1734,142,1,143,0,11
2004,0.003900,16.939500,0,142,1,143,0,0
2005,0.005500,15.850100,0,142,1,143,0,0
2006,0.003400,17.119300,0,142,1,143,0,0
2007,0.003500,16.718300,0,142,1,143,0,0
2008,0.003100,16.692900,0,142,1,143,0,0
2009,0.004000,16.640100,0,142,1,143,0,0
2010,0.003400,16.731900,0,142,1,143,0,0
2011,0.004000,16.154900,0,142,1,143,0,0
2012,0.004400,17.234100,0,142,1,143,0,0
2013,0.003300,16.392600,0,142,1,143,0,0
2014,0.003500,17.816600,0,142,1,143,0,0
2015,1.265000,16.835000,1734,141,2,143,0,11
2016,0.003900,16.322800,0,141,2,143,0,0
2017,0.002700,16.384200,0,141,2,143,0,0
2018,0.003400,16.116000,0,141,2,143,0,0
2019,0.004000,17.535300,0,141,2,143,0,0
2020,0.003300,16.431100,0,141,2,143,0,0
2021,0.003800,16.822200,0,141,2,143,0,0
2022,0.003900,16.661600,0,141,2,143,0,0
2023,0.003300,16.655400,0,141,2,143,0,0
2024,0.004000,15.964300,0,141,2,143,0,0
2025,0.003500,17.408300,0,141,2,143,0,0
2026,0.003800,16.442500,0,141,2,143,0,0
2027,0.628500,16.706100,1734,140,3,143,0,11
2028,0.004200,16.766500,0,140,3,143,0,0
2029,0.002800,16.105100,0,140,3,143,0,0
2030,0.005000,16.606300,0,140,3,143,0,0
2031,0.004200,17.481400,0,140,3,143,0,0
2032,0.004200,16.386500,0,140,3,143,0,0
2033,0.003200,16.739600,0,140,3,143,0,0
2034,0.003500,16.368800,0,140,3,143,0,0
2035,0.004700,16.790500,0,140,3,143,0,0
2036,0.003400,16.234000,0,140,3,143,0,0
2037,0.005000,17.486000,0,140,3,143,0,0
2038,0.004900,16.381100,0,140,3,143,0,0
2039,0.393800,16.399500,1734,139,4,143,0,11
2040,0.003400,17.011000,0,139,4,143,0,0
2041,0.005400,16.702400,0,139,4,143,0,0
2042,0.004000,16.163800,0,139,4,143,0,0
2043,0.005000,17.417300,0,139,4,143,0,0
2044,0.004800,16.398100,0,139,4,143,0,0
2045,0.004200,16.916400,0,139,4,143,0,0
2046,0.003700,16.442200,0,139,4,143,0,0
2047,0.004000,16.899200,0,139,4,143,0,0
2048,0.004100,16.362000,0,139,4,143,0,0
2049,0.003600,16.731000,0,139,4,143,0,0
2050,0.003400,16.667300,0,139,4,143,0,0
2051,1.061400,16.854100,1734,138,5,143,0,11
2052,0.004300,16.511700,0,138,5,143,0,0
2053,0.983000,17.072100,1716,143,0,143,0,11
2054,0.004000,15.810200,0,143,0,143,0,0
2055,0.002000,16.915700,0,143,0,143,0,0
2056,0.002900,16.497400,0,143,0,143,0,0
2057,0.002700,16.707400,0,143,0,143,0,0
2058,0.003700,16.837400,0,143,0,143,0,0
2059,0.003900,17.268300,0,143,0,143,0,0
2060,0.003600,16.037600,0,143,0,143,0,0
2061,0.004400,17.871100,0,143,0,143,0,0
2062,0.003400,16.501100,0,143,0,143,0,0
2063,1.287400,16.358000,1728,143,0,143,0,11
2064,0.003200,16.410900,0,143,0,143,0,0
2065,0.004100,17.182300,0,143,0,143,0,0
2066,0.005100,16.138600,0,143,0,143,0,0
2067,0.003500,16.982600,0,143,0,143,0,0
2068,0.003100,16.760800,0,143,0,143,0,0
2069,0.005100,16.562100,0,143,0,143,0,0
2070,0.003900,16.740400,0,143,0,143,0,0
2071,0.004100,16.813100,0,143,0,143,0,0
2072,0.004200,16.069000,0,143,0,143,0,0
2073,0.017800,17.088500,0,143,0,143,0,0
2074,0.004100,16.632200,0,143,0,143,0,0
2075,1.151400,17.012400,1728,142,1,143,0,11
2076,0.004100,16.216600,0,142,1,143,0,0
2077,0.003300,17.042700,0,142,1,143,0,0
2078,0.004300,15.929700,0,142,1,143,0,0
2079,0.040800,19.521100,0,142,1,143,0,0
2080,0.003300,14.360800,0,142,1,143,0,0
2081,0.003500,17.422500,0,142,1,143,0,0
2082,0.003500,16.741500,0,142,1,143,0,0
2083,0.003400,16.502700,0,142,1,143,0,0
2084,0.003500,16.129100,0,142,1,143,0,0
2085,0.003600,17.116300,0,142,1,143,0,0
2086,0.003900,16.983200,0,142,1,143,0,0
2087,1.760200,17.281200,1728,141,2,143,0,11
2088,0.003700,16.193700,0,141,2,143,0,0
2089,0.015700,16.896200,0,141,2,143,0,0
2090,0.002300,15.864100,0,141,2,143,0,0
2091,0.002900,18.754400,0,141,2,143,0,0
2092,0.001800,15.191800,0,141,2,143,0,0
2093,0.009800,17.260300,0,141,2,143,0,0
2094,0.003600,16.680200,0,141,2,143,0,0
2095,0.003600,18.547100,0,141,2,143,0,0
2096,0.003800,14.244100,0,141,2,143,0,0
2097,0.003400,17.340400,0,141,2,143,0,0
2098,0.003900,16.288300,0,141,2,143,0,0
2099,1.061700,18.753500,1728,140,3,143,0,11
2100,0.004600,14.655700,0,140,3,143,0,0
2101,0.005400,19.031300,0,140,3,143,0,0
2102,0.005900,14.066200,0,140,3,143,0,0
2103,0.004800,17.051600,0,140,3,143,0,0
2104,0.003400,16.707800,0,140,3,143,0,0
2105,0.003900,18.803900,0,140,3,143,0,0
2106,0.003700,14.762300,0,140,3,143,0,0
2107,0.004700,18.768600,0,140,3,143,0,0
2108,0.004600,14.953100,0,140,3,143,0,0
2109,0.004900,18.683000,0,140,3,143,0,0
2110,0.003300,14.475100,0,140,3,143,0,0
2111,1.924300,18.366900,1728,139,4,143,0,11
2112,0.005200,15.194200,0,139,4,143,0,0
2113,0.004100,21.174800,0,139,4,143,0,0
2114,0.004800,19.651500,0,139,4,143,0,0
2115,0.003500,20.458100,0,139,4,143,0,0
2116,0.004900,16.140500,0,139,4,143,0,0
2117,0.002800,16.553500,0,139,4,143,0,0
2118,0.002600,16.050600,0,139,4,143,0,0
2119,0.002900,17.155200,0,139,4,143,0,0
2120,0.003300,16.511300,0,139,4,143,0,0
2121,0.005800,17.088300,0,139,4,143,0,0
2122,0.380300,15.955900,1728,138,5,143,0,11
2123,0.002000,16.642100,0,138,5,143,0,0
2124,0.001900,16.511200,0,138,5,143,0,0
2125,0.003600,17.168800,0,138,5,143,0,0
2126,0.004000,17.056400,0,138,5,143,0,0
2127,0.003400,16.954800,0,138,5,143,0,0
2128,0.003400,16.126400,0,138,5,143,0,0
2129,0.003500,16.700300,0,138,5,143,0,0
2130,0.003200,16.126200,0,138,5,143,0,0
2131,0.002100,16.712400,0,138,5,143,0,0
2132,0.001900,16.684200,0,138,5,143,0,0
2133,0.001900,16.642000,0,138,5,143,0,0
2134,0.330600,16.727900,1728,137,6,143,0,11
2135,0.003800,16.940200,0,137,6,143,0,0
2136,0.004400,16.389300,0,137,6,143,0,0
2137,0.682600,17.073600,1716,143,0,143,0,11
2138,0.002400,16.374100,0,143,0,143,0,0
2139,0.003400,16.702800,0,143,0,143,0,0
2140,0.003100,17.054600,0,143,0,143,0,0
2141,0.003400,16.989100,0,143,0,143,0,0
2142,0.003300,16.058000,0,143,0,143,0,0
2143,0.003800,17.098800,0,143,0,143,0,0
2144,0.003300,16.655300,0,143,0,143,0,0
2145,0.003400,16.905400,0,143,0,143,0,0
2146,1.067800,16.381700,1722,143,0,143,0,11
2147,0.003200,16.642800,0,143,0,143,0,0
2148,0.003600,16.327500,0,143,0,143,0,0
2149,0.003700,17.015100,0,143,0,143,0,0
2150,0.003200,16.671600,0,143,0,143,0,0
2151,0.003300,16.916400,0,143,0,143,0,0
2152,0.003400,16.619200,0,143,0,143,0,0
2153,0.005500,18.899700,0,143,0,143,0,0
2154,0.006600,14.247500,0,143,0,143,0,0
2155,0.003900,16.712300,0,143,0,143,0,0
2156,0.003100,16.631800,0,143,0,143,0,0
2157,0.002200,16.392200,0,143,0,143,0,0
2158,2.093400,19.042400,1722,142,1,143,0,11
2159,0.002200,14.327600,0,142,1,143,0,0
2160,0.002300,16.390000,0,142,1,143,0,0
2161,0.003400,17.190800,0,142,1,143,0,0
2162,0.004000,16.738900,0,142,1,143,0,0
2163,0.002800,16.545700,0,142,1,143,0,0
2164,0.003700,16.696700,0,142,1,143,0,0
2165,0.003800,16.675400,0,142,1,143,0,0
2166,0.003600,16.272600,0,142,1,143,0,0
2167,0.003700,17.091300,0,142,1,143,0,0
2168,0.003900,17.357600,0,142,1,143,0,0
2169,0.004500,16.020200,0,142,1,143,0,0
2170,2.211900,17.044100,1722,141,2,143,0,11
2171,0.002800,16.190200,0,141,2,143,0,0
2172,0.002200,16.149000,0,141,2,143,0,0
2173,0.003100,16.978000,0,141,2,143,0,0
2174,0.003600,16.855300,0,141,2,143,0,0
2175,0.004200,16.810800,0,141,2,143,0,0
2176,0.003400,16.645000,0,141,2,143,0,0
2177,0.003200,16.693200,0,141,2,143,0,0
2178,0.004200,16.308500,0,141,2,143,0,0
2179,0.005700,17.609900,0,141,2,143,0,0
2180,0.003600,16.071700,0,141,2,143,0,0
2181,0.005300,16.801300,0,141,2,143,0,0
2182,0.422900,16.229600,1722,140,3,143,0,11
2183,0.002200,16.735300,0,140,3,143,0,0
2184,0.003300,16.760200,0,140,3,143,0,0
2185,0.002000,16.369600,0,140,3,143,0,0
2186,0.001700,16.761400,0,140,3,143,0,0
2187,0.002200,17.038900,0,140,3,143,0,0
2188,0.005000,17.100300,0,140,3,143,0,0
2189,0.004900,16.994200,0,140,3,143,0,0
2190,0.003100,15.977500,0,140,3,143,0,0
2191,0.002200,16.872000,0,140,3,143,0,0
2192,0.003100,16.980500,0,140,3,143,0,0
2193,0.001800,16.327600,0,140,3,143,0,0
2194,0.616000,16.816800,1722,139,4,143,0,11
2195,0.002200,16.596600,0,139,4,143,0,0
2196,0.003700,16.609800,0,139,4,143,0,0
2197,0.004100,18.009100,0,139,4,143,0,0
2198,0.003100,15.459000,0,139,4,143,0,0
2199,0.004500,17.231900,0,139,4,143,0,0
2200,0.017000,19.879400,0,139,4,143,0,0
2201,0.004700,13.661400,0,139,4,143,0,0
2202,0.002600,15.791500,0,139,4,143,0,0
2203,0.033800,20.847200,0,139,4,143,0,0
2204,0.005100,15.086800,0,139,4,143,0,0
2205,0.005000,17.329900,0,139,4,143,0,0
2206,0.747400,14.415000,1722,138,5,143,0,11
2207,0.005600,22.009500,0,138,5,143,0,0
2208,0.003300,17.121300,0,138,5,143,0,0
2209,0.003100,16.269100,0,138,5,143,0,0
2210,0.002300,17.059600,0,138,5,143,0,0
2211,0.005900,27.021700,0,138,5,143,0,0
2212,0.005200,22.163600,0,138,5,143,0,0
2213,0.004400,32.288500,0,138,5,143,0,0
2214,0.011500,11.682800,0,138,5,143,0,0
2215,0.006100,27.749700,0,138,5,143,0,0
2216,1.081200,15.548200,1722,137,6,143,0,11
2217,0.007200,13.552400,0,137,6,143,0,0
2218,0.002500,16.326200,0,137,6,143,0,0
2219,0.002600,16.144200,0,137,6,143,0,0
2220,0.003200,17.713200,0,137,6,143,0,0
2221,0.004300,15.984700,0,137,6,143,0,0
2222,0.002700,17.557700,0,137,6,143,0,0
2223,0.001800,15.472900,0,137,6,143,0,0
2224,0.002000,17.235100,0,137,6,143,0,0
2225,0.002400,16.027600,0,137,6,143,0,0
2226,0.002400,17.069800,0,137,6,143,0,0
2227,0.002500,16.268400,0,137,6,143,0,0
2228,0.350800,16.660700,1722,136,7,143,0,11
2229,0.001700,16.640700,0,136,7,143,0,0
2230,0.002700,16.817500,0,136,7,143,0,0
2231,0.002300,16.606300,0,136,7,143,0,0
2232,0.003000,16.899300,0,136,7,143,0,0
2233,0.003800,17.014100,0,136,7,143,0,0
2234,0.002400,16.565900,0,136,7,143,0,0
2235,0.002100,16.253600,0,136,7,143,0,0
2236,0.001700,16.543600,0,136,7,143,0,0
2237,0.001900,16.694900,0,136,7,143,0,0
2238,0.004100,16.806100,0,136,7,143,0,0
2239,0.002100,16.489200,0,136,7,143,0,0
2240,0.704400,17.109100,1722,135,8,143,0,11
2241,0.001900,16.260600,0,135,8,143,0,0
2242,0.002400,17.702800,0,135,8,143,0,0
2243,0.002700,16.106000,0,135,8,143,0,0
2244,0.004100,16.725800,0,135,8,143,0,0
2245,0.003700,16.844200,0,135,8,143,0,0
2246,0.003600,17.417600,0,135,8,143,0,0
2247,0.003500,15.880400,0,135,8,143,0,0
2248,0.003700,16.949300,0,135,8,143,0,0
2249,0.004300,16.878200,0,135,8,143,0,0
2250,0.004000,15.984600,0,135,8,143,0,0
2251,0.003800,17.055800,0,135,8,143,0,0
2252,1.203300,17.266500,1722,134,9,143,0,11
2253,0.003000,16.659500,0,134,9,143,0,0
2254,0.003800,16.883600,0,134,9,143,0,0
2255,0.003400,16.513100,0,134,9,143,0,0
2256,0.004300,16.178100,0,134,9,143,0,0
2257,0.002100,17.239500,0,134,9,143,0,0
2258,0.001800,16.108800,0,134,9,143,0,0
2259,0.001700,16.602800,0,134,9,143,0,0
2260,0.001800,16.622000,0,134,9,143,0,0
2261,0.001800,16.652500,0,134,9,143,0,0
2262,0.002700,16.530100,0,134,9,143,0,0
2263,0.002000,16.849100,0,134,9,143,0,0
2264,0.484900,16.997400,1722,133,10,143,0,11
2265,0.001600,16.322300,0,133,10,143,0,0
2266,0.002300,16.688400,0,133,10,143,0,0
2267,0.001700,16.677500,0,133,10,143,0,0
2268,0.001800,16.504200,0,133,10,143,0,0
2269,0.002200,16.810800,0,133,10,143,0,0
2270,0.002200,16.759800,0,133,10,143,0,0
2271,0.001800,16.575600,0,133,10,143,0,0
2272,0.002100,16.725900,0,133,10,143,0,0
2273,0.001800,16.676000,0,133,10,143,0,0
2274,0.004100,17.166500,0,133,10,143,0,0
2275,0.002400,16.182100,0,133,10,143,0,0
2276,0.348500,16.675900,1722,132,11,143,0,11
2277,0.001900,16.669000,0,132,11,143,0,0
2278,0.003100,17.105600,0,132,11,143,0,0
2279,0.001900,16.243600,0,132,11,143,0,0
2280,0.002000,16.506300,0,132,11,143,0,0
2281,0.001700,16.853400,0,132,11,143,0,0
2282,0.001600,16.607700,0,132,11,143,0,0
2283,0.003200,17.254900,0,132,11,143,0,0
2284,0.004000,16.806600,0,132,11,143,0,0
2285,0.004100,16.551100,0,132,11,143,0,0
2286,0.004500,16.818500,0,132,11,143,0,0
2287,0.003300,16.541500,0,132,11,143,0,0
2288,1.081900,16.904600,1722,132,11,143,0,11
2289,0.003700,16.678800,0,132,11,143,0,0
2290,0.004800,16.728200,0,132,11,143,0,0
2291,0.003400,16.419200,0,132,11,143,0,0
2292,0.004400,16.844900,0,132,11,143,0,0
2293,0.002800,16.811000,0,132,11,143,0,0
2294,0.002900,16.664200,0,132,11,143,0,0
2295,0.003300,16.423300,0,132,11,143,0,0
2296,0.004400,21.372600,0,132,11,143,0,0
2297,0.001800,12.419200,0,132,11,143,0,0
2298,0.004400,16.380200,0,132,11,143,0,0
2299,0.001800,16.643700,0,132,11,143,0,0
2300,0.781000,16.956000,1722,132,11,143,0,11
2301,0.002100,16.346500,0,132,11,143,0,0
2302,0.002100,16.698900,0,132,11,143,0,0
2303,0.005000,17.010000,0,132,11,143,0,0
2304,0.002300,16.384600,0,132,11,143,0,0
2305,0.002900,16.635700,0,132,11,143,0,0
2306,0.002400,16.628400,0,132,11,143,0,0
2307,0.010300,16.757700,0,132,11,143,0,0
2308,0.003000,16.985100,0,132,11,143,0,0
2309,0.002900,16.436400,0,132,11,143,0,0
2310,0.004200,16.463200,0,132,11,143,0,0
2311,0.002300,16.645200,0,132,11,143,0,0
2312,0.378000,16.692200,1722,132,11,143,0,11
2313,0.003100,16.728100,0,132,11,143,0,0
2314,0.002600,16.558800,0,132,11,143,0,0
2315,0.002100,16.769700,0,132,11,143,0,0
2316,0.003800,16.852100,0,132,11,143,0,0
2317,0.001800,16.402300,0,132,11,143,0,0
2318,0.002100,16.715900,0,132,11,143,0,0
2319,0.001800,16.527400,0,132,11,143,0,0
2320,0.004600,17.566900,0,132,11,143,0,0
2321,0.001800,16.010600,0,132,11,143,0,0
2322,0.003200,16.703300,0,132,11,143,0,0
2323,0.002900,17.173800,0,132,11,143,0,0
2324,0.562300,17.493700,1722,132,11,143,0,11
2325,0.002900,15.777200,0,132,11,143,0,0
2326,0.005800,17.367300,0,132,11,143,0,0
2327,0.003000,16.085400,0,132,11,143,0,0
2328,0.003400,16.649900,0,132,11,143,0,0
2329,0.001700,16.387400,0,132,11,143,0,0
2330,0.003900,17.418900,0,132,11,143,0,0
2331,0.003500,16.102700,0,132,11,143,0,0
2332,0.004300,17.116100,0,132,11,143,0,0
2333,0.003500,16.442900,0,132,11,143,0,0
2334,0.003000,16.527900,0,132,11,143,0,0
2335,0.006800,16.718800,0,132,11,143,0,0
2336,0.430500,16.731500,1722,132,11,143,0,11
2337,0.002700,16.492600,0,132,11,143,0,0
2338,0.003500,16.802000,0,132,11,143,0,0
2339,0.003400,16.873500,0,132,11,143,0,0
2340,0.003600,16.462300,0,132,11,143,0,0
2341,0.002400,16.341000,0,132,11,143,0,0
2342,0.002300,17.061100,0,132,11,143,0,0
2343,0.004000,16.939000,0,132,11,143,0,0
2344,0.004800,16.604100,0,132,11,143,0,0
2345,0.003100,16.582100,0,132,11,143,0,0
2346,0.002000,16.831200,0,132,11,143,0,0
2347,0.001900,15.991600,0,132,11,143,0,0
2348,0.514500,17.084200,1722,132,11,143,0,11
2349,0.002100,16.577000,0,132,11,143,0,0
2350,0.006200,16.693800,0,132,11,143,0,0
2351,0.002100,16.610500,0,132,11,143,0,0
2352,0.003400,16.721400,0,132,11,143,0,0
2353,0.003400,16.350800,0,132,11,143,0,0
2354,0.003700,16.955600,0,132,11,143,0,0
2355,0.002900,16.668500,0,132,11,143,0,0
2356,0.002200,16.832600,0,132,11,143,0,0
2357,0.002900,16.445000,0,132,11,143,0,0
2358,0.002600,16.797900,0,132,11,143,0,0
2359,0.005600,16.350700,0,132,11,143,0,0
2360,0.434600,17.251600,1722,132,11,143,0,11
2361,0.002500,16.333200,0,132,11,143,0,0
2362,0.003800,16.519400,0,132,11,143,0,0
2363,0.002600,16.687100,0,132,11,143,0,0
2364,0.003700,16.678000,0,132,11,143,0,0
2365,0.001900,16.451600,0,132,11,143,0,0
2366,0.003900,17.350400,0,132,11,143,0,0
2367,0.004100,17.019300,0,132,11,143,0,0
2368,0.003900,16.565400,0,132,11,143,0,0
2369,0.003600,16.506400,0,132,11,143,0,0
2370,0.003600,16.818000,0,132,11,143,0,0
2371,0.004300,15.955100,0,132,11,143,0,0
2372,0.996300,17.220700,1722,132,11,143,0,11
2373,0.003500,16.779300,0,132,11,143,0,0
2374,0.005000,17.090300,0,132,11,143,0,0
2375,0.005300,16.364900,0,132,11,143,0,0
2376,0.004600,16.602200,0,132,11,143,0,0
2377,0.005100,16.084900,0,132,11,143,0,0
2378,0.004700,17.296900,0,132,11,143,0,0
2379,0.004200,16.143800,0,132,11,143,0,0
2380,0.004100,16.937700,0,132,11,143,0,0
2381,0.005400,16.915700,0,132,11,143,0,0
2382,0.004500,17.855900,0,132,11,143,0,0
2383,0.004800,14.951300,0,132,11,143,0,0
2384,1.056500,17.467200,1722,132,11,143,0,11
2385,0.003600,16.387600,0,132,11,143,0,0
2386,0.003500,16.625800,0,132,11,143,0,0
2387,0.003400,16.673800,0,132,11,143,0,0
2388,0.005100,17.087600,0,132,11,143,0,0
2389,0.004600,15.681300,0,132,11,143,0,0
2390,0.002200,16.796600,0,132,11,143,0,0
2391,0.003300,17.067700,0,132,11,143,0,0
2392,0.003900,16.731900,0,132,11,143,0,0
2393,0.002300,16.287600,0,132,11,143,0,0
2394,0.002700,20.265500,0,132,11,143,0,0
2395,0.003900,14.095600,0,132,11,143,0,0
2396,0.513900,17.209200,1722,132,11,143,0,11
2397,0.001800,16.284200,0,132,11,143,0,0
2398,0.002800,16.610900,0,132,11,143,0,0
2399,0.003400,16.715100,0,132,11,143,0,0
2400,0.002800,16.559700,0,132,11,143,0,0
2401,0.003200,16.435700,0,132,11,143,0,0
2402,0.001800,16.728600,0,132,11,143,0,0
2403,0.001700,16.687600,0,132,11,143,0,0
2404,0.002300,16.727900,0,132,11,143,0,0
2405,0.005100,17.082000,0,132,11,143,0,0
2406,0.003900,17.502600,0,132,11,143,0,0
2407,0.002100,15.124300,0,132,11,143,0,0
2408,0.393900,16.997300,1722,132,11,143,0,11
2409,0.002200,16.736700,0,132,11,143,0,0
2410,0.002700,16.659300,0,132,11,143,0,0
2411,0.001900,16.547200,0,132,11,143,0,0
2412,0.001600,16.681600,0,132,11,143,0,0
2413,0.002500,16.455900,0,132,11,143,0,0
2414,0.001900,16.860200,0,132,11,143,0,0
2415,0.002600,16.742300,0,132,11,143,0,0
2416,0.003100,16.710200,0,132,11,143,0,0
2417,0.001800,16.528600,0,132,11,143,0,0
2418,0.002000,16.818000,0,132,11,143,0,0
2419,0.003900,16.428700,0,132,11,143,0,0
2420,0.568300,16.864700,1722,132,11,143,0,11
2421,0.001900,16.732800,0,132,11,143,0,0
2422,0.001800,16.476100,0,132,11,143,0,0
2423,0.002500,16.678100,0,132,11,143,0,0
2424,0.002000,16.687700,0,132,11,143,0,0
2425,0.002600,16.439500,0,132,11,143,0,0
2426,0.002800,17.258000,0,132,11,143,0,0
2427,0.003200,16.708100,0,132,11,143,0,0
2428,0.002300,16.417600,0,132,11,143,0,0
2429,0.002000,16.498700,0,132,11,143,0,0
2430,0.003200,17.234000,0,132,11,143,0,0
2431,0.002900,16.248400,0,132,11,143,0,0
2432,0.662200,17.049800,1722,132,11,143,0,11
2433,0.002900,16.658600,0,132,11,143,0,0
2434,0.001800,16.370000,0,132,11,143,0,0
2435,0.005000,16.974800,0,132,11,143,0,0
2436,0.003400,16.533000,0,132,11,143,0,0
2437,0.002900,16.404200,0,132,11,143,0,0
2438,0.001900,16.820200,0,132,11,143,0,0
2439,0.002400,16.774700,0,132,11,143,0,0
2440,0.002800,16.800700,0,132,11,143,0,0
2441,0.004600,17.058600,0,132,11,143,0,0
2442,0.004100,16.491000,0,132,11,143,0,0
2443,0.004500,16.157600,0,132,11,143,0,0
2444,0.559200,16.963000,1722,132,11,143,0,11
2445,0.003400,17.109200,0,132,11,143,0,0
2446,0.002700,16.479300,0,132,11,143,0,0
2447,0.003500,16.785200,0,132,11,143,0,0
2448,0.003600,16.358700,0,132,11,143,0,0
2449,0.003800,16.419400,0,132,11,143,0,0
2450,0.003600,17.086200,0,132,11,143,0,0
2451,0.003600,16.611000,0,132,11,143,0,0
2452,0.005700,16.557200,0,132,11,143,0,0
2453,0.002800,16.438400,0,132,11,143,0,0
2454,0.016600,18.875000,0,132,11,143,0,0
2455,0.002000,14.330300,0,132,11,143,0,0
2456,0.449400,16.993500,1722,132,11,143,0,11
2457,0.002500,16.797500,0,132,11,143,0,0
2458,0.003200,17.035300,0,132,11,143,0,0
2459,0.002700,16.468500,0,132,11,143,0,0
2460,0.002600,16.579000,0,132,11,143,0,0
2461,0.003000,16.456200,0,132,11,143,0,0
2462,0.003700,17.382100,0,132,11,143,0,0
2463,0.003100,16.510900,0,132,11,143,0,0
2464,0.003900,16.712100,0,132,11,143,0,0
2465,0.001700,16.102700,0,132,11,143,0,0
2466,0.004900,18.480500,0,132,11,143,0,0
2467,0.003500,14.941700,0,132,11,143,0,0
2468,1.369700,17.536300,1722,132,11,143,0,11
2469,0.004800,16.434300,0,132,11,143,0,0
2470,0.004000,16.542900,0,132,11,143,0,0
2471,0.004000,16.640000,0,132,11,143,0,0
2472,0.003300,16.707500,0,132,11,143,0,0
2473,0.004100,16.158300,0,132,11,143,0,0
2474,0.003800,17.110800,0,132,11,143,0,0
2475,0.004700,16.960300,0,132,11,143,0,0
2476,0.003600,16.628800,0,132,11,143,0,0
2477,0.004800,16.674300,0,132,11,143,0,0
2478,0.003700,16.601800,0,132,11,143,0,0
2479,0.001800,15.918100,0,132,11,143,0,0
2480,0.348700,16.850700,1722,132,11,143,0,11
2481,0.001800,16.674500,0,132,11,143,0,0
2482,0.001800,16.925100,0,132,11,143,0,0
2483,0.004200,17.348500,0,132,11,143,0,0
2484,0.003500,16.599500,0,132,11,143,0,0
2485,0.003400,15.927200,0,132,11,143,0,0
2486,0.003200,17.367600,0,132,11,143,0,0
2487,0.003700,16.285200,0,132,11,143,0,0
2488,0.003700,17.124700,0,132,11,143,0,0
2489,0.003900,16.376300,0,132,11,143,0,0
2490,0.003300,16.670600,0,132,11,143,0,0
2491,0.003800,16.180900,0,132,11,143,0,0
2492,0.999900,17.210000,1722,132,11,143,0,11
2493,0.003400,16.567200,0,132,11,143,0,0
2494,0.003900,17.587600,0,132,11,143,0,0
2495,0.004400,16.049600,0,132,11,143,0,0
2496,0.005300,16.544600,0,132,11,143,0,0
2497,0.004200,16.104400,0,132,11,143,0,0
2498,0.003900,17.332200,0,132,11,143,0,0
2499,0.004000,16.476500,0,132,11,143,0,0
2500,0.003900,16.907000,0,132,11,143,0,0
2501,0.003300,16.622500,0,132,11,143,0,0
2502,0.003500,16.581500,0,132,11,143,0,0
2503,0.004500,16.171900,0,132,11,143,0,0
2504,0.939000,17.135600,1722,132,11,143,0,11
2505,0.007600,16.516300,0,132,11,143,0,0
2506,0.003600,16.857300,0,132,11,143,0,0
2507,0.003600,16.491900,0,132,11,143,0,0
2508,0.004500,17.132100,0,132,11,143,0,0
2509,0.004500,16.105500,0,132,11,143,0,0
2510,0.003300,17.139200,0,132,11,143,0,0
2511,0.003100,16.557200,0,132,11,143,0,0
2512,0.007700,17.063100,0,132,11,143,0,0
2513,0.003000,16.168600,0,132,11,143,0,0
2514,0.002400,16.411300,0,132,11,143,0,0
2515,0.003700,16.413000,0,132,11,143,0,0
2516,0.503600,17.039700,1722,132,11,143,0,11
2517,0.002300,16.409700,0,132,11,143,0,0
2518,0.002700,16.834800,0,132,11,143,0,0
2519,0.002300,16.735300,0,132,11,143,0,0
2520,0.001800,16.560900,0,132,11,143,0,0
2521,0.721300,16.486300,1782,143,0,143,0,11
2522,0.003400,17.323600,0,143,0,143,0,0
2523,0.005000,16.605800,0,143,0,143,0,0
2524,0.003000,16.446900,0,143,0,143,0,0
2525,0.003500,16.830100,0,143,0,143,0,0
2526,0.003100,17.122200,0,143,0,143,0,0
2527,0.004300,15.859300,0,143,0,143,0,0
2528,1.076700,17.332500,1728,143,0,143,0,11
2529,0.002400,15.855500,0,143,0,143,0,0
2530,0.001800,16.694400,0,143,0,143,0,0
2531,0.003900,17.029400,0,143,0,143,0,0
2532,0.002400,16.368900,0,143,0,143,0,0
2533,0.003100,16.497000,0,143,0,143,0,0
2534,0.003900,17.175700,0,143,0,143,0,0
2535,0.001800,16.436900,0,143,0,143,0,0
2536,0.001800,16.484700,0,143,0,143,0,0
2537,0.002400,16.702000,0,143,0,143,0,0
2538,0.001800,16.655900,0,143,0,143,0,0
2539,0.002900,16.553900,0,143,0,143,0,0
2540,0.829000,17.106100,1728,142,1,143,0,11
2541,0.003800,16.931700,0,142,1,143,0,0
2542,0.003100,16.417300,0,142,1,143,0,0
2543,0.003100,16.877000,0,142,1,143,0,0
2544,0.003900,16.485200,0,142,1,143,0,0
2545,0.004600,16.378000,0,142,1,143,0,0
2546,0.001700,16.670900,0,142,1,143,0,0
2547,0.003000,16.975700,0,142,1,143,0,0
2548,0.004600,17.150200,0,142,1,143,0,0
2549,0.003300,16.544600,0,142,1,143,0,0
2550,0.003400,16.489500,0,142,1,143,0,0
2551,0.003300,16.026500,0,142,1,143,0,0
2552,0.527300,16.991100,1728,141,2,143,0,11
2553,0.002100,16.448600,0,141,2,143,0,0
2554,0.002600,16.862000,0,141,2,143,0,0
2555,0.003200,17.013500,0,141,2,143,0,0
2556,0.003600,16.464800,0,141,2,143,0,0
2557,0.003900,16.355700,0,141,2,143,0,0
2558,0.003100,17.051400,0,141,2,143,0,0
2559,0.003300,16.654300,0,141,2,143,0,0
2560,0.003100,16.848100,0,141,2,143,0,0
2561,0.003000,16.390100,0,141,2,143,0,0
2562,0.002700,16.588400,0,141,2,143,0,0
2563,0.005100,16.681000,0,141,2,143,0,0
2564,0.997500,17.132900,1728,140,3,143,0,11
2565,0.003100,16.862900,0,140,3,143,0,0
2566,0.003600,16.700700,0,140,3,143,0,0
2567,0.004100,16.834100,0,140,3,143,0,0
2568,0.002300,16.264400,0,140,3,143,0,0
2569,0.002200,16.745300,0,140,3,143,0,0
2570,0.003000,16.458000,0,140,3,143,0,0
2571,0.003300,17.382700,0,140,3,143,0,0
2572,0.003700,16.432100,0,140,3,143,0,0
2573,0.002000,16.234000,0,140,3,143,0,0
2574,0.002800,17.339000,0,140,3,143,0,0
2575,0.001900,16.165700,0,140,3,143,0,0
2576,0.797400,16.647200,1728,139,4,143,0,11
2577,0.003300,17.206400,0,139,4,143,0,0
2578,0.003200,16.673900,0,139,4,143,0,0
2579,0.003600,16.763600,0,139,4,143,0,0
2580,0.003800,16.404900,0,139,4,143,0,0
2581,0.003600,16.695500,0,139,4,143,0,0
2582,0.003100,16.332700,0,139,4,143,0,0
2583,0.001700,16.679500,0,139,4,143,0,0
2584,0.001900,16.592600,0,139,4,143,0,0
2585,0.004700,16.826100,0,139,4,143,0,0
2586,0.002100,16.903800,0,139,4,143,0,0
2587,0.335600,16.347600,1728,138,5,143,0,11
2588,0.002300,16.416800,0,138,5,143,0,0
2589,0.001800,16.848400,0,138,5,143,0,0
2590,0.002300,16.643400,0,138,5,143,0,0
2591,0.001800,16.694200,0,138,5,143,0,0
2592,0.001800,16.679400,0,138,5,143,0,0
2593,0.002500,16.761800,0,138,5,143,0,0
2594,0.001900,16.364600,0,138,5,143,0,0
2595,0.001800,16.879000,0,138,5,143,0,0
2596,0.002900,16.927200,0,138,5,143,0,0
2597,0.004500,16.643300,0,138,5,143,0,0
2598,0.001900,16.570400,0,138,5,143,0,0
2599,1.010400,16.843800,1728,137,6,143,0,11
2600,0.003700,16.403200,0,137,6,143,0,0
2601,0.003300,17.181200,0,137,6,143,0,0
2602,0.001900,16.223400,0,137,6,143,0,0
2603,0.002300,16.505200,0,137,6,143,0,0
2604,0.002600,16.741800,0,137,6,143,0,0
2605,0.001800,16.576500,0,137,6,143,0,0
2606,0.313000,16.558800,1782,143,0,143,0,11
2607,0.001800,16.776100,0,143,0,143,0,0
2608,0.001900,16.829500,0,143,0,143,0,0
2609,0.001900,16.513600,0,143,0,143,0,0
2610,0.002500,16.679700,0,143,0,143,0,0
2611,0.001600,16.724800,0,143,0,143,0,0
2612,0.457500,16.470300,1734,143,0,143,0,11
2613,0.004900,17.431900,0,143,0,143,0,0
2614,0.002400,16.143900,0,143,0,143,0,0
2615,0.003100,17.051000,0,143,0,143,0,0
2616,0.003300,16.736000,0,143,0,143,0,0
2617,0.002500,16.472700,0,143,0,143,0,0
2618,0.001800,16.302700,0,143,0,143,0,0
2619,0.002400,16.855200,0,143,0,143,0,0
2620,0.001700,16.753000,0,143,0,143,0,0
2621,0.002000,16.512600,0,143,0,143,0,0
2622,0.001600,16.667400,0,143,0,143,0,0
2623,0.349700,16.693700,1734,142,1,143,0,11
2624,0.002800,16.526800,0,142,1,143,0,0
2625,0.001800,16.874500,0,142,1,143,0,0
2626,0.002300,16.580100,0,142,1,143,0,0
2627,0.002000,16.844600,0,142,1,143,0,0
2628,0.001700,16.506400,0,142,1,143,0,0
2629,0.002400,16.639600,0,142,1,143,0,0
2630,0.002500,16.525300,0,142,1,143,0,0
2631,0.002400,17.029600,0,142,1,143,0,0
2632,0.002400,16.451000,0,142,1,143,0,0
2633,0.004600,16.784300,0,142,1,143,0,0
2634,0.002600,19.994600,0,142,1,143,0,0
2635,0.336200,13.552000,1734,141,2,143,0,11
2636,0.001900,16.410100,0,141,2,143,0,0
2637,0.003200,17.139500,0,141,2,143,0,0
2638,0.004000,16.939500,0,141,2,143,0,0
2639,0.002200,16.104300,0,141,2,143,0,0
2640,0.001700,16.653800,0,141,2,143,0,0
2641,0.002700,16.804800,0,141,2,143,0,0
2642,0.004500,17.297500,0,141,2,143,0,0
2643,0.002500,17.651000,0,141,2,143,0,0
2644,0.001700,15.000700,0,141,2,143,0,0
2645,0.002000,16.906400,0,141,2,143,0,0
2646,0.002000,16.811900,0,141,2,143,0,0
2647,0.470900,16.925400,1734,140,3,143,0,11
2648,0.002900,16.988900,0,140,3,143,0,0
2649,0.002900,15.806500,0,140,3,143,0,0
2650,0.003500,16.805200,0,140,3,143,0,0
2651,0.002200,16.563800,0,140,3,143,0,0
2652,0.002200,17.371400,0,140,3,143,0,0
2653,0.003500,16.432900,0,140,3,143,0,0
2654,0.002400,15.893300,0,140,3,143,0,0
2655,0.003400,17.256500,0,140,3,143,0,0
2656,0.002900,16.364300,0,140,3,143,0,0
2657,0.003300,18.556200,0,140,3,143,0,0
2658,0.002900,16.523200,0,140,3,143,0,0
2659,0.946900,15.245900,1734,139,4,143,0,11
2660,0.003700,16.053000,0,139,4,143,0,0
2661,0.002400,17.010200,0,139,4,143,0,0
2662,0.003300,18.474400,0,139,4,143,0,0
2663,0.003400,16.706600,0,139,4,143,0,0
2664,0.003400,15.009900,0,139,4,143,0,0
2665,0.003000,16.690300,0,139,4,143,0,0
2666,0.002200,16.154800,0,139,4,143,0,0
2667,0.003200,17.394500,0,139,4,143,0,0
2668,0.002700,16.941900,0,139,4,143,0,0
2669,0.003000,16.316200,0,139,4,143,0,0
2670,0.003800,16.567200,0,139,4,143,0,0
2671,0.901300,16.763900,1734,138,5,143,0,11
2672,0.003100,17.820100,0,138,5,143,0,0
2673,0.003400,17.437700,0,138,5,143,0,0
2674,0.002000,14.478300,0,138,5,143,0,0
2675,0.297600,16.700900,1782,143,0,143,0,11
2676,0.001900,17.620800,0,143,0,143,0,0
2677,0.004500,17.861600,0,143,0,143,0,0
2678,0.003900,15.947000,0,143,0,143,0,0
2679,0.003900,16.894900,0,143,0,143,0,0
2680,0.003300,16.732600,0,143,0,143,0,0
2681,0.003900,16.851500,0,143,0,143,0,0
2682,0.003800,16.902300,0,143,0,143,0,0
2683,0.429600,15.872000,1740,143,0,143,0,11
2684,0.002200,16.495300,0,143,0,143,0,0
2685,0.002600,16.966400,0,143,0,143,0,0
2686,0.003600,17.074500,0,143,0,143,0,0
2687,0.003600,16.462400,0,143,0,143,0,0
2688,0.003500,16.631800,0,143,0,143,0,0
2689,0.002400,16.505000,0,143,0,143,0,0
2690,0.004100,16.511900,0,143,0,143,0,0
2691,0.004200,17.121900,0,143,0,143,0,0
2692,0.003000,16.767000,0,143,0,143,0,0
2693,0.003600,16.764400,0,143,0,143,0,0
2694,0.002900,16.645400,0,143,0,143,0,0
2695,0.395800,16.272000,1740,142,1,143,0,11
2696,0.003300,16.716800,0,142,1,143,0,0
2697,0.001900,16.603500,0,142,1,143,0,0
2698,0.001600,16.599500,0,142,1,143,0,0
2699,0.002900,16.796800,0,142,1,143,0,0
2700,0.006600,17.486200,0,142,1,143,0,0
2701,0.002700,16.082000,0,142,1,143,0,0
2702,0.004600,16.445100,0,142,1,143,0,0
2703,0.004500,17.134600,0,142,1,143,0,0
2704,0.005500,16.719200,0,142,1,143,0,0
2705,0.004500,16.830800,0,142,1,143,0,0
2706,0.006600,17.931100,0,142,1,143,0,0
2707,0.579300,15.356600,1740,141,2,143,0,11
2708,0.004300,16.250800,0,141,2,143,0,0
2709,0.004000,17.027100,0,141,2,143,0,0
2710,0.004200,16.558400,0,141,2,143,0,0
2711,0.005800,16.668300,0,141,2,143,0,0
2712,0.005200,16.861100,0,141,2,143,0,0
2713,0.003400,16.545500,0,141,2,143,0,0
2714,0.007200,17.574500,0,141,2,143,0,0
2715,0.003800,17.086200,0,141,2,143,0,0
2716,0.005300,15.505500,0,141,2,143,0,0
2717,0.003600,16.457600,0,141,2,143,0,0
2718,0.003600,18.383900,0,141,2,143,0,0
2719,0.550200,15.343600,1740,140,3,143,0,11
2720,0.004300,16.683300,0,140,3,143,0,0
2721,0.003700,16.228800,0,140,3,143,0,0
2722,0.002900,17.244100,0,140,3,143,0,0
2723,0.003100,16.414200,0,140,3,143,0,0
2724,0.004200,16.759900,0,140,3,143,0,0
2725,0.003700,17.795400,0,140,3,143,0,0
2726,0.003900,15.911200,0,140,3,143,0,0
2727,0.005000,16.157400,0,140,3,143,0,0
2728,0.003100,17.512100,0,140,3,143,0,0
2729,0.004300,17.153400,0,140,3,143,0,0
2730,0.004300,16.324100,0,140,3,143,0,0
2731,0.529200,16.494800,1740,139,4,143,0,11
2732,0.003900,16.835800,0,139,4,143,0,0
2733,0.003100,16.165600,0,139,4,143,0,0
2734,0.004600,17.017400,0,139,4,143,0,0
2735,0.005100,19.093700,0,139,4,143,0,0
2736,0.005100,14.631000,0,139,4,143,0,0
2737,0.004400,16.688500,0,139,4,143,0,0
2738,0.517500,16.607800,1782,143,0,143,0,11
2739,0.002300,16.013600,0,143,0,143,0,0
2740,0.002100,16.797700,0,143,0,143,0,0
2741,0.002000,16.844800,0,143,0,143,0,0
2742,0.002200,16.568500,0,143,0,143,0,0
2743,0.366000,16.722300,1746,143,0,143,0,11
2744,0.002600,16.519500,0,143,0,143,0,0
2745,0.002900,16.492300,0,143,0,143,0,0
2746,0.002400,16.816500,0,143,0,143,0,0
2747,0.001700,16.695100,0,143,0,143,0,0
2748,0.001900,16.687700,0,143,0,143,0,0
2749,0.001800,16.630600,0,143,0,143,0,0
2750,0.002200,16.748700,0,143,0,143,0,0
2751,0.002300,16.400200,0,143,0,143,0,0
2752,0.003200,17.341900,0,143,0,143,0,0
2753,0.004000,17.043900,0,143,0,143,0,0
2754,0.002800,16.435300,0,143,0,143,0,0
2755,0.473600,16.190800,1746,142,1,143,0,11
2756,0.002500,16.727200,0,142,1,143,0,0
2757,0.002400,16.398700,0,142,1,143,0,0
2758,0.003000,16.874300,0,142,1,143,0,0
2759,0.001800,16.643400,0,142,1,143,0,0
2760,0.001900,16.673900,0,142,1,143,0,0
2761,0.002100,16.699600,0,142,1,143,0,0
2762,0.002800,16.677800,0,142,1,143,0,0
2763,0.002900,16.395200,0,142,1,143,0,0
2764,0.002900,16.936800,0,142,1,143,0,0
2765,0.002600,16.689200,0,142,1,143,0,0
2766,0.002800,16.924900,0,142,1,143,0,0
2767,0.553200,16.768900,1746,141,2,143,0,11
2768,0.019400,16.578700,0,141,2,143,0,0
2769,0.002800,16.287900,0,141,2,143,0,0
2770,0.002400,16.961100,0,141,2,143,0,0
2771,0.003700,16.538100,0,141,2,143,0,0
2772,0.002200,16.858200,0,141,2,143,0,0
2773,0.002500,16.605600,0,141,2,143,0,0
2774,0.001900,16.648400,0,141,2,143,0,0
2775,0.002500,16.409400,0,141,2,143,0,0
2776,0.002100,16.910900,0,141,2,143,0,0
2777,0.002400,16.581800,0,141,2,143,0,0
2778,0.003800,17.196800,0,141,2,143,0,0
2779,0.950900,17.010700,1746,140,3,143,0,11
2780,0.003600,16.458500,0,140,3,143,0,0
2781,0.003500,16.139700,0,140,3,143,0,0
2782,0.004400,17.304200,0,140,3,143,0,0
2783,0.003800,16.400200,0,140,3,143,0,0
2784,0.003400,16.858300,0,140,3,143,0,0
2785,0.003800,16.822500,0,140,3,143,0,0
2786,0.004100,16.491600,0,140,3,143,0,0
2787,0.003200,16.109200,0,140,3,143,0,0
2788,0.003500,16.994200,0,140,3,143,0,0
2789,0.003200,16.635200,0,140,3,143,0,0
2790,0.003300,17.100500,0,140,3,143,0,0
2791,1.281000,16.849000,1746,139,4,143,0,11
2792,0.004000,16.341000,0,139,4,143,0,0
2793,0.005300,16.535200,0,139,4,143,0,0
2794,0.004400,16.953800,0,139,4,143,0,0
2795,0.001800,16.262200,0,139,4,143,0,0
2796,0.003500,17.198200,0,139,4,143,0,0
2797,0.003600,16.721000,0,139,4,143,0,0
2798,0.003700,16.864900,0,139,4,143,0,0
2799,0.793200,16.077600,1782,143,0,143,0,11
2800,0.002800,17.091100,0,143,0,143,0,0
2801,0.003200,16.675200,0,143,0,143,0,0
2802,0.003300,16.670200,0,143,0,143,0,0
2803,1.024100,16.662800,1752,143,0,143,0,11
2804,0.003200,16.898900,0,143,0,143,0,0
2805,0.004600,16.132900,0,143,0,143,0,0
2806,0.002800,18.528300,0,143,0,143,0,0
2807,0.003300,15.943100,0,143,0,143,0,0
2808,0.001800,16.448000,0,143,0,143,0,0
2809,0.003000,16.736100,0,143,0,143,0,0
2810,0.001900,16.543700,0,143,0,143,0,0
2811,0.003000,16.717100,0,143,0,143,0,0
2812,0.002300,16.535600,0,143,0,143,0,0
2813,0.002500,16.776700,0,143,0,143,0,0
2814,0.002100,16.890000,0,143,0,143,0,0
2815,0.424600,16.425800,1752,142,1,143,0,11
2816,0.001700,16.650300,0,142,1,143,0,0
2817,0.003800,16.594900,0,142,1,143,0,0
2818,0.002900,16.830300,0,142,1,143,0,0
2819,0.003800,17.101600,0,142,1,143,0,0
2820,0.003100,17.071800,0,142,1,143,0,0
2821,0.003100,16.268700,0,142,1,143,0,0
2822,0.007600,17.785300,0,142,1,143,0,0
2823,0.006700,15.660100,0,142,1,143,0,0
2824,0.002100,16.620100,0,142,1,143,0,0
2825,0.002600,16.683400,0,142,1,143,0,0
2826,0.001900,16.709000,0,142,1,143,0,0
2827,1.292600,17.078500,1752,141,2,143,0,11
2828,0.003100,16.448300,0,141,2,143,0,0
2829,0.003700,16.732600,0,141,2,143,0,0
2830,0.005400,16.201100,0,141,2,143,0,0
2831,0.004300,17.195900,0,141,2,143,0,0
2832,0.003700,16.770500,0,141,2,143,0,0
2833,0.003000,16.374300,0,141,2,143,0,0
2834,0.002100,16.374900,0,141,2,143,0,0
2835,0.003700,17.148700,0,141,2,143,0,0
2836,0.003300,16.083100,0,141,2,143,0,0
2837,0.003400,17.232000,0,141,2,143,0,0
2838,0.003300,17.002300,0,141,2,143,0,0
2839,1.091400,16.458200,1752,140,3,143,0,11
2840,0.006900,16.315200,0,140,3,143,0,0
2841,0.003300,17.018700,0,140,3,143,0,0
2842,0.003500,15.987200,0,140,3,143,0,0
2843,0.003800,17.257700,0,140,3,143,0,0
2844,0.003300,16.499500,0,140,3,143,0,0
2845,0.003500,16.885800,0,140,3,143,0,0
2846,0.003100,16.633900,0,140,3,143,0,0
2847,0.004600,16.856400,0,140,3,143,0,0
2848,0.003700,15.957500,0,140,3,143,0,0
2849,0.003100,17.269300,0,140,3,143,0,0
2850,0.003700,16.417700,0,140,3,143,0,0
2851,1.110900,16.872400,1752,139,4,143,0,11
2852,0.003300,16.392600,0,139,4,143,0,0
2853,0.003800,17.019900,0,139,4,143,0,0
2854,0.002600,15.918100,0,139,4,143,0,0
2855,0.004600,17.317400,0,139,4,143,0,0
2856,0.003700,16.678000,0,139,4,143,0,0
2857,0.003400,16.663000,0,139,4,143,0,0
2858,0.004400,16.745700,0,139,4,143,0,0
2859,0.564500,16.303100,1782,143,0,143,0,11
2860,0.004700,16.525300,0,143,0,143,0,0
2861,0.002900,17.150600,0,143,0,143,0,0
2862,0.002300,16.190700,0,143,0,143,0,0
2863,1.025500,17.260800,1758,143,0,143,0,11
2864,0.003100,16.503800,0,143,0,143,0,0
2865,0.003300,16.619900,0,143,0,143,0,0
2866,0.003300,16.166100,0,143,0,143,0,0
2867,0.003400,17.374700,0,143,0,143,0,0
2868,0.003000,16.311800,0,143,0,143,0,0
2869,0.004500,17.016800,0,143,0,143,0,0
2870,0.003300,16.547400,0,143,0,143,0,0
2871,0.004000,16.770100,0,143,0,143,0,0
2872,0.003300,16.000700,0,143,0,143,0,0
2873,0.004100,17.330200,0,143,0,143,0,0
2874,0.006100,17.595000,0,143,0,143,0,0
2875,0.542500,15.453700,1758,142,1,143,0,11
2876,0.003100,17.029000,0,142,1,143,0,0
2877,0.002500,16.777900,0,142,1,143,0,0
2878,0.006300,16.334400,0,142,1,143,0,0
2879,0.003200,16.800700,0,142,1,143,0,0
2880,0.023500,20.447400,0,142,1,143,0,0
2881,0.023500,18.770900,0,142,1,143,0,0
2882,0.019100,14.146200,0,142,1,143,0,0
2883,0.003900,18.082900,0,142,1,143,0,0
2884,0.003000,16.420200,0,142,1,143,0,0
2885,0.003500,17.310700,0,142,1,143,0,0
2886,0.005200,17.044200,0,142,1,143,0,0
2887,0.666400,16.241600,1758,141,2,143,0,11
2888,0.016900,20.147900,0,141,2,143,0,0
2889,0.006200,16.424000,0,141,2,143,0,0
2890,0.002100,13.258900,0,141,2,143,0,0
2891,0.004100,18.741600,0,141,2,143,0,0
2892,0.005100,16.201300,0,141,2,143,0,0
2893,0.004600,17.414800,0,141,2,143,0,0
2894,0.003300,16.062500,0,141,2,143,0,0
2895,0.002800,16.622900,0,141,2,143,0,0
2896,0.003500,16.865100,0,141,2,143,0,0
2897,0.004800,17.682100,0,141,2,143,0,0
2898,0.004100,15.442100,0,141,2,143,0,0
2899,1.240000,17.825500,1758,140,3,143,0,11
2900,0.002800,15.944200,0,140,3,143,0,0
2901,0.003400,18.440400,0,140,3,143,0,0
2902,0.004900,15.100100,0,140,3,143,0,0
2903,0.005100,16.797900,0,140,3,143,0,0
2904,0.005300,16.096100,0,140,3,143,0,0
2905,0.006300,19.029600,0,140,3,143,0,0
2906,0.004400,15.228600,0,140,3,143,0,0
2907,0.004500,16.849900,0,140,3,143,0,0
2908,0.004200,17.228700,0,140,3,143,0,0
2909,0.006500,18.360800,0,140,3,143,0,0
2910,0.004700,14.388600,0,140,3,143,0,0
2911,1.454400,17.271500,1758,139,4,143,0,11
2912,0.002500,16.091800,0,139,4,143,0,0
2913,0.002900,16.784900,0,139,4,143,0,0
2914,0.003800,16.881700,0,139,4,143,0,0
2915,0.005200,16.802300,0,139,4,143,0,0
2916,0.005300,16.276400,0,139,4,143,0,0
2917,0.004100,17.235700,0,139,4,143,0,0
2918,0.006500,17.168700,0,139,4,143,0,0
2919,0.019200,17.407400,0,139,4,143,0,0
2920,0.004900,17.068200,0,139,4,143,0,0
2921,1.562000,18.016200,1782,143,0,143,0,11
2922,0.004200,14.063900,0,143,0,143,0,0
2923,0.943200,18.264600,1764,143,0,143,0,11
2924,0.005000,17.387900,0,143,0,143,0,0
2925,0.004100,13.759100,0,143,0,143,0,0
2926,0.003700,16.862400,0,143,0,143,0,0
2927,0.004900,18.132100,0,143,0,143,0,0
2928,0.002300,17.187300,0,143,0,143,0,0
2929,0.002300,16.168900,0,143,0,143,0,0
2930,0.001900,17.667400,0,143,0,143,0,0
2931,0.004700,15.106400,0,143,0,143,0,0
2932,0.001900,16.621100,0,143,0,143,0,0
2933,0.005400,23.315500,0,143,0,143,0,0
2934,0.493500,13.141600,1764,142,1,143,0,11
2935,0.004000,16.527300,0,142,1,143,0,0
2936,0.002700,16.743500,0,142,1,143,0,0
2937,0.002200,16.562600,0,142,1,143,0,0
2938,0.003100,16.658300,0,142,1,143,0,0
2939,0.004000,16.775700,0,142,1,143,0,0
2940,0.003500,17.273600,0,142,1,143,0,0
2941,0.003700,16.010000,0,142,1,143,0,0
2942,0.004800,17.562100,0,142,1,143,0,0
2943,0.006800,17.340100,0,142,1,143,0,0
2944,0.003500,15.131600,0,142,1,143,0,0
2945,0.004900,16.749200,0,142,1,143,0,0
2946,0.479700,17.018700,1764,141,2,143,0,11
2947,0.003800,16.025400,0,141,2,143,0,0
2948,0.001800,16.728000,0,141,2,143,0,0
2949,0.002200,16.530300,0,141,2,143,0,0
2950,0.004100,17.033800,0,141,2,143,0,0
2951,0.004400,16.655200,0,141,2,143,0,0
2952,0.003900,16.594200,0,141,2,143,0,0
2953,0.004400,17.106300,0,141,2,143,0,0
2954,0.005400,16.438300,0,141,2,143,0,0
2955,0.004900,16.702600,0,141,2,143,0,0
2956,0.003700,16.940200,0,141,2,143,0,0
2957,0.005100,17.211100,0,141,2,143,0,0
2958,0.676100,16.269500,1764,140,3,143,0,11
2959,0.002500,17.317900,0,140,3,143,0,0
2960,0.003900,15.499800,0,140,3,143,0,0
2961,0.002700,17.051500,0,140,3,143,0,0
2962,0.004900,16.751600,0,140,3,143,0,0
2963,0.003600,16.979800,0,140,3,143,0,0
2964,0.005200,16.724600,0,140,3,143,0,0
2965,0.003200,16.279600,0,140,3,143,0,0
2966,0.002800,16.385100,0,140,3,143,0,0
2967,0.001900,16.600000,0,140,3,143,0,0
2968,0.002400,16.686600,0,140,3,143,0,0
2969,0.002300,16.695700,0,140,3,143,0,0
2970,0.373700,16.719200,1764,139,4,143,0,11
2971,0.004900,17.018800,0,139,4,143,0,0
2972,0.003900,16.317300,0,139,4,143,0,0
2973,0.003400,16.793600,0,139,4,143,0,0
2974,0.002000,16.488000,0,139,4,143,0,0
2975,0.001900,16.599300,0,139,4,143,0,0
2976,0.002800,17.035400,0,139,4,143,0,0
2977,0.003100,16.469700,0,139,4,143,0,0
2978,0.003300,16.531800,0,139,4,143,0,0
2979,0.003200,16.852200,0,139,4,143,0,0
2980,0.002800,16.710300,0,139,4,143,0,0
2981,0.002100,16.397200,0,139,4,143,0,0
2982,0.485900,16.830500,1764,138,5,143,0,11
2983,0.002100,16.566900,0,138,5,143,0,0
2984,0.002100,16.443100,0,138,5,143,0,0
2985,0.002800,16.953700,0,138,5,143,0,0
2986,0.002400,16.518600,0,138,5,143,0,0
2987,0.002400,16.810000,0,138,5,143,0,0
2988,0.002900,16.783200,0,138,5,143,0,0
2989,0.004200,17.012800,0,138,5,143,0,0
2990,0.002900,16.104200,0,138,5,143,0,0
2991,0.510700,17.009000,1782,143,0,143,0,11
2992,0.004800,16.995000,0,143,0,143,0,0
2993,0.003300,16.600000,0,143,0,143,0,0
2994,0.495600,16.328800,1770,143,0,143,0,11
2995,0.002600,16.686400,0,143,0,143,0,0
2996,0.003200,16.369600,0,143,0,143,0,0
2997,0.002000,16.884500,0,143,0,143,0,0
2998,0.002700,16.997600,0,143,0,143,0,0
2999,0.004700,19.193400,0,143,0,143,0,0
3000,0.004100,14.136900,0,143,0,143,0,0
3001,0.004200,17.989400,0,143,0,143,0,0
3002,0.003000,15.307700,0,143,0,143,0,0
3003,0.004300,17.204500,0,143,0,143,0,0
3004,0.004500,16.605600,0,143,0,143,0,0
3005,0.007500,17.170800,0,143,0,143,0,0
3006,0.918200,16.427900,1770,142,1,143,0,11
3007,0.004200,16.012200,0,142,1,143,0,0
3008,0.002800,16.188800,0,142,1,143,0,0
3009,0.002000,16.848900,0,142,1,143,0,0
3010,0.002000,16.679400,0,142,1,143,0,0
3011,0.003100,16.823200,0,142,1,143,0,0
3012,0.002200,16.685200,0,142,1,143,0,0
3013,0.002400,16.932400,0,142,1,143,0,0
3014,0.003700,16.091400,0,142,1,143,0,0
3015,0.002900,16.960800,0,142,1,143,0,0
3016,0.004800,16.733500,0,142,1,143,0,0
3017,0.004000,16.709800,0,142,1,143,0,0
3018,0.434900,16.547900,1770,141,2,143,0,11
3019,0.005600,23.759000,0,141,2,143,0,0
3020,0.002600,9.353200,0,141,2,143,0,0
3021,0.004200,16.964000,0,141,2,143,0,0
3022,0.003000,16.574300,0,141,2,143,0,0
3023,0.003000,16.645100,0,141,2,143,0,0
3024,0.004000,16.672600,0,141,2,143,0,0
3025,0.001900,17.070900,0,141,2,143,0,0
3026,0.003200,16.478400,0,141,2,143,0,0
3027,0.002300,16.945800,0,141,2,143,0,0
3028,0.003200,16.780400,0,141,2,143,0,0
3029,0.003400,17.141700,0,141,2,143,0,0
3030,1.502100,17.132200,1770,140,3,143,0,11
3031,0.004500,17.880000,0,140,3,143,0,0
3032,0.005800,16.286400,0,140,3,143,0,0
3033,0.002800,16.974400,0,140,3,143,0,0
3034,0.003300,16.705200,0,140,3,143,0,0
3035,0.003100,16.573000,0,140,3,143,0,0
3036,0.002600,16.427100,0,140,3,143,0,0
3037,0.002300,16.484300,0,140,3,143,0,0
3038,0.003500,16.718700,0,140,3,143,0,0
3039,0.003200,17.170900,0,140,3,143,0,0
3040,0.003100,16.711700,0,140,3,143,0,0
3041,0.003500,16.801800,0,140,3,143,0,0
3042,1.418800,16.765000,1770,139,4,143,0,11
3043,0.004200,16.572900,0,139,4,143,0,0
3044,0.003600,16.055300,0,139,4,143,0,0
3045,0.003800,16.911200,0,139,4,143,0,0
3046,0.005300,17.024700,0,139,4,143,0,0
3047,0.003400,16.569500,0,139,4,143,0,0
3048,0.004900,16.720900,0,139,4,143,0,0
3049,0.003400,16.660900,0,139,4,143,0,0
3050,0.003200,16.188500,0,139,4,143,0,0
3051,0.004800,17.145400,0,139,4,143,0,0
3052,0.004200,16.797900,0,139,4,143,0,0
3053,0.002800,16.063200,0,139,4,143,0,0
3054,0.645700,16.923000,1770,138,5,143,0,11
3055,0.002600,16.295900,0,138,5,143,0,0
3056,0.008000,16.575400,0,138,5,143,0,0
3057,0.006300,16.767100,0,138,5,143,0,0
3058,0.002700,16.732200,0,138,5,143,0,0
3059,0.002800,16.754900,0,138,5,143,0,0
3060,0.004200,16.840800,0,138,5,143,0,0
3061,0.004600,16.798600,0,138,5,143,0,0
3062,0.004200,16.318300,0,138,5,143,0,0
3063,0.004200,17.016900,0,138,5,143,0,0
3064,0.003600,16.761300,0,138,5,143,0,0
3065,0.003400,16.703400,0,138,5,143,0,0
3066,1.331500,17.130500,1770,137,6,143,0,11
3067,0.004300,16.140500,0,137,6,143,0,0
3068,0.006000,17.900000,0,137,6,143,0,0
3069,0.004800,15.804500,0,137,6,143,0,0
3070,0.003700,17.172800,0,137,6,143,0,0
3071,0.003200,16.344000,0,137,6,143,0,0
3072,0.003600,16.906500,0,137,6,143,0,0
3073,0.001700,16.077500,0,137,6,143,0,0
3074,0.014100,18.106200,0,137,6,143,0,0
3075,0.001800,15.049300,0,137,6,143,0,0
3076,0.662600,18.412800,1848,143,0,143,0,11
3077,0.001800,15.197100,0,143,0,143,0,0
3078,1.262700,17.687800,1782,143,0,143,0,11
3079,0.003700,16.133100,0,143,0,143,0,0
3080,0.004900,16.566800,0,143,0,143,0,0
3081,0.003800,16.254000,0,143,0,143,0,0
3082,0.003300,17.218500,0,143,0,143,0,0
3083,0.003700,16.725100,0,143,0,143,0,0
3084,0.004200,16.687100,0,143,0,143,0,0
3085,0.003300,16.543400,0,143,0,143,0,0
3086,0.003700,16.823500,0,143,0,143,0,0
3087,0.003900,16.486700,0,143,0,143,0,0
3088,0.003500,17.161500,0,143,0,143,0,0
3089,0.003300,16.760900,0,143,0,143,0,0
3090,1.048200,16.428000,1782,142,1,143,0,11
3091,0.001900,16.402900,0,142,1,143,0,0
3092,0.002200,16.961000,0,142,1,143,0,0
3093,0.001700,16.118400,0,142,1,143,0,0
3094,0.003000,18.796300,0,142,1,143,0,0
3095,0.002300,14.960800,0,142,1,143,0,0
3096,0.018500,18.089500,0,142,1,143,0,0
3097,0.001700,15.193200,0,142,1,143,0,0
3098,0.002000,18.604000,0,142,1,143,0,0
3099,0.002100,14.462900,0,142,1,143,0,0
3100,0.018100,18.140000,0,142,1,143,0,0
3101,0.002300,15.549100,0,142,1,143,0,0
3102,0.441800,18.438100,1782,141,2,143,0,11
3103,0.002100,14.739900,0,141,2,143,0,0
3104,0.002400,18.545700,0,141,2,143,0,0
3105,0.002200,14.593000,0,141,2,143,0,0
3106,0.002500,18.535800,0,141,2,143,0,0
3107,0.001700,14.996200,0,141,2,143,0,0
3108,0.001800,16.765300,0,141,2,143,0,0
3109,0.001700,16.635600,0,141,2,143,0,0
3110,0.002400,18.653500,0,141,2,143,0,0
3111,0.001900,14.445900,0,141,2,143,0,0
3112,0.002500,17.237700,0,141,2,143,0,0
3113,0.003400,16.771800,0,141,2,143,0,0
3114,0.611400,16.399400,1782,140,3,143,0,11
3115,0.002100,16.722100,0,140,3,143,0,0
3116,0.016700,17.314200,0,140,3,143,0,0
3117,0.002300,15.605900,0,140,3,143,0,0
3118,0.384100,18.078100,0,140,3,143,0,0
3119,0.003400,15.634100,0,140,3,143,0,0
3120,0.002400,18.162100,0,140,3,143,0,0
3121,0.003000,15.358800,0,140,3,143,0,0
3122,0.004700,16.890000,0,140,3,143,0,0
3123,0.003500,16.067000,0,140,3,143,0,0
3124,0.003300,17.348600,0,140,3,143,0,0
3125,0.004000,16.510700,0,140,3,143,0,0
3126,1.603100,18.340500,1782,139,4,143,0,11
3127,0.003500,15.020000,0,139,4,143,0,0
3128,0.003400,16.788900,0,139,4,143,0,0
3129,0.004800,16.316400,0,139,4,143,0,0
3130,0.003900,17.335200,0,139,4,143,0,0
3131,0.003500,17.801400,0,139,4,143,0,0
3132,0.022000,17.218200,0,139,4,143,0,0
3133,0.005300,16.254600,0,139,4,143,0,0
3134,0.003700,15.014900,0,139,4,143,0,0
3135,0.001800,16.154000,0,139,4,143,0,0
3136,0.003000,19.214800,0,139,4,143,0,0
3137,0.002600,15.912500,0,139,4,143,0,0
3138,1.155400,15.394300,1782,138,5,143,0,11
3139,0.003800,16.911400,0,138,5,143,0,0
3140,0.018600,17.062100,0,138,5,143,0,0
3141,0.004000,15.951300,0,138,5,143,0,0
3142,0.003800,17.018000,0,138,5,143,0,0
3143,0.004400,16.967000,0,138,5,143,0,0
3144,0.003800,16.462400,0,138,5,143,0,0
3145,0.003100,16.541200,0,138,5,143,0,0
3146,0.005100,18.632300,0,138,5,143,0,0
3147,0.005600,14.830000,0,138,5,143,0,0
3148,0.003800,16.734800,0,138,5,143,0,0
3149,0.003600,16.738900,0,138,5,143,0,0
3150,1.105400,16.663400,1782,137,6,143,0,11
3151,0.004600,18.362600,0,137,6,143,0,0
3152,0.005600,15.321400,0,137,6,143,0,0
3153,0.004700,15.842200,0,137,6,143,0,0
3154,0.003600,17.145300,0,137,6,143,0,0
3155,0.003800,16.634000,0,137,6,143,0,0
3156,0.003400,16.882800,0,137,6,143,0,0
3157,0.003400,16.432700,0,137,6,143,0,0
3158,0.003700,16.842700,0,137,6,143,0,0
3159,0.003500,16.218200,0,137,6,143,0,0
3160,0.023300,18.751400,0,137,6,143,0,0
3161,0.005800,15.303300,0,137,6,143,0,0
3162,1.354900,16.657100,1782,136,7,143,0,11
3163,0.003200,16.638700,0,136,7,143,0,0
3164,0.004100,16.418100,0,136,7,143,0,0
3165,0.003400,16.262600,0,136,7,143,0,0
3166,0.016100,18.525800,0,136,7,143,0,0
3167,0.003100,15.294900,0,136,7,143,0,0
3168,0.013300,18.204600,0,136,7,143,0,0
3169,0.004100,15.300600,0,136,7,143,0,0
3170,0.002900,16.703800,0,136,7,143,0,0
3171,0.002800,15.880600,0,136,7,143,0,0
3172,0.011300,22.567500,0,136,7,143,0,0
3173,0.001900,11.155900,0,136,7,143,0,0
3174,1.244900,18.622400,1782,135,8,143,0,11
3175,0.003700,15.107700,0,135,8,143,0,0
3176,0.004700,18.743000,0,135,8,143,0,0
3177,0.004600,14.268300,0,135,8,143,0,0
3178,0.015300,18.194500,0,135,8,143,0,0
3179,0.003600,15.288500,0,135,8,143,0,0
3180,0.003400,16.949900,0,135,8,143,0,0
3181,0.003300,16.397100,0,135,8,143,0,0
3182,0.002500,17.408200,0,135,8,143,0,0
3183,0.004000,15.618300,0,135,8,143,0,0
3184,0.015000,18.723300,0,135,8,143,0,0
3185,0.003200,15.278800,0,135,8,143,0,0
3186,1.407600,18.849200,1782,134,9,143,0,11
3187,0.004100,14.431000,0,134,9,143,0,0
3188,0.025200,17.939500,0,134,9,143,0,0
3189,0.004700,14.801300,0,134,9,143,0,0
3190,0.008400,17.047700,0,134,9,143,0,0
3191,0.003500,16.707500,0,134,9,143,0,0
3192,0.018500,17.881900,0,134,9,143,0,0
3193,0.003200,15.438400,0,134,9,143,0,0
3194,0.002700,18.010100,0,134,9,143,0,0
3195,0.004500,15.116200,0,134,9,143,0,0
3196,0.003600,18.706000,0,134,9,143,0,0
3197,0.003400,15.156200,0,134,9,143,0,0
3198,1.084800,18.254300,1782,133,10,143,0,11
3199,0.003400,15.326900,0,133,10,143,0,0
3200,0.003700,16.789400,0,133,10,143,0,0
3201,0.003400,16.007000,0,133,10,143,0,0
3202,0.004800,19.202000,0,133,10,143,0,0
3203,0.003400,14.879500,0,133,10,143,0,0
3204,0.003600,18.104200,0,133,10,143,0,0
3205,0.003900,15.455000,0,133,10,143,0,0
3206,0.003900,18.014200,0,133,10,143,0,0
3207,0.003600,14.580800,0,133,10,143,0,0
3208,0.003400,18.504600,0,133,10,143,0,0
3209,0.004000,15.536700,0,133,10,143,0,0
3210,1.078400,18.005400,1782,132,11,143,0,11
3211,0.003400,15.493900,0,132,11,143,0,0
3212,0.003200,17.857200,0,132,11,143,0,0
3213,0.003700,14.792300,0,132,11,143,0,0
3214,0.005000,20.488900,0,132,11,143,0,0
3215,0.004000,13.422400,0,132,11,143,0,0
3216,0.003600,18.266400,0,132,11,143,0,0
3217,0.001800,14.523200,0,132,11,143,0,0
3218,0.002900,16.818000,0,132,11,143,0,0
3219,0.003200,16.517600,0,132,11,143,0,0
3220,0.003400,17.243900,0,132,11,143,0,0
3221,0.003300,16.391000,0,132,11,143,0,0
3222,0.944500,16.985600,1782,132,11,143,0,11
3223,0.003700,16.645100,0,132,11,143,0,0
3224,0.004100,18.448400,0,132,11,143,0,0
3225,0.004000,14.367300,0,132,11,143,0,0
3226,0.003500,18.791300,0,132,11,143,0,0
3227,0.003600,14.871200,0,132,11,143,0,0
3228,0.004700,18.553400,0,132,11,143,0,0
3229,0.001700,14.447500,0,132,11,143,0,0
3230,0.016300,18.961800,0,132,11,143,0,0
3231,0.004000,14.380600,0,132,11,143,0,0
3232,0.003200,17.286400,0,132,11,143,0,0
3233,0.003200,16.193600,0,132,11,143,0,0
3234,0.534300,18.418500,1782,132,11,143,0,11
3235,0.003300,15.282400,0,132,11,143,0,0
3236,0.002400,16.261000,0,132,11,143,0,0
3237,0.001900,16.331000,0,132,11,143,0,0
3238,0.002300,16.949000,0,132,11,143,0,0
3239,0.001700,16.592500,0,132,11,143,0,0
3240,0.002700,17.551300,0,132,11,143,0,0
3241,0.002800,15.991300,0,132,11,143,0,0
3242,0.004300,17.007400,0,132,11,143,0,0
3243,0.001900,15.996500,0,132,11,143,0,0
3244,0.002500,17.175900,0,132,11,143,0,0
3245,0.002400,16.249800,0,132,11,143,0,0
3246,0.464100,17.484400,1782,132,11,143,0,11
3247,0.001800,15.980300,0,132,11,143,0,0
3248,0.002800,16.756700,0,132,11,143,0,0
3249,0.002000,16.480200,0,132,11,143,0,0
3250,0.003000,16.582400,0,132,11,143,0,0
3251,0.001600,16.710900,0,132,11,143,0,0
3252,0.002800,16.843400,0,132,11,143,0,0
3253,0.001700,16.508300,0,132,11,143,0,0
3254,0.004000,18.409500,0,132,11,143,0,0
3255,0.002900,15.088300,0,132,11,143,0,0
3256,0.003100,16.516600,0,132,11,143,0,0
3257,0.001800,16.642900,0,132,11,143,0,0
3258,0.403000,17.460500,1782,132,11,143,0,11
3259,0.001800,15.892700,0,132,11,143,0,0
3260,0.001800,16.731400,0,132,11,143,0,0
3261,0.004900,16.884800,0,132,11,143,0,0
3262,0.002700,16.322500,0,132,11,143,0,0
3263,0.001800,16.812900,0,132,11,143,0,0
3264,0.002800,16.861400,0,132,11,143,0,0
3265,0.001700,16.501400,0,132,11,143,0,0
3266,0.002500,16.824500,0,132,11,143,0,0
3267,0.002300,16.604300,0,132,11,143,0,0
3268,0.004000,16.816900,0,132,11,143,0,0
3269,0.001800,16.427300,0,132,11,143,0,0
3270,0.397700,16.926600,1782,132,11,143,0,11
3271,0.001700,16.385600,0,132,11,143,0,0
3272,0.003900,16.895000,0,132,11,143,0,0
3273,0.001900,16.495400,0,132,11,143,0,0
3274,0.003600,16.611700,0,132,11,143,0,0
3275,0.002500,16.929900,0,132,11,143,0,0
3276,0.003200,16.512500,0,132,11,143,0,0
3277,0.001700,16.563800,0,132,11,143,0,0
3278,0.003200,16.902100,0,132,11,143,0,0
3279,0.001800,16.514000,0,132,11,143,0,0
3280,0.002500,16.593400,0,132,11,143,0,0
3281,0.001800,16.636200,0,132,11,143,0,0
3282,0.680300,17.124600,1782,132,11,143,0,11
3283,0.002400,16.223200,0,132,11,143,0,0
3284,0.004000,16.777000,0,132,11,143,0,0
3285,0.002200,16.663100,0,132,11,143,0,0
3286,0.002600,16.513400,0,132,11,143,0,0
3287,0.003000,17.058800,0,132,11,143,0,0
3288,0.002600,18.388700,0,132,11,143,0,0
3289,0.002100,14.867700,0,132,11,143,0,0
3290,0.002200,16.574100,0,132,11,143,0,0
3291,0.001600,16.624400,0,132,11,143,0,0
3292,0.002500,16.479200,0,132,11,143,0,0
3293,0.003000,16.952200,0,132,11,143,0,0
3294,1.214600,18.255700,1782,132,11,143,0,11
3295,0.004500,15.724200,0,132,11,143,0,0
3296,0.002900,18.530400,0,132,11,143,0,0
3297,0.002000,14.114100,0,132,11,143,0,0
3298,0.003200,16.661700,0,132,11,143,0,0
3299,0.002200,16.680100,0,132,11,143,0,0
3300,0.001900,16.788800,0,132,11,143,0,0
3301,0.001600,16.451000,0,132,11,143,0,0
3302,0.003200,16.869000,0,132,11,143,0,0
3303,0.002100,16.561900,0,132,11,143,0,0
3304,0.003100,17.056800,0,132,11,143,0,0
3305,0.002300,16.255600,0,132,11,143,0,0
3306,1.271300,18.293900,1782,132,11,143,0,11
3307,0.003800,15.340400,0,132,11,143,0,0
3308,0.003200,17.547400,0,132,11,143,0,0
3309,0.002600,15.704100,0,132,11,143,0,0
3310,0.003900,16.479000,0,132,11,143,0,0
3311,0.001700,16.650700,0,132,11,143,0,0
3312,0.001900,16.924100,0,132,11,143,0,0
3313,0.002900,16.718100,0,132,11,143,0,0
3314,0.003600,17.772300,0,132,11,143,0,0
3315,0.003400,15.904100,0,132,11,143,0,0
3316,0.003300,16.562800,0,132,11,143,0,0
3317,0.003600,17.167000,0,132,11,143,0,0
3318,0.479700,16.137000,1782,132,11,143,0,11
3319,0.002700,16.587900,0,132,11,143,0,0
3320,0.002800,16.997900,0,132,11,143,0,0
3321,0.003600,16.612600,0,132,11,143,0,0
3322,0.004400,17.065300,0,132,11,143,0,0
3323,0.003900,16.450000,0,132,11,143,0,0
3324,0.003700,17.430900,0,132,11,143,0,0
3325,0.002300,15.598000,0,132,11,143,0,0
3326,0.002600,17.718700,0,132,11,143,0,0
3327,0.002900,15.958500,0,132,11,143,0,0
3328,0.004100,16.543000,0,132,11,143,0,0
3329,0.003600,16.686300,0,132,11,143,0,0
3330,1.004700,16.892400,1782,132,11,143,0,11
3331,0.003300,16.441700,0,132,11,143,0,0
3332,0.005200,18.485300,0,132,11,143,0,0
3333,0.003800,15.161800,0,132,11,143,0,0
3334,0.004400,17.984200,0,132,11,143,0,0
3335,0.003400,15.072900,0,132,11,143,0,0
3336,0.003400,17.289100,0,132,11,143,0,0
3337,0.003400,16.264800,0,132,11,143,0,0
3338,0.003400,17.562900,0,132,11,143,0,0
3339,0.003800,15.640000,0,132,11,143,0,0
3340,0.006100,16.989100,0,132,11,143,0,0
3341,0.003400,16.426100,0,132,11,143,0,0
3342,1.043200,17.745000,1782,132,11,143,0,11
3343,0.003100,15.918000,0,132,11,143,0,0
3344,0.004100,16.950600,0,132,11,143,0,0
3345,0.003000,15.940500,0,132,11,143,0,0
3346,0.003100,16.293700,0,132,11,143,0,0
3347,0.002300,16.850400,0,132,11,143,0,0
3348,0.003000,16.782300,0,132,11,143,0,0
3349,0.003300,16.868300,0,132,11,143,0,0
3350,0.003800,17.705900,0,132,11,143,0,0
3351,0.002000,15.299200,0,132,11,143,0,0
3352,0.002000,16.413500,0,132,11,143,0,0
3353,0.002600,18.093100,0,132,11,143,0,0
3354,0.461600,15.819200,1782,132,11,143,0,11
3355,0.003100,16.505700,0,132,11,143,0,0
3356,0.002200,16.677600,0,132,11,143,0,0
3357,0.001700,16.561000,0,132,11,143,0,0
3358,0.002600,16.506100,0,132,11,143,0,0
3359,0.003500,17.341500,0,132,11,143,0,0
3360,0.003800,16.866800,0,132,11,143,0,0
3361,0.003000,16.422600,0,132,11,143,0,0
3362,0.003900,16.724100,0,132,11,143,0,0
3363,0.004700,17.375200,0,132,11,143,0,0
3364,0.004800,16.454700,0,132,11,143,0,0
3365,0.001900,15.814300,0,132,11,143,0,0
3366,0.422200,16.755200,1782,132,11,143,0,11
3367,0.002900,17.831100,0,132,11,143,0,0
3368,0.002300,15.220800,0,132,11,143,0,0
3369,0.001700,16.637200,0,132,11,143,0,0
3370,0.001800,16.482800,0,132,11,143,0,0
3371,0.001800,16.885200,0,132,11,143,0,0
3372,0.004400,16.930400,0,132,11,143,0,0
3373,0.002300,16.527800,0,132,11,143,0,0
3374,0.002400,16.786300,0,132,11,143,0,0
3375,0.001900,16.432000,0,132,11,143,0,0
3376,0.002100,16.447700,0,132,11,143,0,0
3377,0.004300,17.704200,0,132,11,143,0,0
3378,0.407600,16.110100,1782,132,11,143,0,11
3379,0.001700,16.785900,0,132,11,143,0,0
3380,0.002600,16.701200,0,132,11,143,0,0
3381,0.006400,16.795700,0,132,11,143,0,0
3382,0.003200,16.252500,0,132,11,143,0,0
3383,0.001800,16.609100,0,132,11,143,0,0
3384,0.001900,16.636500,0,132,11,143,0,0
3385,0.002000,16.816100,0,132,11,143,0,0
3386,0.002500,17.973700,0,132,11,143,0,0
3387,0.002200,15.313000,0,132,11,143,0,0
3388,0.001900,16.436800,0,132,11,143,0,0
3389,0.001600,16.832400,0,132,11,143,0,0
3390,0.365300,16.698900,1782,132,11,143,0,11
3391,0.002100,16.796100,0,132,11,143,0,0
3392,0.002500,16.597700,0,132,11,143,0,0
3393,0.001600,16.557200,0,132,11,143,0,0
3394,0.002500,16.677700,0,132,11,143,0,0
3395,0.001700,16.689700,0,132,11,143,0,0
3396,0.002300,17.561900,0,132,11,143,0,0
3397,0.002200,15.747000,0,132,11,143,0,0
3398,0.001700,16.659500,0,132,11,143,0,0
3399,0.001500,16.662200,0,132,11,143,0,0
3400,0.002400,16.517700,0,132,11,143,0,0
3401,0.002300,16.817000,0,132,11,143,0,0
3402,0.648400,16.906200,1782,132,11,143,0,11
3403,0.002100,16.580300,0,132,11,143,0,0
3404,0.002000,16.626300,0,132,11,143,0,0
3405,0.001700,16.583500,0,132,11,143,0,0
3406,0.002300,16.506700,0,132,11,143,0,0
3407,0.001800,16.856400,0,132,11,143,0,0
3408,0.002000,16.763700,0,132,11,143,0,0
3409,0.001800,16.670200,0,132,11,143,0,0
3410,0.004300,17.386300,0,132,11,143,0,0
3411,0.002100,16.049600,0,132,11,143,0,0
3412,0.003900,17.601200,0,132,11,143,0,0
3413,0.002700,15.684800,0,132,11,143,0,0
3414,0.358700,16.547700,1782,132,11,143,0,11
3415,0.001700,16.643500,0,132,11,143,0,0
3416,0.002400,16.695400,0,132,11,143,0,0
3417,0.002700,16.658700,0,132,11,143,0,0
3418,0.002300,16.528800,0,132,11,143,0,0
3419,0.001800,16.852100,0,132,11,143,0,0
3420,0.001900,16.634800,0,132,11,143,0,0
3421,0.002200,16.638600,0,132,11,143,0,0
3422,0.002500,16.665800,0,132,11,143,0,0
3423,0.001800,16.676400,0,132,11,143,0,0
3424,0.002200,16.525900,0,132,11,143,0,0
3425,0.001800,16.820400,0,132,11,143,0,0
3426,0.379200,16.882500,1782,132,11,143,0,11
3427,0.003800,16.549500,0,132,11,143,0,0
3428,0.001800,16.540900,0,132,11,143,0,0
3429,0.002400,16.654200,0,132,11,143,0,0
3430,0.003500,17.440000,0,132,11,143,0,0
3431,0.001700,16.486400,0,132,11,143,0,0
3432,0.001800,16.652900,0,132,11,143,0,0
3433,0.001700,16.654100,0,132,11,143,0,0
3434,0.001700,16.696400,0,132,11,143,0,0
3435,0.001700,16.652700,0,132,11,143,0,0
3436,0.002600,16.551100,0,132,11,143,0,0
3437,0.002400,16.797700,0,132,11,143,0,0
3438,0.396100,16.972100,1782,132,11,143,0,11
3439,0.001800,16.384100,0,132,11,143,0,0
3440,0.001900,16.676700,0,132,11,143,0,0
3441,0.002100,16.705000,0,132,11,143,0,0
3442,0.002300,16.530100,0,132,11,143,0,0
3443,0.002300,16.828700,0,132,11,143,0,0
3444,0.001700,16.677700,0,132,11,143,0,0
3445,0.002800,16.978200,0,132,11,143,0,0
3446,0.003000,16.434600,0,132,11,143,0,0
3447,0.002300,16.633100,0,132,11,143,0,0
3448,0.001800,16.466300,0,132,11,143,0,0
3449,0.001600,16.810500,0,132,11,143,0,0
3450,0.327300,16.681400,1782,132,11,143,0,11
3451,0.002300,16.754200,0,132,11,143,0,0
3452,0.002400,16.856000,0,132,11,143,0,0
3453,0.001900,16.637000,0,132,11,143,0,0
3454,0.002300,16.299800,0,132,11,143,0,0
3455,0.002200,16.966600,0,132,11,143,0,0
3456,0.001800,16.672000,0,132,11,143,0,0
3457,0.001700,16.565600,0,132,11,143,0,0
3458,0.001900,16.781600,0,132,11,143,0,0
3459,0.002000,16.505400,0,132,11,143,0,0
3460,0.002300,16.504300,0,132,11,143,0,0
3461,0.001600,16.801400,0,132,11,143,0,0
3462,0.549600,16.729100,3330,142,1,143,0,21
3463,0.001600,16.597100,0,142,1,143,0,0
3464,0.001700,16.688000,0,142,1,143,0,0
3465,0.002100,16.711300,0,142,1,143,0,0
3466,0.001900,16.456900,0,142,1,143,0,0
3467,0.001900,16.815900,0,142,1,143,0,0
3468,0.002700,16.829100,0,142,1,143,0,0
3469,0.002900,16.706200,0,142,1,143,0,0
3470,0.003700,16.662100,0,142,1,143,0,0
3471,0.001700,16.666200,0,142,1,143,0,0
3472,0.002500,16.505700,0,142,1,143,0,0
3473,0.002900,16.969800,0,142,1,143,0,0
3474,0.577600,17.111900,1770,142,1,143,0,11
3475,0.003300,16.551700,0,142,1,143,0,0
3476,0.002400,16.420800,0,142,1,143,0,0
3477,0.002400,16.655600,0,142,1,143,0,0
3478,0.004000,16.607400,0,142,1,143,0,0
3479,0.004700,17.573000,0,142,1,143,0,0
3480,0.004200,16.285500,0,142,1,143,0,0
3481,0.003500,16.431000,0,142,1,143,0,0
3482,0.004300,17.119700,0,142,1,143,0,0
3483,0.003200,16.328500,0,142,1,143,0,0
3484,0.004000,16.264800,0,142,1,143,0,0
3485,0.003100,17.472500,0,142,1,143,0,0
3486,1.442400,18.211500,1770,141,2,143,0,11
3487,0.003800,14.849900,0,141,2,143,0,0
3488,0.004100,17.025900,0,141,2,143,0,0
3489,0.003700,16.605400,0,141,2,143,0,0
3490,0.003400,16.084500,0,141,2,143,0,0
3491,0.003300,16.998900,0,141,2,143,0,0
3492,0.003500,16.937000,0,141,2,143,0,0
3493,0.003400,16.424200,0,141,2,143,0,0
3494,0.004200,17.289900,0,141,2,143,0,0
3495,0.003300,16.099200,0,141,2,143,0,0
3496,0.004100,16.327800,0,141,2,143,0,0
3497,0.003300,17.236900,0,141,2,143,0,0
3498,1.815200,16.724000,1770,140,3,143,0,11
3499,0.001800,15.946000,0,140,3,143,0,0
3500,0.002800,16.737500,0,140,3,143,0,0
3501,0.002400,16.592800,0,140,3,143,0,0
3502,0.001900,16.480200,0,140,3,143,0,0
3503,0.001800,16.834400,0,140,3,143,0,0
3504,0.001700,16.658700,0,140,3,143,0,0
3505,0.002100,17.102000,0,140,3,143,0,0
3506,0.002000,16.363600,0,140,3,143,0,0
3507,0.001700,16.576800,0,140,3,143,0,0
3508,0.001800,16.509400,0,140,3,143,0,0
3509,0.001800,16.813900,0,140,3,143,0,0
3510,0.340500,16.673900,1770,139,4,143,0,11
3511,0.001900,16.669600,0,139,4,143,0,0
3512,0.002100,16.735800,0,139,4,143,0,0
3513,0.001700,16.624100,0,139,4,143,0,0
3514,0.002000,16.484400,0,139,4,143,0,0
3515,0.002200,16.809700,0,139,4,143,0,0
3516,0.002300,16.689700,0,139,4,143,0,0
3517,0.001900,16.802900,0,139,4,143,0,0
3518,0.002000,16.660200,0,139,4,143,0,0
3519,0.002000,16.543700,0,139,4,143,0,0
3520,0.002400,16.509600,0,139,4,143,0,0
3521,0.002000,16.890100,0,139,4,143,0,0
3522,0.334300,16.593800,1770,138,5,143,0,11
3523,0.001600,16.684600,0,138,5,143,0,0
3524,0.007900,16.643700,0,138,5,143,0,0
3525,0.002200,16.688600,0,138,5,143,0,0
3526,0.002200,16.591100,0,138,5,143,0,0
3527,0.001800,16.883100,0,138,5,143,0,0
3528,0.002100,16.603000,0,138,5,143,0,0
3529,0.001800,16.577500,0,138,5,143,0,0
3530,0.002000,16.850400,0,138,5,143,0,0
3531,0.002200,16.559500,0,138,5,143,0,0
3532,0.002500,16.438200,0,138,5,143,0,0
3533,0.003000,17.027900,0,138,5,143,0,0
3534,0.358600,16.462600,1770,137,6,143,0,11
3535,0.002400,16.632500,0,137,6,143,0,0
3536,0.001800,16.705000,0,137,6,143,0,0
3537,0.001700,16.678800,0,137,6,143,0,0
3538,0.002400,16.534200,0,137,6,143,0,0
3539,0.002200,16.801300,0,137,6,143,0,0
3540,0.001800,16.653400,0,137,6,143,0,0
3541,0.002500,17.182300,0,137,6,143,0,0
3542,0.001900,16.148300,0,137,6,143,0,0
3543,0.002100,16.737800,0,137,6,143,0,0
3544,0.002200,16.494000,0,137,6,143,0,0
3545,0.002200,16.916500,0,137,6,143,0,0
3546,0.336800,16.598200,1770,136,7,143,0,11
3547,0.329700,16.878900,1716,143,0,143,0,11
3548,0.004200,16.765600,0,143,0,143,0,0
3549,0.002500,16.381200,0,143,0,143,0,0
3550,0.002400,16.488800,0,143,0,143,0,0
3551,0.002600,16.901000,0,143,0,143,0,0
3552,0.001900,16.616700,0,143,0,143,0,0
3553,0.001900,16.662200,0,143,0,143,0,0
3554,0.002100,16.613500,0,143,0,143,0,0
3555,0.005600,16.878200,0,143,0,143,0,0
3556,0.004100,16.535900,0,143,0,143,0,0
3557,0.001800,16.800100,0,143,0,143,0,0
3558,0.454900,16.778300,1764,143,0,143,0,11
3559,0.002500,16.444600,0,143,0,143,0,0
3560,0.017400,16.771400,0,143,0,143,0,0
3561,0.002400,16.691000,0,143,0,143,0,0
3562,0.002200,16.360400,0,143,0,143,0,0
3563,0.002900,16.916100,0,143,0,143,0,0
3564,0.001900,16.532300,0,143,0,143,0,0
3565,0.002600,16.702500,0,143,0,143,0,0
3566,0.003300,17.317400,0,143,0,143,0,0
3567,0.003300,17.255100,0,143,0,143,0,0
3568,0.004000,15.673700,0,143,0,143,0,0
3569,0.003300,16.853800,0,143,0,143,0,0
3570,0.721200,16.685400,1764,142,1,143,0,11
3571,0.002300,18.605200,0,142,1,143,0,0
3572,0.004300,15.775000,0,142,1,143,0,0
3573,0.002700,16.298000,0,142,1,143,0,0
3574,0.003200,16.689900,0,142,1,143,0,0
3575,0.005300,16.551600,0,142,1,143,0,0
3576,0.002700,16.950700,0,142,1,143,0,0
3577,0.003000,16.588100,0,142,1,143,0,0
3578,0.005600,17.368400,0,142,1,143,0,0
3579,0.002600,16.190700,0,142,1,143,0,0
3580,0.003000,16.318100,0,142,1,143,0,0
3581,0.004700,16.493300,0,142,1,143,0,0
3582,0.444300,16.894700,1764,141,2,143,0,11
3583,0.002100,16.650000,0,141,2,143,0,0
3584,0.002300,16.644400,0,141,2,143,0,0
3585,0.004200,17.016000,0,141,2,143,0,0
3586,0.002100,16.547400,0,141,2,143,0,0
3587,0.002600,16.353000,0,141,2,143,0,0
3588,0.003700,16.915800,0,141,2,143,0,0
3589,0.002100,16.578400,0,141,2,143,0,0
3590,0.003000,16.715500,0,141,2,143,0,0
3591,0.003300,17.021500,0,141,2,143,0,0
3592,0.005600,20.936800,0,141,2,143,0,0
3593,0.764600,17.047600,1764,140,3,143,0,11
3594,0.003400,15.682500,0,140,3,143,0,0
3595,0.002600,16.561800,0,140,3,143,0,0
3596,0.006100,17.211800,0,140,3,143,0,0
3597,0.001900,16.224700,0,140,3,143,0,0
3598,0.004200,17.797700,0,140,3,143,0,0
3599,0.006200,17.248400,0,140,3,143,0,0
3600,0.003200,14.848400,0,140,3,143,0,0
3601,0.004400,16.975700,0,140,3,143,0,0
3602,0.003500,16.549900,0,140,3,143,0,0
3603,0.003700,18.247300,0,140,3,143,0,0
3604,0.002500,17.519600,0,140,3,143,0,0
3605,0.341600,16.535100,1764,139,4,143,0,11
3606,0.002000,16.814600,0,139,4,143,0,0
3607,0.002100,16.541600,0,139,4,143,0,0
3608,0.001900,16.596300,0,139,4,143,0,0
3609,0.002500,16.683500,0,139,4,143,0,0
3610,0.002000,16.657500,0,139,4,143,0,0
3611,0.002700,16.727500,0,139,4,143,0,0
3612,0.001900,16.907200,0,139,4,143,0,0
3613,0.002900,16.245400,0,139,4,143,0,0
3614,0.003400,17.185500,0,139,4,143,0,0
3615,0.002100,16.374800,0,139,4,143,0,0
3616,0.340600,16.588800,1716,143,0,143,0,11
3617,0.399600,17.001500,1758,143,0,143,0,11
3618,0.002500,16.360700,0,143,0,143,0,0
3619,0.002800,16.594200,0,143,0,143,0,0
3620,0.002300,16.856300,0,143,0,143,0,0
3621,0.002400,16.745800,0,143,0,143,0,0
3622,0.001700,16.551700,0,143,0,143,0,0
3623,0.002900,16.788700,0,143,0,143,0,0
3624,0.002000,16.460100,0,143,0,143,0,0
3625,0.002000,16.525300,0,143,0,143,0,0
3626,0.002300,16.878400,0,143,0,143,0,0
3627,0.001800,16.587000,0,143,0,143,0,0
3628,0.002600,16.907400,0,143,0,143,0,0
3629,0.376200,16.733300,1758,142,1,143,0,11
3630,0.002400,16.711700,0,142,1,143,0,0
3631,0.002000,16.207900,0,142,1,143,0,0
3632,0.002000,16.907000,0,142,1,143,0,0
3633,0.001800,16.748600,0,142,1,143,0,0
3634,0.002200,16.653100,0,142,1,143,0,0
3635,0.002100,16.687600,0,142,1,143,0,0
3636,0.006500,17.166800,0,142,1,143,0,0
3637,0.001800,15.915200,0,142,1,143,0,0
3638,0.001900,16.867400,0,142,1,143,0,0
3639,0.001900,16.717200,0,142,1,143,0,0
3640,0.002000,16.475200,0,142,1,143,0,0
3641,0.345800,16.799900,1758,141,2,143,0,11
3642,0.001900,16.692500,0,141,2,143,0,0
3643,0.002900,16.729500,0,141,2,143,0,0
3644,0.004000,17.105800,0,141,2,143,0,0
3645,0.002900,16.302900,0,141,2,143,0,0
3646,0.001700,16.594100,0,141,2,143,0,0
3647,0.001800,16.597800,0,141,2,143,0,0
3648,0.002100,16.580000,0,141,2,143,0,0
3649,0.004800,17.200500,0,141,2,143,0,0
3650,0.004700,16.879000,0,141,2,143,0,0
3651,0.003400,16.592700,0,141,2,143,0,0
3652,0.004500,22.045600,0,141,2,143,0,0
3653,1.762500,19.072200,1758,140,3,143,0,11
3654,0.003400,13.939900,0,140,3,143,0,0
3655,0.003800,18.515900,0,140,3,143,0,0
3656,0.002200,14.561700,0,140,3,143,0,0
3657,1.726900,18.257500,0,140,3,143,0,0
3658,0.002300,15.475700,0,140,3,143,0,0
3659,0.002300,19.703300,0,140,3,143,0,0
3660,0.002100,16.279600,0,140,3,143,0,0
3661,0.004500,17.243800,0,140,3,143,0,0
3662,0.004700,16.612500,0,140,3,143,0,0
3663,0.007700,16.702700,0,140,3,143,0,0
3664,0.003100,16.960200,0,140,3,143,0,0
3665,0.354800,16.057300,1758,139,4,143,0,11
3666,0.003700,16.880900,0,139,4,143,0,0
3667,0.003300,17.331200,0,139,4,143,0,0
3668,0.002400,16.041900,0,139,4,143,0,0
3669,0.002100,16.423900,0,139,4,143,0,0
3670,0.003400,16.995500,0,139,4,143,0,0
3671,0.002300,16.382400,0,139,4,143,0,0
3672,0.001800,16.641500,0,139,4,143,0,0
3673,0.001800,16.660600,0,139,4,143,0,0
3674,0.003500,16.894500,0,139,4,143,0,0
3675,0.004000,16.887500,0,139,4,143,0,0
3676,0.004500,16.602900,0,139,4,143,0,0
3677,0.820700,16.673800,1758,138,5,143,0,11
3678,0.370000,16.328400,1716,143,0,143,0,11
3679,0.003400,16.934200,0,143,0,143,0,0
3680,0.003400,16.653100,0,143,0,143,0,0
3681,0.003700,16.568200,0,143,0,143,0,0
3682,0.003000,16.560300,0,143,0,143,0,0
3683,0.003700,17.725600,0,143,0,143,0,0
3684,0.004100,16.478600,0,143,0,143,0,0
3685,0.003700,16.638900,0,143,0,143,0,0
3686,0.002100,16.493400,0,143,0,143,0,0
3687,0.002300,17.110900,0,143,0,143,0,0
3688,0.002800,16.133800,0,143,0,143,0,0
3689,0.563500,16.947600,1752,143,0,143,0,11
3690,0.003400,16.853300,0,143,0,143,0,0
3691,0.004100,16.803200,0,143,0,143,0,0
3692,0.002900,16.372400,0,143,0,143,0,0
3693,0.002900,16.489000,0,143,0,143,0,0
3694,0.002000,16.486500,0,143,0,143,0,0
3695,0.003200,16.779700,0,143,0,143,0,0
3696,0.002700,17.084600,0,143,0,143,0,0
3697,0.003600,16.412800,0,143,0,143,0,0
3698,0.003100,16.646900,0,143,0,143,0,0
3699,0.002300,16.593300,0,143,0,143,0,0
3700,0.004100,16.569000,0,143,0,143,0,0
3701,0.457400,17.278700,1752,142,1,143,0,11
3702,0.002200,16.654500,0,142,1,143,0,0
3703,0.002100,16.630100,0,142,1,143,0,0
3704,0.002500,16.576600,0,142,1,143,0,0
3705,0.003400,16.863000,0,142,1,143,0,0
3706,0.002800,16.454600,0,142,1,143,0,0
3707,0.003100,16.945200,0,142,1,143,0,0
3708,0.002500,16.619100,0,142,1,143,0,0
3709,0.002900,17.415200,0,142,1,143,0,0
3710,0.003100,16.373500,0,142,1,143,0,0
3711,0.003200,17.278600,0,142,1,143,0,0
3712,0.002800,15.721000,0,142,1,143,0,0
3713,0.560100,17.157200,1752,141,2,143,0,11
3714,0.002000,16.210600,0,141,2,143,0,0
3715,0.007400,17.351600,0,141,2,143,0,0
3716,0.005600,26.877900,0,141,2,143,0,0
3717,0.019200,8.076800,0,141,2,143,0,0
3718,0.003000,14.242400,0,141,2,143,0,0
3719,0.003600,17.087900,0,141,2,143,0,0
3720,0.003700,16.960400,0,141,2,143,0,0
3721,0.003500,16.525500,0,141,2,143,0,0
3722,0.002900,16.207500,0,141,2,143,0,0
3723,0.003100,16.809500,0,141,2,143,0,0
3724,0.002600,16.354300,0,141,2,143,0,0
3725,0.468700,16.924400,1752,140,3,143,0,11
3726,0.002000,16.601800,0,140,3,143,0,0
3727,0.003800,17.177600,0,140,3,143,0,0
3728,0.002400,16.293600,0,140,3,143,0,0
3729,0.002700,16.713100,0,140,3,143,0,0
3730,0.002500,16.276200,0,140,3,143,0,0
3731,0.002100,16.809300,0,140,3,143,0,0
3732,0.002800,16.681300,0,140,3,143,0,0
3733,0.003900,16.823800,0,140,3,143,0,0
3734,0.002700,16.599000,0,140,3,143,0,0
3735,0.004600,17.621000,0,140,3,143,0,0
3736,0.002900,16.183400,0,140,3,143,0,0
3737,0.348500,16.702100,1752,139,4,143,0,11
3738,0.001900,17.010100,0,139,4,143,0,0
3739,0.462100,16.666600,1716,143,0,143,0,11
3740,0.002100,16.404300,0,143,0,143,0,0
3741,0.004500,17.055900,0,143,0,143,0,0
3742,0.002300,16.129700,0,143,0,143,0,0
3743,0.002300,17.059300,0,143,0,143,0,0
3744,0.002400,16.526500,0,143,0,143,0,0
3745,0.002400,16.686000,0,143,0,143,0,0
3746,0.003900,17.054800,0,143,0,143,0,0
3747,0.002700,16.310900,0,143,0,143,0,0
3748,0.004300,16.509000,0,143,0,143,0,0
3749,0.663800,17.081300,1746,143,0,143,0,11
3750,0.003200,16.481000,0,143,0,143,0,0
3751,0.002300,16.822100,0,143,0,143,0,0
3752,0.003300,16.499900,0,143,0,143,0,0
3753,0.002400,16.709500,0,143,0,143,0,0
3754,0.003800,16.436400,0,143,0,143,0,0
3755,0.002800,16.826300,0,143,0,143,0,0
3756,0.002300,16.884500,0,143,0,143,0,0
3757,0.003300,16.632900,0,143,0,143,0,0
3758,0.002700,16.534600,0,143,0,143,0,0
3759,0.002900,16.658600,0,143,0,143,0,0
3760,0.002100,16.487000,0,143,0,143,0,0
3761,0.434300,16.711200,1746,142,1,143,0,11
3762,0.002700,16.587000,0,142,1,143,0,0
3763,0.002600,16.824700,0,142,1,143,0,0
3764,0.002900,16.802000,0,142,1,143,0,0
3765,0.003000,16.697400,0,142,1,143,0,0
3766,0.002300,16.350200,0,142,1,143,0,0
3767,0.002000,16.757500,0,142,1,143,0,0
3768,0.001600,16.755300,0,142,1,143,0,0
3769,0.003700,16.963500,0,142,1,143,0,0
3770,0.003200,16.720400,0,142,1,143,0,0
3771,0.002200,16.236100,0,142,1,143,0,0
3772,0.002000,16.503100,0,142,1,143,0,0
3773,0.552900,17.027300,1746,141,2,143,0,11
3774,0.002300,17.026800,0,141,2,143,0,0
3775,0.002300,16.532700,0,141,2,143,0,0
3776,0.004100,19.054400,0,141,2,143,0,0
3777,0.005900,14.079000,0,141,2,143,0,0
3778,0.002000,16.457700,0,141,2,143,0,0
3779,0.002300,16.820100,0,141,2,143,0,0
3780,0.002200,16.846800,0,141,2,143,0,0
3781,0.002900,16.858800,0,141,2,143,0,0
3782,0.003900,16.776000,0,141,2,143,0,0
3783,0.002900,16.636400,0,141,2,143,0,0
3784,0.003400,16.391100,0,141,2,143,0,0
3785,1.042200,17.174900,1746,140,3,143,0,11
3786,0.004600,16.918000,0,140,3,143,0,0
3787,0.004600,16.951400,0,140,3,143,0,0
3788,0.003400,16.119700,0,140,3,143,0,0
3789,0.003200,16.571700,0,140,3,143,0,0
3790,0.003600,16.272900,0,140,3,143,0,0
3791,0.004700,17.407900,0,140,3,143,0,0
3792,0.001700,16.016400,0,140,3,143,0,0
3793,0.003600,17.164800,0,140,3,143,0,0
3794,0.003500,16.553800,0,140,3,143,0,0
3795,0.003800,16.906300,0,140,3,143,0,0
3796,0.003900,16.014100,0,140,3,143,0,0
3797,1.017500,17.080700,1746,139,4,143,0,11
3798,0.001900,16.235000,0,139,4,143,0,0
3799,0.316300,16.583200,1716,143,0,143,0,11
3800,0.004300,16.752000,0,143,0,143,0,0
3801,0.002700,16.705900,0,143,0,143,0,0
3802,0.002700,16.569000,0,143,0,143,0,0
3803,0.003800,17.245300,0,143,0,143,0,0
3804,0.002900,16.384100,0,143,0,143,0,0
3805,0.002300,16.630600,0,143,0,143,0,0
3806,0.001600,16.443900,0,143,0,143,0,0
3807,0.002200,16.674400,0,143,0,143,0,0
3808,0.002700,16.482300,0,143,0,143,0,0
3809,0.442600,17.194100,1740,143,0,143,0,11
3810,0.001700,16.383500,0,143,0,143,0,0
3811,0.002300,16.590000,0,143,0,143,0,0
3812,0.001900,16.633100,0,143,0,143,0,0
3813,0.001700,16.747500,0,143,0,143,0,0
3814,0.002600,16.439400,0,143,0,143,0,0
3815,0.005000,17.173500,0,143,0,143,0,0
3816,0.001800,16.646600,0,143,0,143,0,0
3817,0.001900,16.474500,0,143,0,143,0,0
3818,0.001800,16.713000,0,143,0,143,0,0
3819,0.001700,16.565500,0,143,0,143,0,0
3820,0.002100,16.496000,0,143,0,143,0,0
3821,1.678600,19.320800,1740,142,1,143,0,11
3822,0.004100,16.974900,0,142,1,143,0,0
3823,0.004800,18.562900,0,142,1,143,0,0
3824,0.016700,13.472400,0,142,1,143,0,0
3825,0.007800,20.719600,0,142,1,143,0,0
3826,0.004100,19.350100,0,142,1,143,0,0
3827,0.004900,15.518800,0,142,1,143,0,0
3828,0.015600,18.659100,0,142,1,143,0,0
3829,0.018900,15.958400,0,142,1,143,0,0
3830,0.024000,19.276600,0,142,1,143,0,0
3831,0.006500,14.070200,0,142,1,143,0,0
3832,2.026800,16.654500,1740,141,2,143,0,11
3833,0.003700,16.183200,0,141,2,143,0,0
3834,0.005600,16.467600,0,141,2,143,0,0
3835,0.004500,16.917600,0,141,2,143,0,0
3836,0.003000,16.416300,0,141,2,143,0,0
3837,0.002300,16.610900,0,141,2,143,0,0
3838,0.003100,17.721400,0,141,2,143,0,0
3839,0.003300,16.007300,0,141,2,143,0,0
3840,0.004100,16.403600,0,141,2,143,0,0
3841,0.002800,16.652600,0,141,2,143,0,0
3842,0.002500,16.704000,0,141,2,143,0,0
3843,0.002100,16.651800,0,141,2,143,0,0
3844,0.486800,16.756100,1740,140,3,143,0,11
3845,0.001800,16.532000,0,140,3,143,0,0
3846,0.001800,16.516900,0,140,3,143,0,0
3847,0.002600,17.207100,0,140,3,143,0,0
3848,0.003400,16.500900,0,140,3,143,0,0
3849,0.004600,18.702000,0,140,3,143,0,0
3850,0.003500,19.464100,0,140,3,143,0,0
3851,0.004200,12.713400,0,140,3,143,0,0
3852,0.003500,18.146900,0,140,3,143,0,0
3853,0.004100,15.564600,0,140,3,143,0,0
3854,0.004300,17.663700,0,140,3,143,0,0
3855,0.004900,17.194900,0,140,3,143,0,0
3856,1.112500,17.596300,1740,139,4,143,0,11
3857,0.015600,16.767000,0,139,4,143,0,0
3858,0.004600,17.845600,0,139,4,143,0,0
3859,0.004200,16.794000,0,139,4,143,0,0
3860,0.004400,16.207700,0,139,4,143,0,0
3861,0.761300,17.318600,1716,143,0,143,0,11
3862,0.004700,18.520900,0,143,0,143,0,0
3863,0.007700,20.990700,0,143,0,143,0,0
3864,0.005900,24.549800,0,143,0,143,0,0
3865,0.004300,9.620200,0,143,0,143,0,0
3866,0.004100,24.069800,0,143,0,143,0,0
3867,1.691500,12.706000,1734,143,0,143,0,11
3868,0.004800,14.487900,0,143,0,143,0,0
3869,0.004500,17.064500,0,143,0,143,0,0
3870,0.003000,15.078400,0,143,0,143,0,0
3871,0.001900,16.414500,0,143,0,143,0,0
3872,0.002500,17.779900,0,143,0,143,0,0
3873,0.002300,15.529700,0,143,0,143,0,0
3874,0.004100,16.592800,0,143,0,143,0,0
3875,0.003200,17.234600,0,143,0,143,0,0
3876,0.003500,16.830500,0,143,0,143,0,0
3877,0.003200,16.430800,0,143,0,143,0,0
3878,0.002900,16.717000,0,143,0,143,0,0
3879,1.168600,16.782500,1734,142,1,143,0,11
3880,0.004500,16.301800,0,142,1,143,0,0
3881,0.003400,17.216900,0,142,1,143,0,0
3882,0.003300,16.554400,0,142,1,143,0,0
3883,0.003700,16.711900,0,142,1,143,0,0
3884,0.004700,16.600300,0,142,1,143,0,0
3885,0.003200,16.768300,0,142,1,143,0,0
3886,0.005300,16.188500,0,142,1,143,0,0
3887,0.003200,17.199300,0,142,1,143,0,0
3888,0.003300,16.464500,0,142,1,143,0,0
3889,0.004400,17.116000,0,142,1,143,0,0
3890,0.001900,15.923500,0,142,1,143,0,0
3891,0.416000,16.586800,1734,141,2,143,0,11
3892,0.002000,16.462600,0,141,2,143,0,0
3893,0.002100,16.985400,0,141,2,143,0,0
3894,0.002300,16.525400,0,141,2,143,0,0
3895,0.001600,16.732700,0,141,2,143,0,0
3896,0.002300,16.671900,0,141,2,143,0,0
3897,0.001700,16.629300,0,141,2,143,0,0
3898,0.001700,16.454600,0,141,2,143,0,0
3899,0.003600,17.495800,0,141,2,143,0,0
3900,0.003700,16.641400,0,141,2,143,0,0
3901,0.003600,16.785900,0,141,2,143,0,0
3902,0.005200,16.669400,0,141,2,143,0,0
3903,0.972700,16.373100,1734,140,3,143,0,11
3904,0.004000,16.343200,0,140,3,143,0,0
3905,0.003400,17.505900,0,140,3,143,0,0
3906,0.003300,16.379400,0,140,3,143,0,0
3907,0.001800,16.260700,0,140,3,143,0,0
3908,0.001800,16.447000,0,140,3,143,0,0
3909,0.001800,16.694800,0,140,3,143,0,0
3910,0.002900,16.677100,0,140,3,143,0,0
3911,0.002400,16.609200,0,140,3,143,0,0
3912,0.001900,16.786500,0,140,3,143,0,0
3913,0.007700,17.352400,0,140,3,143,0,0
3914,0.003900,16.728900,0,140,3,143,0,0
3915,1.153500,16.822100,1734,139,4,143,0,11
3916,0.003400,15.864400,0,139,4,143,0,0
3917,0.004200,17.068200,0,139,4,143,0,0
3918,0.002600,16.368900,0,139,4,143,0,0
3919,0.003700,16.930900,0,139,4,143,0,0
3920,0.003400,16.856200,0,139,4,143,0,0
3921,0.003800,16.762700,0,139,4,143,0,0
3922,0.003500,16.151400,0,139,4,143,0,0
3923,0.003500,16.971200,0,139,4,143,0,0
3924,0.003400,17.069900,0,139,4,143,0,0
3925,0.005000,16.895900,0,139,4,143,0,0
3926,0.003600,16.679000,0,139,4,143,0,0
3927,1.012900,16.507500,1734,138,5,143,0,11
3928,0.003100,16.226600,0,138,5,143,0,0
3929,0.003300,16.997500,0,138,5,143,0,0
3930,0.979600,16.686400,1716,143,0,143,0,11
3931,0.003300,16.849800,0,143,0,143,0,0
3932,0.003200,16.818900,0,143,0,143,0,0
3933,0.002400,16.212900,0,143,0,143,0,0
3934,0.004300,16.536200,0,143,0,143,0,0
3935,0.002500,17.015600,0,143,0,143,0,0
3936,0.003100,16.636000,0,143,0,143,0,0
3937,0.003000,16.717500,0,143,0,143,0,0
3938,0.004500,17.320700,0,143,0,143,0,0
3939,0.355500,16.108800,1728,143,0,143,0,11
3940,0.002200,16.692300,0,143,0,143,0,0
3941,0.004300,16.498500,0,143,0,143,0,0
3942,0.002400,16.718500,0,143,0,143,0,0
3943,0.003300,17.062300,0,143,0,143,0,0
3944,0.003300,16.684800,0,143,0,143,0,0
3945,0.003100,16.622000,0,143,0,143,0,0
3946,0.003200,16.644800,0,143,0,143,0,0
3947,0.003200,16.358000,0,143,0,143,0,0
3948,0.005200,17.864300,0,143,0,143,0,0
3949,0.004700,16.425300,0,143,0,143,0,0
3950,0.004000,16.131600,0,143,0,143,0,0
3951,0.661900,17.313800,1728,142,1,143,0,11
3952,0.001900,16.387600,0,142,1,143,0,0
3953,0.002000,16.138500,0,142,1,143,0,0
3954,0.007700,17.424900,0,142,1,143,0,0
3955,0.006600,20.163900,0,142,1,143,0,0
3956,0.006300,14.279300,0,142,1,143,0,0
3957,0.002700,15.478000,0,142,1,143,0,0
3958,0.009000,17.564500,0,142,1,143,0,0
3959,0.003000,16.003500,0,142,1,143,0,0
3960,0.001900,16.555800,0,142,1,143,0,0
3961,0.002100,16.651100,0,142,1,143,0,0
3962,0.003300,16.801400,0,142,1,143,0,0
3963,0.545100,16.741400,1728,141,2,143,0,11
3964,0.002300,16.538600,0,141,2,143,0,0
3965,0.002800,16.564000,0,141,2,143,0,0
3966,0.006100,17.566300,0,141,2,143,0,0
3967,0.003700,16.914400,0,141,2,143,0,0
3968,0.002900,15.894600,0,141,2,143,0,0
3969,0.003900,17.146300,0,141,2,143,0,0
3970,0.004700,16.340400,0,141,2,143,0,0
3971,0.003300,16.330300,0,141,2,143,0,0
3972,0.004600,17.366900,0,141,2,143,0,0
3973,0.003200,17.718200,0,141,2,143,0,0
3974,0.005300,16.754900,0,141,2,143,0,0
3975,0.475100,14.918700,1728,140,3,143,0,11
3976,0.003900,16.888300,0,140,3,143,0,0
3977,0.002000,16.216500,0,140,3,143,0,0
3978,0.002700,16.934600,0,140,3,143,0,0
3979,0.002500,16.795300,0,140,3,143,0,0
3980,0.002900,16.597300,0,140,3,143,0,0
3981,0.002200,16.731200,0,140,3,143,0,0
3982,0.019500,16.690600,0,140,3,143,0,0
3983,0.004000,16.507400,0,140,3,143,0,0
3984,0.001900,16.743600,0,140,3,143,0,0
3985,0.003900,16.726300,0,140,3,143,0,0
3986,0.003800,16.676900,0,140,3,143,0,0
3987,0.447700,16.645300,1728,139,4,143,0,11
3988,0.003800,16.785800,0,139,4,143,0,0
3989,0.003300,16.386800,0,139,4,143,0,0
3990,0.002500,16.772200,0,139,4,143,0,0
3991,0.002400,16.723600,0,139,4,143,0,0
3992,0.003900,16.676200,0,139,4,143,0,0
3993,0.003800,16.695500,0,139,4,143,0,0
3994,0.002300,16.588300,0,139,4,143,0,0
3995,0.002500,16.473900,0,139,4,143,0,0
3996,0.002800,16.978300,0,139,4,143,0,0
3997,0.002100,16.712800,0,139,4,143,0,0
3998,0.002400,16.646500,0,139,4,143,0,0
3999,0.363700,16.537600,1728,138,5,143,0,11
4000,0.002700,17.077700,0,138,5,143,0,0
4001,0.002900,16.122000,0,138,5,143,0,0
4002,0.003300,17.035200,0,138,5,143,0,0
4003,0.004000,16.888800,0,138,5,143,0,0
4004,0.002200,16.819900,0,138,5,143,0,0
4005,0.003200,16.352400,0,138,5,143,0,0
4006,0.003400,19.200000,0,138,5,143,0,0
4007,0.004000,14.117600,0,138,5,143,0,0
4008,0.004500,16.896200,0,138,5,143,0,0
4009,0.002500,16.561600,0,138,5,143,0,0
4010,0.002200,16.802800,0,138,5,143,0,0
4011,0.437000,16.550700,1728,137,6,143,0,11
4012,0.002400,16.909200,0,137,6,143,0,0
4013,0.004100,16.285000,0,137,6,143,0,0
4014,0.001900,16.802000,0,137,6,143,0,0
4015,0.446900,16.957300,1716,143,0,143,0,11
4016,0.003500,17.336100,0,143,0,143,0,0
4017,0.004800,16.429500,0,143,0,143,0,0
4018,0.004500,16.458700,0,143,0,143,0,0
4019,0.004200,16.132600,0,143,0,143,0,0
4020,0.003000,17.337600,0,143,0,143,0,0
4021,0.003000,16.473900,0,143,0,143,0,0
4022,0.003300,16.667700,0,143,0,143,0,0
4023,1.623700,17.529200,1722,143,0,143,0,11
4024,0.005200,17.508700,0,143,0,143,0,0
4025,0.005100,15.820100,0,143,0,143,0,0
4026,0.003100,16.849700,0,143,0,143,0,0
4027,0.004600,17.311100,0,143,0,143,0,0
4028,0.002600,15.587300,0,143,0,143,0,0
4029,0.002500,16.796900,0,143,0,143,0,0
4030,0.001900,16.480200,0,143,0,143,0,0
4031,0.002100,16.681600,0,143,0,143,0,0
4032,0.001800,16.763100,0,143,0,143,0,0
4033,0.002000,16.590500,0,143,0,143,0,0
4034,0.003100,16.875500,0,143,0,143,0,0
4035,0.562900,16.755900,1722,142,1,143,0,11
4036,0.002400,16.322400,0,142,1,143,0,0
4037,0.002400,16.515300,0,142,1,143,0,0
4038,0.001900,16.815000,0,142,1,143,0,0
4039,0.002400,16.675900,0,142,1,143,0,0
4040,0.017900,16.857400,0,142,1,143,0,0
4041,0.005900,17.061900,0,142,1,143,0,0
4042,0.002900,16.264300,0,142,1,143,0,0
4043,0.003800,16.419800,0,142,1,143,0,0
4044,0.001800,16.857700,0,142,1,143,0,0
4045,0.002600,16.830900,0,142,1,143,0,0
4046,0.002500,16.330700,0,142,1,143,0,0
4047,0.541900,17.231800,1722,141,2,143,0,11
4048,0.004600,16.845200,0,141,2,143,0,0
4049,0.003900,16.180500,0,141,2,143,0,0
4050,0.003300,17.132100,0,141,2,143,0,0
4051,0.003400,16.299900,0,141,2,143,0,0
4052,0.002300,16.534100,0,141,2,143,0,0
4053,0.002100,16.790500,0,141,2,143,0,0
4054,0.002500,16.591600,0,141,2,143,0,0
4055,0.002300,16.541700,0,141,2,143,0,0
4056,0.002500,16.947800,0,141,2,143,0,0
4057,0.003000,16.528000,0,141,2,143,0,0
4058,0.002100,16.805100,0,141,2,143,0,0
4059,0.640300,16.514600,1722,140,3,143,0,11
4060,0.001700,16.534000,0,140,3,143,0,0
4061,0.002800,16.657100,0,140,3,143,0,0
4062,0.002400,16.797600,0,140,3,143,0,0
4063,0.003000,16.755700,0,140,3,143,0,0
4064,0.003300,16.633100,0,140,3,143,0,0
4065,0.002500,16.658800,0,140,3,143,0,0
4066,0.001800,16.511300,0,140,3,143,0,0
4067,0.004000,16.661000,0,140,3,143,0,0
4068,0.003100,16.913000,0,140,3,143,0,0
4069,0.002000,16.576400,0,140,3,143,0,0
4070,0.002000,16.550800,0,140,3,143,0,0
4071,0.822800,17.418300,1722,139,4,143,0,11
4072,0.003400,16.483700,0,139,4,143,0,0
4073,0.005200,16.292200,0,139,4,143,0,0
4074,0.001700,16.616700,0,139,4,143,0,0
4075,0.002800,16.828100,0,139,4,143,0,0
4076,0.001600,16.367800,0,139,4,143,0,0
4077,0.001900,16.813200,0,139,4,143,0,0
4078,0.004100,17.085900,0,139,4,143,0,0
4079,0.003200,16.352000,0,139,4,143,0,0
4080,0.001700,16.419500,0,139,4,143,0,0
4081,0.003200,16.922200,0,139,4,143,0,0
4082,0.004200,17.004200,0,139,4,143,0,0
4083,0.365900,16.330500,1722,138,5,143,0,11
4084,0.001700,16.399800,0,138,5,143,0,0
4085,0.003300,16.743200,0,138,5,143,0,0
4086,0.002800,17.022700,0,138,5,143,0,0
4087,0.002200,16.805400,0,138,5,143,0,0
4088,0.003500,16.453600,0,138,5,143,0,0
4089,0.003000,16.612300,0,138,5,143,0,0
4090,0.004300,16.693500,0,138,5,143,0,0
4091,0.003400,16.383100,0,138,5,143,0,0
4092,0.001900,16.827900,0,138,5,143,0,0
4093,0.003100,16.845500,0,138,5,143,0,0
4094,0.004200,16.791900,0,138,5,143,0,0
4095,1.159600,16.841200,1722,137,6,143,0,11
4096,0.002400,16.242800,0,137,6,143,0,0
4097,0.004300,17.162500,0,137,6,143,0,0
4098,0.003500,16.039000,0,137,6,143,0,0
4099,0.003200,17.277300,0,137,6,143,0,0
4100,0.003900,16.879500,0,137,6,143,0,0
4101,0.003400,16.478100,0,137,6,143,0,0
4102,0.004200,17.033000,0,137,6,143,0,0
4103,0.024400,19.042800,0,137,6,143,0,0
4104,0.003600,13.468700,0,137,6,143,0,0
4105,0.003600,17.284600,0,137,6,143,0,0
4106,0.003600,16.440000,0,137,6,143,0,0
4107,1.252000,16.862000,1722,136,7,143,0,11
4108,0.006000,16.839900,0,136,7,143,0,0
4109,0.004200,16.660700,0,136,7,143,0,0
4110,0.003400,15.980900,0,136,7,143,0,0
4111,0.004200,17.153400,0,136,7,143,0,0
4112,0.002300,16.228500,0,136,7,143,0,0
4113,0.016800,17.166900,0,136,7,143,0,0
4114,0.002500,16.086900,0,136,7,143,0,0
4115,0.001700,16.756800,0,136,7,143,0,0
4116,0.002000,16.477800,0,136,7,143,0,0
4117,0.019000,16.870200,0,136,7,143,0,0
4118,0.002400,16.507000,0,136,7,143,0,0
4119,0.860200,16.867000,1722,135,8,143,0,11
4120,0.003200,16.902700,0,135,8,143,0,0
4121,0.005000,17.112200,0,135,8,143,0,0
4122,0.004200,15.983100,0,135,8,143,0,0
4123,0.014700,17.423300,0,135,8,143,0,0
4124,0.001900,15.773100,0,135,8,143,0,0
4125,0.019400,18.049500,0,135,8,143,0,0
4126,0.003800,15.953800,0,135,8,143,0,0
4127,0.004000,16.667900,0,135,8,143,0,0
4128,0.004100,16.052900,0,135,8,143,0,0
4129,0.003600,17.358500,0,135,8,143,0,0
4130,0.003500,16.460100,0,135,8,143,0,0
4131,0.913000,16.885500,1722,134,9,143,0,11
4132,0.002900,16.278100,0,134,9,143,0,0
4133,0.003300,16.766100,0,134,9,143,0,0
4134,0.003500,16.677400,0,134,9,143,0,0
4135,0.003800,17.251300,0,134,9,143,0,0
4136,0.003800,16.737400,0,134,9,143,0,0
4137,0.018900,17.305600,0,134,9,143,0,0
4138,0.002900,15.494700,0,134,9,143,0,0
4139,0.004400,16.987500,0,134,9,143,0,0
4140,0.001800,16.128200,0,134,9,143,0,0
4141,0.002500,18.763300,0,134,9,143,0,0
4142,0.002400,14.753200,0,134,9,143,0,0
4143,0.481000,18.193400,1722,133,10,143,0,11
4144,0.001600,15.598300,0,133,10,143,0,0
4145,0.002100,17.657400,0,133,10,143,0,0
4146,0.002700,15.570900,0,133,10,143,0,0
4147,0.004100,19.048000,0,133,10,143,0,0
4148,0.002700,14.779700,0,133,10,143,0,0
4149,0.019800,18.103900,0,133,10,143,0,0
4150,0.002300,15.297400,0,133,10,143,0,0
4151,0.002500,18.065800,0,133,10,143,0,0
4152,0.001800,15.071900,0,133,10,143,0,0
4153,0.003000,18.257700,0,133,10,143,0,0
4154,0.001800,15.246700,0,133,10,143,0,0
4155,0.405100,17.653300,1722,132,11,143,0,11
4156,0.002500,15.676600,0,132,11,143,0,0
4157,0.002300,17.705500,0,132,11,143,0,0
4158,0.002600,15.458900,0,132,11,143,0,0
4159,0.002200,18.535800,0,132,11,143,0,0
4160,0.001800,14.964600,0,132,11,143,0,0
4161,0.002800,18.468300,0,132,11,143,0,0
4162,0.001900,14.975900,0,132,11,143,0,0
4163,0.002700,17.397700,0,132,11,143,0,0
4164,0.001900,15.773400,0,132,11,143,0,0
4165,0.002200,17.851900,0,132,11,143,0,0
4166,0.001800,15.682000,0,132,11,143,0,0
4167,0.547600,18.320900,1722,132,11,143,0,11
4168,0.001600,15.025700,0,132,11,143,0,0
4169,0.002600,17.299500,0,132,11,143,0,0
4170,0.002400,15.842900,0,132,11,143,0,0
4171,0.002800,17.542000,0,132,11,143,0,0
4172,0.004200,16.805500,0,132,11,143,0,0
4173,0.003900,18.566800,0,132,11,143,0,0
4174,0.004700,14.924400,0,132,11,143,0,0
4175,0.004200,18.036900,0,132,11,143,0,0
4176,0.002200,14.382100,0,132,11,143,0,0
4177,0.002300,17.996500,0,132,11,143,0,0
4178,0.001800,15.534800,0,132,11,143,0,0
4179,0.973000,18.853000,1722,132,11,143,0,11
4180,0.002200,14.419400,0,132,11,143,0,0
4181,0.002300,16.811000,0,132,11,143,0,0
4182,0.002000,16.401600,0,132,11,143,0,0
4183,0.003100,17.883200,0,132,11,143,0,0
4184,0.001800,15.635000,0,132,11,143,0,0
4185,0.002500,17.342200,0,132,11,143,0,0
4186,0.002300,15.952700,0,132,11,143,0,0
4187,0.001800,17.038500,0,132,11,143,0,0
4188,0.002700,16.157900,0,132,11,143,0,0
4189,0.003000,17.506600,0,132,11,143,0,0
4190,0.003000,16.651400,0,132,11,143,0,0
4191,0.875000,16.526800,1722,132,11,143,0,11
4192,0.001800,16.635600,0,132,11,143,0,0
4193,0.002300,17.482200,0,132,11,143,0,0
4194,0.002400,15.524200,0,132,11,143,0,0
4195,0.002200,17.535600,0,132,11,143,0,0
4196,0.001800,16.083900,0,132,11,143,0,0
4197,0.002000,18.190600,0,132,11,143,0,0
4198,0.002300,15.066300,0,132,11,143,0,0
4199,0.003800,17.682000,0,132,11,143,0,0
4200,0.001700,15.456400,0,132,11,143,0,0
4201,0.002100,17.016600,0,132,11,143,0,0
4202,0.001900,16.626200,0,132,11,143,0,0
4203,0.547400,17.237200,1722,132,11,143,0,11
4204,0.001700,16.060800,0,132,11,143,0,0
4205,0.002400,16.931900,0,132,11,143,0,0
4206,0.002600,16.201100,0,132,11,143,0,0
4207,0.003600,20.029000,0,132,11,143,0,0
4208,0.002300,13.844100,0,132,11,143,0,0
4209,0.002800,16.838200,0,132,11,143,0,0
4210,0.001700,16.226500,0,132,11,143,0,0
4211,0.001900,16.662200,0,132,11,143,0,0
4212,0.001800,16.467500,0,132,11,143,0,0
4213,0.002900,16.942100,0,132,11,143,0,0
4214,0.002600,17.511000,0,132,11,143,0,0
4215,0.369100,16.378600,1722,132,11,143,0,11
4216,0.001900,16.758900,0,132,11,143,0,0
4217,0.003000,17.734900,0,132,11,143,0,0
4218,0.001900,15.342200,0,132,11,143,0,0
4219,0.005900,16.977400,0,132,11,143,0,0
4220,0.002300,16.470500,0,132,11,143,0,0
4221,0.002000,16.721600,0,132,11,143,0,0
4222,0.001900,16.747700,0,132,11,143,0,0
4223,0.001800,16.654200,0,132,11,143,0,0
4224,0.003400,16.555700,0,132,11,143,0,0
4225,0.003400,18.379100,0,132,11,143,0,0
4226,0.003100,15.539600,0,132,11,143,0,0
4227,1.167300,18.477300,1722,132,11,143,0,11
4228,0.004400,15.626800,0,132,11,143,0,0
4229,0.003600,17.083300,0,132,11,143,0,0
4230,0.002300,15.202400,0,132,11,143,0,0
4231,0.003700,17.778600,0,132,11,143,0,0
4232,0.003900,16.051800,0,132,11,143,0,0
4233,0.004000,17.455300,0,132,11,143,0,0
4234,0.003300,16.045600,0,132,11,143,0,0
4235,0.003900,17.292500,0,132,11,143,0,0
4236,0.003700,15.934700,0,132,11,143,0,0
4237,0.004300,16.375700,0,132,11,143,0,0
4238,0.003900,17.157400,0,132,11,143,0,0
4239,1.113000,17.513400,1722,132,11,143,0,11
4240,0.004800,16.180000,0,132,11,143,0,0
4241,0.004100,17.428400,0,132,11,143,0,0
4242,0.001600,15.516300,0,132,11,143,0,0
4243,0.003700,16.852800,0,132,11,143,0,0
4244,0.002200,16.761800,0,132,11,143,0,0
4245,0.001600,16.445200,0,132,11,143,0,0
4246,0.002300,16.627000,0,132,11,143,0,0
4247,0.001800,16.724000,0,132,11,143,0,0
4248,0.001800,16.554300,0,132,11,143,0,0
4249,0.002000,16.537400,0,132,11,143,0,0
4250,0.001700,16.827600,0,132,11,143,0,0
4251,0.430100,16.926100,1722,132,11,143,0,11
4252,0.002100,16.515700,0,132,11,143,0,0
4253,0.001700,16.636400,0,132,11,143,0,0
4254,0.001700,16.777500,0,132,11,143,0,0
4255,0.002500,16.525000,0,132,11,143,0,0
4256,0.002400,16.846500,0,132,11,143,0,0
4257,0.001600,16.713200,0,132,11,143,0,0
4258,0.002300,16.636800,0,132,11,143,0,0
4259,0.001800,16.621300,0,132,11,143,0,0
4260,0.001700,16.655700,0,132,11,143,0,0
4261,0.002000,16.527000,0,132,11,143,0,0
4262,0.002000,16.881600,0,132,11,143,0,0
4263,0.336300,16.606400,1722,132,11,143,0,11
4264,0.001700,16.672000,0,132,11,143,0,0
4265,0.001800,16.663200,0,132,11,143,0,0
4266,0.001800,16.751800,0,132,11,143,0,0
4267,0.003700,17.057300,0,132,11,143,0,0
4268,0.001700,16.209100,0,132,11,143,0,0
4269,0.003400,17.157300,0,132,11,143,0,0
4270,0.002000,16.183500,0,132,11,143,0,0
4271,0.002000,16.706600,0,132,11,143,0,0
4272,0.002200,16.731200,0,132,11,143,0,0
4273,0.002100,16.394900,0,132,11,143,0,0
4274,0.002500,17.048400,0,132,11,143,0,0
4275,0.375100,16.645900,1722,132,11,143,0,11
4276,0.001600,16.801300,0,132,11,143,0,0
4277,0.001900,16.917800,0,132,11,143,0,0
4278,0.003000,16.984400,0,132,11,143,0,0
4279,0.003000,16.301400,0,132,11,143,0,0
4280,0.001700,16.724800,0,132,11,143,0,0
4281,0.002700,17.806500,0,132,11,143,0,0
4282,0.003000,16.756700,0,132,11,143,0,0
4283,0.014000,19.276200,0,132,11,143,0,0
4284,0.001700,14.006600,0,132,11,143,0,0
4285,0.003000,16.553000,0,132,11,143,0,0
4286,0.004500,17.272600,0,132,11,143,0,0
4287,1.025100,16.352400,1722,132,11,143,0,11
4288,0.002600,16.626500,0,132,11,143,0,0
4289,0.003200,16.793200,0,132,11,143,0,0
4290,0.003500,16.770700,0,132,11,143,0,0
4291,0.002100,16.118600,0,132,11,143,0,0
4292,0.003500,17.112600,0,132,11,143,0,0
4293,0.003100,16.854400,0,132,11,143,0,0
4294,0.004300,16.800500,0,132,11,143,0,0
4295,0.004900,16.961100,0,132,11,143,0,0
4296,0.004400,16.551300,0,132,11,143,0,0
4297,0.005600,16.014200,0,132,11,143,0,0
4298,0.003600,17.266300,0,132,11,143,0,0
4299,1.182500,16.835500,1722,132,11,143,0,11
4300,0.003800,16.542000,0,132,11,143,0,0
4301,0.004400,16.653100,0,132,11,143,0,0
4302,0.004800,16.699100,0,132,11,143,0,0
4303,0.004700,16.027100,0,132,11,143,0,0
4304,0.005100,17.607000,0,132,11,143,0,0
4305,0.005500,16.106300,0,132,11,143,0,0
4306,0.003500,16.794500,0,132,11,143,0,0
4307,0.007800,17.212000,0,132,11,143,0,0
4308,0.003600,16.657300,0,132,11,143,0,0
4309,0.003400,15.743000,0,132,11,143,0,0
4310,0.002300,16.477900,0,132,11,143,0,0
4311,0.477300,16.742700,1722,132,11,143,0,11
4312,0.002300,16.676100,0,132,11,143,0,0
4313,0.003500,16.709500,0,132,11,143,0,0
4314,0.003700,16.951100,0,132,11,143,0,0
4315,0.004200,16.279300,0,132,11,143,0,0
4316,0.003800,17.251000,0,132,11,143,0,0
4317,0.004500,18.375600,0,132,11,143,0,0
4318,0.004400,15.128500,0,132,11,143,0,0
4319,0.005800,16.966200,0,132,11,143,0,0
4320,0.003900,16.597400,0,132,11,143,0,0
4321,0.010400,16.022400,0,132,11,143,0,0
4322,0.003400,16.519900,0,132,11,143,0,0
4323,1.060400,17.194400,1722,132,11,143,0,11
4324,0.006700,16.173200,0,132,11,143,0,0
4325,0.002800,16.462200,0,132,11,143,0,0
4326,0.002100,16.704700,0,132,11,143,0,0
4327,0.003900,17.552000,0,132,11,143,0,0
4328,0.002800,15.893400,0,132,11,143,0,0
4329,0.002500,16.663400,0,132,11,143,0,0
4330,0.003000,16.642900,0,132,11,143,0,0
4331,0.003200,16.625800,0,132,11,143,0,0
4332,0.018200,16.718600,0,132,11,143,0,0
4333,0.003100,16.422900,0,132,11,143,0,0
4334,0.003300,17.237600,0,132,11,143,0,0
4335,0.531200,16.370500,1722,132,11,143,0,11
4336,0.004700,16.758600,0,132,11,143,0,0
4337,0.002600,16.423800,0,132,11,143,0,0
4338,0.002700,16.657800,0,132,11,143,0,0
4339,0.001700,16.506900,0,132,11,143,0,0
4340,0.003900,16.978600,0,132,11,143,0,0
4341,0.002700,16.615800,0,132,11,143,0,0
4342,0.002000,16.595700,0,132,11,143,0,0
4343,0.002300,17.088800,0,132,11,143,0,0
4344,0.002500,16.287700,0,132,11,143,0,0
4345,0.002900,16.454300,0,132,11,143,0,0
4346,0.003000,16.963700,0,132,11,143,0,0
4347,0.737100,16.616300,1722,132,11,143,0,11
4348,0.002200,16.801900,0,132,11,143,0,0
4349,0.004100,16.914400,0,132,11,143,0,0
4350,0.002800,16.278400,0,132,11,143,0,0
4351,0.002600,16.432100,0,132,11,143,0,0
4352,0.003000,16.907900,0,132,11,143,0,0
4353,0.003100,16.715200,0,132,11,143,0,0
4354,0.003700,16.708300,0,132,11,143,0,0
4355,0.003100,17.041600,0,132,11,143,0,0
4356,0.003000,16.457700,0,132,11,143,0,0
4357,0.004600,16.658500,0,132,11,143,0,0
4358,0.002400,16.632800,0,132,11,143,0,0
4359,0.830200,16.905100,1722,132,11,143,0,11
4360,0.004200,17.212000,0,132,11,143,0,0
4361,0.004200,16.442700,0,132,11,143,0,0
4362,0.003900,16.672900,0,132,11,143,0,0
4363,0.004400,17.118800,0,132,11,143,0,0
4364,0.004600,16.110900,0,132,11,143,0,0
4365,0.005800,18.227500,0,132,11,143,0,0
4366,0.004300,15.769400,0,132,11,143,0,0
4367,0.004000,16.722500,0,132,11,143,0,0
4368,0.003300,16.689600,0,132,11,143,0,0
4369,0.003700,16.401800,0,132,11,143,0,0
4370,0.002500,15.945900,0,132,11,143,0,0
4371,1.043700,17.591400,1722,132,11,143,0,11
4372,0.004400,16.669700,0,132,11,143,0,0
4373,0.004100,17.175700,0,132,11,143,0,0
4374,0.004100,16.177000,0,132,11,143,0,0
4375,0.003700,17.122400,0,132,11,143,0,0
4376,0.003800,15.658500,0,132,11,143,0,0
4377,0.002900,17.003500,0,132,11,143,0,0
4378,0.005200,16.806600,0,132,11,143,0,0
4379,0.004500,17.798700,0,132,11,143,0,0
4380,0.003800,16.180300,0,132,11,143,0,0
4381,0.005200,16.761600,0,132,11,143,0,0
4382,0.003900,15.995100,0,132,11,143,0,0
4383,1.036000,17.353700,1722,132,11,143,0,11
4384,0.003300,16.415900,0,132,11,143,0,0
4385,0.004200,16.783500,0,132,11,143,0,0
4386,0.002300,16.145000,0,132,11,143,0,0
4387,0.001700,16.963600,0,132,11,143,0,0
4388,0.002400,16.166000,0,132,11,143,0,0
4389,0.003600,17.016600,0,132,11,143,0,0
4390,0.001800,16.466600,0,132,11,143,0,0
4391,0.002300,17.023700,0,132,11,143,0,0
4392,0.001800,16.352700,0,132,11,143,0,0
4393,0.001800,16.671200,0,132,11,143,0,0
4394,0.002000,16.573100,0,132,11,143,0,0
4395,1.029000,17.373200,1722,132,11,143,0,11
4396,0.003900,16.544600,0,132,11,143,0,0
4397,0.004100,16.984800,0,132,11,143,0,0
4398,0.004400,16.416900,0,132,11,143,0,0
4399,0.003300,16.724400,0,132,11,143,0,0
4400,0.004800,16.098800,0,132,11,143,0,0
4401,0.947000,17.005300,1782,143,0,143,0,11
4402,0.002100,16.381300,0,143,0,143,0,0
4403,0.001800,16.699600,0,143,0,143,0,0
4404,0.001700,16.626800,0,143,0,143,0,0
4405,0.003000,16.620600,0,143,0,143,0,0
4406,0.002500,16.597100,0,143,0,143,0,0
4407,0.362600,16.878500,1728,143,0,143,0,11
4408,0.001900,16.548200,0,143,0,143,0,0
4409,0.001800,16.831200,0,143,0,143,0,0
4410,0.004100,16.985000,0,143,0,143,0,0
4411,0.004000,16.626400,0,143,0,143,0,0
4412,0.003900,16.275400,0,143,0,143,0,0
4413,0.004000,17.076000,0,143,0,143,0,0
4414,0.003100,16.679900,0,143,0,143,0,0
4415,0.004800,17.047900,0,143,0,143,0,0
4416,0.003100,16.372100,0,143,0,143,0,0
4417,0.003800,16.913000,0,143,0,143,0,0
4418,0.003700,16.129400,0,143,0,143,0,0
4419,1.056100,17.008100,1728,142,1,143,0,11
4420,0.003800,16.942400,0,142,1,143,0,0
4421,0.004200,16.884100,0,142,1,143,0,0
4422,0.003700,16.382500,0,142,1,143,0,0
4423,0.004000,16.462600,0,142,1,143,0,0
4424,0.003200,16.315300,0,142,1,143,0,0
4425,0.005000,17.215500,0,142,1,143,0,0
4426,0.003100,16.545000,0,142,1,143,0,0
4427,0.003200,16.692900,0,142,1,143,0,0
4428,0.003300,16.554500,0,142,1,143,0,0
4429,0.005000,17.831200,0,142,1,143,0,0
4430,0.005200,15.719500,0,142,1,143,0,0
4431,1.111800,18.710800,1728,141,2,143,0,11
4432,0.005100,15.892500,0,141,2,143,0,0
4433,0.004800,16.822300,0,141,2,143,0,0
4434,0.002500,15.856100,0,141,2,143,0,0
4435,0.001800,16.665500,0,141,2,143,0,0
4436,0.002500,16.470600,0,141,2,143,0,0
4437,0.002500,16.868200,0,141,2,143,0,0
4438,0.002400,16.596900,0,141,2,143,0,0
4439,0.001700,16.677500,0,141,2,143,0,0
4440,0.005600,17.106600,0,141,2,143,0,0
4441,0.001800,16.272600,0,141,2,143,0,0
4442,0.003800,16.662700,0,141,2,143,0,0
4443,0.430500,16.702800,1728,140,3,143,0,11
4444,0.002300,16.601500,0,140,3,143,0,0
4445,0.001700,16.661300,0,140,3,143,0,0
4446,0.001700,16.687900,0,140,3,143,0,0
4447,0.002300,16.997200,0,140,3,143,0,0
4448,0.002300,16.192000,0,140,3,143,0,0
4449,0.002100,16.866500,0,140,3,143,0,0
4450,0.002300,16.587600,0,140,3,143,0,0
4451,0.002300,16.669100,0,140,3,143,0,0
4452,0.001600,16.683700,0,140,3,143,0,0
4453,0.002300,16.677000,0,140,3,143,0,0
4454,0.002100,16.529000,0,140,3,143,0,0
4455,0.344600,16.830800,1728,139,4,143,0,11
4456,0.002400,16.633100,0,139,4,143,0,0
4457,0.001900,16.714100,0,139,4,143,0,0
4458,0.002300,16.622300,0,139,4,143,0,0
4459,0.002200,16.683200,0,139,4,143,0,0
4460,0.003100,16.587000,0,139,4,143,0,0
4461,0.001800,16.741200,0,139,4,143,0,0
4462,0.001600,16.654400,0,139,4,143,0,0
4463,0.002100,16.709800,0,139,4,143,0,0
4464,0.002300,16.674600,0,139,4,143,0,0
4465,0.001800,16.664200,0,139,4,143,0,0
4466,0.001800,16.484800,0,139,4,143,0,0
4467,0.332500,16.845600,1728,138,5,143,0,11
4468,0.001800,16.652300,0,138,5,143,0,0
4469,0.002400,16.691600,0,138,5,143,0,0
4470,0.001800,16.655800,0,138,5,143,0,0
4471,0.002300,16.661300,0,138,5,143,0,0
4472,0.002800,16.525200,0,138,5,143,0,0
4473,0.001800,16.791100,0,138,5,143,0,0
4474,0.002200,16.714500,0,138,5,143,0,0
4475,0.002100,16.630100,0,138,5,143,0,0
4476,0.001700,16.705100,0,138,5,143,0,0
4477,0.001800,16.614500,0,138,5,143,0,0
4478,0.002200,16.522200,0,138,5,143,0,0
4479,0.352500,16.854500,1728,137,6,143,0,11
4480,0.001700,16.646300,0,137,6,143,0,0
4481,0.003300,17.089800,0,137,6,143,0,0
4482,0.001900,16.218300,0,137,6,143,0,0
4483,0.001900,16.681000,0,137,6,143,0,0
4484,0.002300,16.509600,0,137,6,143,0,0
4485,0.002200,16.942100,0,137,6,143,0,0
4486,0.344700,16.574600,1782,143,0,143,0,11
4487,0.001900,16.679100,0,143,0,143,0,0
4488,0.001700,16.644700,0,143,0,143,0,0
4489,0.001700,16.689100,0,143,0,143,0,0
4490,0.001800,16.481000,0,143,0,143,0,0
4491,0.344200,16.860100,1734,143,0,143,0,11
4492,0.001700,16.678600,0,143,0,143,0,0
4493,0.003000,17.277300,0,143,0,143,0,0
4494,0.001600,16.715800,0,143,0,143,0,0
4495,0.002200,16.977000,0,143,0,143,0,0
4496,0.002500,16.635300,0,143,0,143,0,0
4497,0.002800,16.398800,0,143,0,143,0,0
4498,0.004500,17.390400,0,143,0,143,0,0
4499,0.004700,16.332000,0,143,0,143,0,0
4500,0.002800,16.749900,0,143,0,143,0,0
4501,0.002300,16.414700,0,143,0,143,0,0
4502,0.001900,16.581500,0,143,0,143,0,0
4503,0.339800,16.479200,1734,142,1,143,0,11
4504,0.002300,16.767000,0,142,1,143,0,0
4505,0.002400,16.802700,0,142,1,143,0,0
4506,0.002000,16.575500,0,142,1,143,0,0
4507,0.003300,17.723000,0,142,1,143,0,0
4508,0.003200,16.029000,0,142,1,143,0,0
4509,0.003900,16.231400,0,142,1,143,0,0
4510,0.003300,17.134700,0,142,1,143,0,0
4511,0.004000,16.947200,0,142,1,143,0,0
4512,0.003500,16.453200,0,142,1,143,0,0
4513,0.003300,16.766300,0,142,1,143,0,0
4514,1.029800,16.770200,1734,141,2,143,0,11
4515,0.003900,16.138000,0,141,2,143,0,0
4516,0.003100,17.115700,0,141,2,143,0,0
4517,0.001700,16.261300,0,141,2,143,0,0
4518,0.001900,16.599100,0,141,2,143,0,0
4519,0.001800,16.799200,0,141,2,143,0,0
4520,0.002200,16.633100,0,141,2,143,0,0
4521,0.003100,16.575700,0,141,2,143,0,0
4522,0.002500,16.998000,0,141,2,143,0,0
4523,0.004100,16.939800,0,141,2,143,0,0
4524,0.005700,16.344000,0,141,2,143,0,0
4525,0.001800,16.533300,0,141,2,143,0,0
4526,0.393100,17.124400,1734,140,3,143,0,11
4527,0.002500,16.785700,0,140,3,143,0,0
4528,0.002400,16.120700,0,140,3,143,0,0
4529,0.001700,16.730500,0,140,3,143,0,0
4530,0.001800,16.482100,0,140,3,143,0,0
4531,0.003000,19.381700,0,140,3,143,0,0
4532,0.001800,14.117400,0,140,3,143,0,0
4533,0.003600,16.492500,0,140,3,143,0,0
4534,0.010600,16.764500,0,140,3,143,0,0
4535,0.002300,17.162700,0,140,3,143,0,0
4536,0.002100,16.591100,0,140,3,143,0,0
4537,0.002500,16.500900,0,140,3,143,0,0
4538,0.345200,16.547100,1734,139,4,143,0,11
4539,0.001700,16.352800,0,139,4,143,0,0
4540,0.002800,17.195900,0,139,4,143,0,0
4541,0.003100,16.534800,0,139,4,143,0,0
4542,0.001700,16.447100,0,139,4,143,0,0
4543,0.001800,16.655700,0,139,4,143,0,0
4544,0.002300,16.672200,0,139,4,143,0,0
4545,0.002800,17.014000,0,139,4,143,0,0
4546,0.002400,16.954200,0,139,4,143,0,0
4547,0.001900,16.725000,0,139,4,143,0,0
4548,0.002300,16.488700,0,139,4,143,0,0
4549,0.002200,16.380800,0,139,4,143,0,0
4550,0.378400,18.232900,1734,138,5,143,0,11
4551,0.014100,16.712800,0,138,5,143,0,0
4552,0.018800,15.086800,0,138,5,143,0,0
4553,0.001800,16.541300,0,138,5,143,0,0
4554,0.002300,16.659900,0,138,5,143,0,0
4555,0.313100,16.718700,1782,143,0,143,0,11
4556,0.002300,16.748600,0,143,0,143,0,0
4557,0.001800,16.377200,0,143,0,143,0,0
4558,0.001700,16.890200,0,143,0,143,0,0
4559,0.002200,16.690000,0,143,0,143,0,0
4560,0.002400,17.675400,0,143,0,143,0,0
4561,0.001900,16.420000,0,143,0,143,0,0
4562,0.995500,28.009100,1740,143,0,143,0,11
4563,0.003500,11.620400,0,143,0,143,0,0
4564,0.002700,16.436000,0,143,0,143,0,0
4565,0.001700,16.036500,0,143,0,143,0,0
4566,0.003600,17.299100,0,143,0,143,0,0
4567,0.017700,18.273500,0,143,0,143,0,0
4568,0.029700,15.192500,0,143,0,143,0,0
4569,0.002300,16.227700,0,143,0,143,0,0
4570,0.002900,18.626000,0,143,0,143,0,0
4571,0.001700,14.381000,0,143,0,143,0,0
4572,0.012900,18.422600,0,143,0,143,0,0
4573,0.002000,15.223500,0,143,0,143,0,0
4574,0.669000,18.284100,1740,142,1,143,0,11
4575,0.002400,14.980000,0,142,1,143,0,0
4576,0.002100,18.700800,0,142,1,143,0,0
4577,0.002400,14.564400,0,142,1,143,0,0
4578,0.002600,18.937600,0,142,1,143,0,0
4579,0.001900,15.113200,0,142,1,143,0,0
4580,0.003300,18.726300,0,142,1,143,0,0
4581,0.001800,14.701600,0,142,1,143,0,0
4582,0.012700,17.588600,0,142,1,143,0,0
4583,0.001800,15.453700,0,142,1,143,0,0
4584,0.002800,18.327200,0,142,1,143,0,0
4585,0.002200,15.141000,0,142,1,143,0,0
4586,0.475300,18.044500,1740,141,2,143,0,11
4587,0.001800,15.339400,0,141,2,143,0,0
4588,0.002500,18.590700,0,141,2,143,0,0
4589,0.002200,14.605500,0,141,2,143,0,0
4590,0.003900,18.630900,0,141,2,143,0,0
4591,0.006700,14.822400,0,141,2,143,0,0
4592,0.002100,18.210400,0,141,2,143,0,0
4593,0.002000,15.204100,0,141,2,143,0,0
4594,0.003700,18.693000,0,141,2,143,0,0
4595,0.002400,14.521600,0,141,2,143,0,0
4596,0.002300,18.373700,0,141,2,143,0,0
4597,0.001600,14.980000,0,141,2,143,0,0
4598,0.418300,17.807700,1740,140,3,143,0,11
4599,0.001700,15.556400,0,140,3,143,0,0
4600,0.002300,17.732500,0,140,3,143,0,0
4601,0.002500,15.446200,0,140,3,143,0,0
4602,0.002900,18.320600,0,140,3,143,0,0
4603,0.001800,15.174500,0,140,3,143,0,0
4604,0.004100,18.397700,0,140,3,143,0,0
4605,0.003900,15.117000,0,140,3,143,0,0
4606,0.029100,17.330000,0,140,3,143,0,0
4607,0.001900,15.689200,0,140,3,143,0,0
4608,0.004000,19.034200,0,140,3,143,0,0
4609,0.001700,14.459200,0,140,3,143,0,0
4610,0.403500,18.109300,1740,139,4,143,0,11
4611,0.003200,15.223700,0,139,4,143,0,0
4612,0.004100,17.801400,0,139,4,143,0,0
4613,0.002900,15.428600,0,139,4,143,0,0
4614,0.003700,17.782300,0,139,4,143,0,0
4615,0.001700,15.644200,0,139,4,143,0,0
4616,0.002400,18.245300,0,139,4,143,0,0
4617,0.001700,15.058700,0,139,4,143,0,0
4618,0.618500,18.128900,1782,143,0,143,0,11
4619,0.005200,15.409000,0,143,0,143,0,0
4620,0.003900,19.209700,0,143,0,143,0,0
4621,0.001600,13.945300,0,143,0,143,0,0
4622,0.487100,18.535300,1746,143,0,143,0,11
4623,0.001800,14.819500,0,143,0,143,0,0
4624,0.002100,17.886000,0,143,0,143,0,0
4625,0.002500,15.279500,0,143,0,143,0,0
4626,0.002300,18.294000,0,143,0,143,0,0
4627,0.002700,15.469200,0,143,0,143,0,0
4628,0.003300,17.739000,0,143,0,143,0,0
4629,0.002400,15.374100,0,143,0,143,0,0
4630,0.002000,18.534500,0,143,0,143,0,0
4631,0.002100,14.585900,0,143,0,143,0,0
4632,0.004000,18.818200,0,143,0,143,0,0
4633,0.002100,15.827900,0,143,0,143,0,0
4634,0.566000,17.565500,1746,142,1,143,0,11
4635,0.001900,15.738200,0,142,1,143,0,0
4636,0.002200,16.930100,0,142,1,143,0,0
4637,0.001900,16.220500,0,142,1,143,0,0
4638,0.002100,17.619100,0,142,1,143,0,0
4639,0.002300,16.465200,0,142,1,143,0,0
4640,0.002100,16.668300,0,142,1,143,0,0
4641,0.001900,16.649800,0,142,1,143,0,0
4642,0.002800,16.821700,0,142,1,143,0,0
4643,0.002000,16.337100,0,142,1,143,0,0
4644,0.002300,17.158400,0,142,1,143,0,0
4645,0.002100,16.369700,0,142,1,143,0,0
4646,0.413000,17.111800,1746,141,2,143,0,11
4647,0.002700,16.394400,0,141,2,143,0,0
4648,0.002400,16.592300,0,141,2,143,0,0
4649,0.001900,16.386600,0,141,2,143,0,0
4650,0.004000,17.216500,0,141,2,143,0,0
4651,0.002300,16.738700,0,141,2,143,0,0
4652,0.002000,17.796600,0,141,2,143,0,0
4653,0.001700,15.080100,0,141,2,143,0,0
4654,0.002400,16.824200,0,141,2,143,0,0
4655,0.001800,16.363800,0,141,2,143,0,0
4656,0.002100,17.286700,0,141,2,143,0,0
4657,0.002000,16.319200,0,141,2,143,0,0
4658,0.490100,16.795700,1746,140,3,143,0,11
4659,0.002600,16.742000,0,140,3,143,0,0
4660,0.002100,17.319800,0,140,3,143,0,0
4661,0.002700,15.774500,0,140,3,143,0,0
4662,0.014900,18.190500,0,140,3,143,0,0
4663,0.002400,15.274300,0,140,3,143,0,0
4664,0.003000,17.153300,0,140,3,143,0,0
4665,0.001800,16.096300,0,140,3,143,0,0
4666,0.002700,16.821300,0,140,3,143,0,0
4667,0.002200,16.468800,0,140,3,143,0,0
4668,0.001700,17.004000,0,140,3,143,0,0
4669,0.001800,16.620500,0,140,3,143,0,0
4670,0.617900,17.408900,1746,139,4,143,0,11
4671,0.001700,16.406300,0,139,4,143,0,0
4672,0.002900,17.051400,0,139,4,143,0,0
4673,0.002600,16.460100,0,139,4,143,0,0
4674,0.002900,16.440700,0,139,4,143,0,0
4675,0.002800,17.079200,0,139,4,143,0,0
4676,0.003400,16.910000,0,139,4,143,0,0
4677,0.001800,16.172200,0,139,4,143,0,0
4678,0.844600,17.001500,1782,143,0,143,0,11
4679,0.001700,16.424300,0,143,0,143,0,0
4680,0.001700,16.354900,0,143,0,143,0,0
4681,0.001900,16.879800,0,143,0,143,0,0
4682,1.075300,17.077100,1752,143,0,143,0,11
4683,0.001700,16.307500,0,143,0,143,0,0
4684,0.002300,16.807300,0,143,0,143,0,0
4685,0.002200,16.583600,0,143,0,143,0,0
4686,0.006200,16.408600,0,143,0,143,0,0
4687,0.001800,16.963700,0,143,0,143,0,0
4688,0.002400,16.474400,0,143,0,143,0,0
4689,0.001900,16.643300,0,143,0,143,0,0
4690,0.002300,16.678100,0,143,0,143,0,0
4691,0.001600,16.742700,0,143,0,143,0,0
4692,0.001900,16.499900,0,143,0,143,0,0
4693,0.001800,16.841400,0,143,0,143,0,0
4694,0.361600,16.651300,1752,142,1,143,0,11
4695,0.001800,16.639100,0,142,1,143,0,0
4696,0.001900,16.865200,0,142,1,143,0,0
4697,0.001900,16.640700,0,142,1,143,0,0
4698,0.003200,16.567800,0,142,1,143,0,0
4699,0.001800,16.754500,0,142,1,143,0,0
4700,0.001900,16.707200,0,142,1,143,0,0
4701,0.001800,16.569600,0,142,1,143,0,0
4702,0.001800,16.647500,0,142,1,143,0,0
4703,0.003200,17.231400,0,142,1,143,0,0
4704,0.003600,16.775900,0,142,1,143,0,0
4705,0.003300,16.688600,0,142,1,143,0,0
4706,1.071400,16.871500,1752,141,2,143,0,11
4707,0.002500,16.304900,0,141,2,143,0,0
4708,0.007200,16.620200,0,141,2,143,0,0
4709,0.001700,16.528700,0,141,2,143,0,0
4710,0.002300,16.973000,0,141,2,143,0,0
4711,0.004300,17.556900,0,141,2,143,0,0
4712,0.004100,17.543200,0,141,2,143,0,0
4713,0.003300,15.936500,0,141,2,143,0,0
4714,0.004000,17.143800,0,141,2,143,0,0
4715,0.003800,16.162500,0,141,2,143,0,0
4716,0.003500,16.363700,0,141,2,143,0,0
4717,0.003100,16.818800,0,141,2,143,0,0
4718,1.345700,16.825600,1752,140,3,143,0,11
4719,0.003600,17.227300,0,140,3,143,0,0
4720,0.003000,16.529100,0,140,3,143,0,0
4721,0.003200,16.472200,0,140,3,143,0,0
4722,0.013800,17.433200,0,140,3,143,0,0
4723,0.003000,15.883800,0,140,3,143,0,0
4724,0.004200,17.109500,0,140,3,143,0,0
4725,0.003400,16.555400,0,140,3,143,0,0
4726,0.004300,16.837800,0,140,3,143,0,0
4727,0.003200,16.391500,0,140,3,143,0,0
4728,0.003800,16.245700,0,140,3,143,0,0
4729,0.003200,16.916500,0,140,3,143,0,0
4730,1.382900,16.785300,1752,139,4,143,0,11
4731,0.003600,16.610900,0,139,4,143,0,0
4732,0.004200,17.621200,0,139,4,143,0,0
4733,0.003200,15.773400,0,139,4,143,0,0
4734,0.004600,16.513700,0,139,4,143,0,0
4735,0.003300,16.925900,0,139,4,143,0,0
4736,0.003400,16.751100,0,139,4,143,0,0
4737,0.003000,16.428900,0,139,4,143,0,0
4738,0.003500,17.386300,0,139,4,143,0,0
4739,1.006700,16.097100,1782,143,0,143,0,11
4740,0.009300,16.374600,0,143,0,143,0,0
4741,0.003600,17.261000,0,143,0,143,0,0
4742,1.276000,16.621900,1758,143,0,143,0,11
4743,0.003100,16.257300,0,143,0,143,0,0
4744,0.003600,16.712500,0,143,0,143,0,0
4745,0.003800,16.688400,0,143,0,143,0,0
4746,0.003300,16.347300,0,143,0,143,0,0
4747,0.003500,17.925200,0,143,0,143,0,0
4748,0.003200,16.062900,0,143,0,143,0,0
4749,0.003500,16.313900,0,143,0,143,0,0
4750,0.003600,17.402200,0,143,0,143,0,0
4751,0.005400,16.558400,0,143,0,143,0,0
4752,0.005000,17.650100,0,143,0,143,0,0
4753,0.004100,15.383200,0,143,0,143,0,0
4754,1.074500,16.601400,1758,142,1,143,0,11
4755,0.003300,16.407800,0,142,1,143,0,0
4756,0.003700,16.934700,0,142,1,143,0,0
4757,0.004000,16.677900,0,142,1,143,0,0
4758,0.003800,16.056600,0,142,1,143,0,0
4759,0.004400,17.268400,0,142,1,143,0,0
4760,0.057600,16.801100,0,142,1,143,0,0
4761,0.003000,16.270500,0,142,1,143,0,0
4762,0.002400,16.648500,0,142,1,143,0,0
4763,0.004200,16.830100,0,142,1,143,0,0
4764,0.002900,16.045500,0,142,1,143,0,0
4765,0.003400,17.193700,0,142,1,143,0,0
4766,1.093900,16.949100,1758,141,2,143,0,11
4767,0.004300,16.547600,0,141,2,143,0,0
4768,0.004900,17.117700,0,141,2,143,0,0
4769,0.005300,16.206800,0,141,2,143,0,0
4770,0.003500,16.201800,0,141,2,143,0,0
4771,0.062500,17.289900,0,141,2,143,0,0
4772,0.004400,17.331500,0,141,2,143,0,0
4773,0.003400,15.759100,0,141,2,143,0,0
4774,0.004300,17.268100,0,141,2,143,0,0
4775,0.004500,16.309100,0,141,2,143,0,0
4776,0.004000,16.025600,0,141,2,143,0,0
4777,0.004900,17.465200,0,141,2,143,0,0
4778,1.400800,16.661200,1758,140,3,143,0,11
4779,0.003300,16.293200,0,140,3,143,0,0
4780,0.003500,16.737700,0,140,3,143,0,0
4781,0.003900,16.474700,0,140,3,143,0,0
4782,0.004400,17.749600,0,140,3,143,0,0
4783,0.003900,15.701200,0,140,3,143,0,0
4784,0.012100,17.345600,0,140,3,143,0,0
4785,0.003800,16.064900,0,140,3,143,0,0
4786,0.004000,17.224600,0,140,3,143,0,0
4787,0.003600,16.150600,0,140,3,143,0,0
4788,0.004100,16.626400,0,140,3,143,0,0
4789,0.004800,16.986600,0,140,3,143,0,0
4790,1.371800,18.426800,1758,139,4,143,0,11
4791,0.004100,15.274200,0,139,4,143,0,0
4792,0.003400,17.457600,0,139,4,143,0,0
4793,0.003700,15.564200,0,139,4,143,0,0
4794,0.003600,16.469500,0,139,4,143,0,0
4795,0.003400,17.192800,0,139,4,143,0,0
4796,0.006600,17.382300,0,139,4,143,0,0
4797,0.003900,16.264400,0,139,4,143,0,0
4798,0.003600,16.424300,0,139,4,143,0,0
4799,0.003600,16.413300,0,139,4,143,0,0
4800,0.004300,16.246900,0,139,4,143,0,0
4801,0.003400,17.083300,0,139,4,143,0,0
4802,1.775400,17.806300,3384,142,1,143,0,21
4803,0.003300,15.429600,0,142,1,143,0,0
4804,0.004700,17.385300,0,142,1,143,0,0
4805,0.005300,16.584800,0,142,1,143,0,0
4806,0.007000,15.814300,0,142,1,143,0,0
4807,0.004200,17.813900,0,142,1,143,0,0
4808,0.004100,16.082000,0,142,1,143,0,0
4809,0.003900,16.512300,0,142,1,143,0,0
4810,0.003900,17.519900,0,142,1,143,0,0
4811,0.005100,16.139300,0,142,1,143,0,0
4812,0.004200,17.964600,0,142,1,143,0,0
4813,0.004600,16.066300,0,142,1,143,0,0
4814,1.176300,17.207600,1764,142,1,143,0,11
4815,0.003900,16.366500,0,142,1,143,0,0
4816,0.003600,16.990400,0,142,1,143,0,0
4817,0.003500,16.318600,0,142,1,143,0,0
4818,0.003500,16.665500,0,142,1,143,0,0
4819,0.004200,16.456900,0,142,1,143,0,0
4820,0.004300,17.331900,0,142,1,143,0,0
4821,0.003800,16.618700,0,142,1,143,0,0
4822,0.003700,16.569800,0,142,1,143,0,0
4823,0.005900,16.754500,0,142,1,143,0,0
4824,0.003800,16.568400,0,142,1,143,0,0
4825,0.003700,16.025300,0,142,1,143,0,0
4826,1.007600,17.010000,1764,141,2,143,0,11
4827,0.003200,16.794400,0,141,2,143,0,0
4828,0.003400,16.558500,0,141,2,143,0,0
4829,0.003400,16.954700,0,141,2,143,0,0
4830,0.003500,16.715800,0,141,2,143,0,0
4831,0.004300,16.040900,0,141,2,143,0,0
4832,0.004000,17.306700,0,141,2,143,0,0
4833,0.003900,16.231500,0,141,2,143,0,0
4834,0.003000,16.857200,0,141,2,143,0,0
4835,0.003700,16.799800,0,141,2,143,0,0
4836,0.003800,16.416900,0,141,2,143,0,0
4837,0.004000,16.358400,0,141,2,143,0,0
4838,1.057300,17.214500,1764,140,3,143,0,11
4839,0.003900,16.465000,0,140,3,143,0,0
4840,0.004300,16.942100,0,140,3,143,0,0
4841,0.002300,16.139300,0,140,3,143,0,0
4842,0.003300,17.177300,0,140,3,143,0,0
4843,0.003500,16.328900,0,140,3,143,0,0
4844,0.003400,17.027300,0,140,3,143,0,0
4845,0.004000,16.954100,0,140,3,143,0,0
4846,0.005600,16.702100,0,140,3,143,0,0
4847,0.002600,15.941100,0,140,3,143,0,0
4848,0.001900,16.789200,0,140,3,143,0,0
4849,0.002400,16.391800,0,140,3,143,0,0
4850,1.197700,17.340300,1764,139,4,143,0,11
4851,0.005300,16.959400,0,139,4,143,0,0
4852,0.004000,16.510900,0,139,4,143,0,0
4853,0.003400,16.398500,0,139,4,143,0,0
4854,0.003800,17.168900,0,139,4,143,0,0
4855,0.003200,16.335900,0,139,4,143,0,0
4856,0.003900,17.305700,0,139,4,143,0,0
4857,0.003800,16.367800,0,139,4,143,0,0
4858,0.003700,16.626800,0,139,4,143,0,0
4859,0.003300,16.902500,0,139,4,143,0,0
4860,0.003900,16.869100,0,139,4,143,0,0
4861,0.003300,16.073600,0,139,4,143,0,0
4862,1.004200,16.991600,1764,138,5,143,0,11
4863,0.004500,16.914500,0,138,5,143,0,0
4864,0.003900,16.937500,0,138,5,143,0,0
4865,0.003900,16.482300,0,138,5,143,0,0
4866,0.003900,16.543400,0,138,5,143,0,0
4867,0.003500,16.825100,0,138,5,143,0,0
4868,0.003900,16.797700,0,138,5,143,0,0
4869,0.003300,16.422600,0,138,5,143,0,0
4870,0.003300,16.840800,0,138,5,143,0,0
4871,0.337700,16.280200,1782,143,0,143,0,11
4872,0.002700,16.596600,0,143,0,143,0,0
4873,0.001800,16.370400,0,143,0,143,0,0
4874,0.323100,16.805100,1770,143,0,143,0,11
4875,0.001800,16.652500,0,143,0,143,0,0
4876,0.002000,16.943300,0,143,0,143,0,0
4877,0.002200,16.642100,0,143,0,143,0,0
4878,0.001700,16.480700,0,143,0,143,0,0
4879,0.002000,16.506700,0,143,0,143,0,0
4880,0.002400,17.058900,0,143,0,143,0,0
4881,0.001800,16.432700,0,143,0,143,0,0
4882,0.002500,16.667200,0,143,0,143,0,0
4883,0.002100,16.686500,0,143,0,143,0,0
4884,0.002300,16.631300,0,143,0,143,0,0
4885,0.002400,16.490900,0,143,0,143,0,0
4886,0.326300,16.820400,1770,142,1,143,0,11
4887,0.001900,16.713800,0,142,1,143,0,0
4888,0.002400,17.013800,0,142,1,143,0,0
4889,0.002500,16.504000,0,142,1,143,0,0
4890,0.001800,16.567800,0,142,1,143,0,0
4891,0.002000,16.391700,0,142,1,143,0,0
4892,0.001900,16.854800,0,142,1,143,0,0
4893,0.001700,16.640900,0,142,1,143,0,0
4894,0.002100,16.675500,0,142,1,143,0,0
4895,0.002400,16.724000,0,142,1,143,0,0
4896,0.001800,16.632800,0,142,1,143,0,0
4897,0.002500,16.473300,0,142,1,143,0,0
4898,0.354300,16.851400,1770,141,2,143,0,11
4899,0.001600,16.683000,0,141,2,143,0,0
4900,0.001700,16.618700,0,141,2,143,0,0
4901,0.001800,16.881300,0,141,2,143,0,0
4902,0.002300,16.508000,0,141,2,143,0,0
4903,0.002500,16.456300,0,141,2,143,0,0
4904,0.002400,16.862600,0,141,2,143,0,0
4905,0.001800,16.650300,0,141,2,143,0,0
4906,0.002400,16.637900,0,141,2,143,0,0
4907,0.001700,16.674000,0,141,2,143,0,0
4908,0.002200,16.806100,0,141,2,143,0,0
4909,0.002100,16.376000,0,141,2,143,0,0
4910,0.384600,16.910500,1770,140,3,143,0,11
4911,0.002400,16.685000,0,140,3,143,0,0
4912,0.001900,16.580000,0,140,3,143,0,0
4913,0.004900,16.736400,0,140,3,143,0,0
4914,0.001600,16.635400,0,140,3,143,0,0
4915,0.001900,16.470900,0,140,3,143,0,0
4916,0.002100,17.034200,0,140,3,143,0,0
4917,0.002000,16.691700,0,140,3,143,0,0
4918,0.001800,16.621700,0,140,3,143,0,0
4919,0.001700,16.547300,0,140,3,143,0,0
4920,0.001800,16.649400,0,140,3,143,0,0
4921,0.002400,16.474300,0,140,3,143,0,0
4922,0.332600,16.870700,1770,139,4,143,0,11
4923,0.001700,16.620300,0,139,4,143,0,0
4924,0.001800,16.639700,0,139,4,143,0,0
4925,0.001800,16.678500,0,139,4,143,0,0
4926,0.001800,16.776800,0,139,4,143,0,0
4927,0.003200,17.377600,0,139,4,143,0,0
4928,0.002200,16.106100,0,139,4,143,0,0
4929,0.001700,16.752200,0,139,4,143,0,0
4930,0.002300,16.562900,0,139,4,143,0,0
4931,0.001700,16.643800,0,139,4,143,0,0
4932,0.002600,16.766400,0,139,4,143,0,0
4933,0.002100,16.385000,0,139,4,143,0,0
4934,0.415300,17.006200,1770,138,5,143,0,11
4935,0.001700,16.478200,0,138,5,143,0,0
4936,0.002500,16.686500,0,138,5,143,0,0
4937,0.001700,16.729100,0,138,5,143,0,0
4938,0.002500,16.889100,0,138,5,143,0,0
4939,0.004900,16.397200,0,138,5,143,0,0
4940,0.002300,16.786700,0,138,5,143,0,0
4941,0.001900,16.587600,0,138,5,143,0,0
4942,0.002200,16.745100,0,138,5,143,0,0
4943,0.004000,17.113200,0,138,5,143,0,0
4944,0.001700,16.381500,0,138,5,143,0,0
4945,0.003300,16.579000,0,138,5,143,0,0
4946,0.939800,17.315400,1770,137,6,143,0,11
4947,0.003700,16.374700,0,137,6,143,0,0
4948,0.003600,17.116800,0,137,6,143,0,0
4949,0.004500,16.371800,0,137,6,143,0,0
4950,0.003100,16.859700,0,137,6,143,0,0
4951,0.003300,16.141600,0,137,6,143,0,0
4952,0.003400,17.061100,0,137,6,143,0,0
4953,0.003100,16.625700,0,137,6,143,0,0
4954,0.003400,16.769900,0,137,6,143,0,0
4955,0.003400,16.975600,0,137,6,143,0,0
4956,1.255500,16.279400,1848,143,0,143,0,11
4957,0.002400,16.115100,0,143,0,143,0,0
4958,0.498500,16.882800,1782,143,0,143,0,11
4959,0.003800,17.086400,0,143,0,143,0,0
4960,0.003200,16.522400,0,143,0,143,0,0
4961,0.003500,16.770100,0,143,0,143,0,0
4962,0.003300,17.268900,0,143,0,143,0,0
4963,0.003300,15.969600,0,143,0,143,0,0
4964,0.002200,16.766100,0,143,0,143,0,0
4965,0.002800,16.638200,0,143,0,143,0,0
4966,0.003000,16.745700,0,143,0,143,0,0
4967,0.003600,17.012700,0,143,0,143,0,0
4968,0.003500,16.679900,0,143,0,143,0,0
4969,0.003500,16.234500,0,143,0,143,0,0
4970,1.054000,17.207000,1782,142,1,143,0,11
4971,0.002500,16.537100,0,142,1,143,0,0
4972,0.002500,16.526500,0,142,1,143,0,0
4973,0.003300,16.922300,0,142,1,143,0,0
4974,0.003600,16.526600,0,142,1,143,0,0
4975,0.003200,16.949800,0,142,1,143,0,0
4976,0.004200,16.280100,0,142,1,143,0,0
4977,0.001900,16.655300,0,142,1,143,0,0
4978,0.003300,17.028600,0,142,1,143,0,0
4979,0.002200,16.400900,0,142,1,143,0,0
4980,0.004800,16.626000,0,142,1,143,0,0
4981,0.001500,16.597100,0,142,1,143,0,0
4982,0.457000,16.488600,1782,141,2,143,0,11
4983,0.001800,16.866000,0,141,2,143,0,0
4984,0.002800,16.750500,0,141,2,143,0,0
4985,0.003600,16.852000,0,141,2,143,0,0
4986,0.003000,16.795600,0,141,2,143,0,0
4987,0.003100,16.887700,0,141,2,143,0,0
4988,0.002200,15.812700,0,141,2,143,0,0
4989,0.003400,17.570600,0,141,2,143,0,0
4990,0.004100,16.297700,0,141,2,143,0,0
4991,0.003800,16.880800,0,141,2,143,0,0
4992,0.003000,16.496100,0,141,2,143,0,0
4993,1.048400,16.953500,1782,140,3,143,0,11
4994,0.003300,16.001700,0,140,3,143,0,0
4995,0.002200,16.736400,0,140,3,143,0,0
4996,0.002600,16.861700,0,140,3,143,0,0
4997,0.002500,16.743500,0,140,3,143,0,0
4998,0.003000,16.542600,0,140,3,143,0,0
4999,0.001900,16.804700,0,140,3,143,0,0
5000,0.003200,16.558400,0,140,3,143,0,0
5001,0.004500,17.155300,0,140,3,143,0,0
5002,0.004500,19.431600,0,140,3,143,0,0
5003,0.001700,13.611600,0,140,3,143,0,0
5004,0.001700,16.611400,0,140,3,143,0,0
5005,0.807300,17.901500,1782,139,4,143,0,11
5006,0.003700,16.913500,0,139,4,143,0,0
5007,0.004000,15.923400,0,139,4,143,0,0
5008,0.003800,16.266500,0,139,4,143,0,0
5009,0.004100,16.984600,0,139,4,143,0,0
5010,0.005100,19.310200,0,139,4,143,0,0
5011,0.007900,14.466700,0,139,4,143,0,0
5012,0.004900,16.025600,0,139,4,143,0,0
5013,0.004000,17.115000,0,139,4,143,0,0
5014,0.002200,16.248600,0,139,4,143,0,0
5015,0.004200,18.036000,0,139,4,143,0,0
5016,0.005300,17.431600,0,139,4,143,0,0
5017,0.345900,15.731300,1782,138,5,143,0,11
5018,0.002400,16.654300,0,138,5,143,0,0
5019,0.002300,16.746300,0,138,5,143,0,0
5020,0.001800,16.664700,0,138,5,143,0,0
5021,0.017500,17.509200,0,138,5,143,0,0
5022,0.003600,16.189800,0,138,5,143,0,0
5023,0.004000,16.918900,0,138,5,143,0,0
5024,0.003500,16.085500,0,138,5,143,0,0
5025,0.004300,17.807800,0,138,5,143,0,0
5026,0.004300,17.524300,0,138,5,143,0,0
5027,0.003700,15.136600,0,138,5,143,0,0
5028,0.003900,16.666100,0,138,5,143,0,0
5029,1.054100,16.846500,1782,137,6,143,0,11
5030,0.003600,16.154800,0,137,6,143,0,0
5031,0.004000,17.630300,0,137,6,143,0,0
5032,0.001700,15.649400,0,137,6,143,0,0
5033,0.001600,16.902200,0,137,6,143,0,0
5034,0.003300,16.670800,0,137,6,143,0,0
5035,0.001600,16.492700,0,137,6,143,0,0
5036,0.002300,16.425100,0,137,6,143,0,0
5037,0.001800,17.044500,0,137,6,143,0,0
5038,0.003900,16.837700,0,137,6,143,0,0
5039,0.003900,16.840400,0,137,6,143,0,0
5040,0.003400,16.859000,0,137,6,143,0,0
5041,1.189900,17.533600,1782,136,7,143,0,11
5042,0.004600,15.128900,0,136,7,143,0,0
5043,0.004000,16.998600,0,136,7,143,0,0
5044,0.003300,16.962300,0,136,7,143,0,0
5045,0.003400,16.828200,0,136,7,143,0,0
5046,0.003800,16.600600,0,136,7,143,0,0
5047,0.003700,17.170000,0,136,7,143,0,0
5048,0.004200,15.765100,0,136,7,143,0,0
5049,0.003600,17.280100,0,136,7,143,0,0
5050,0.004800,16.740200,0,136,7,143,0,0
5051,0.005300,18.016700,0,136,7,143,0,0
5052,0.004300,15.285600,0,136,7,143,0,0
5053,0.867900,16.669100,1782,135,8,143,0,11
5054,0.004100,16.470400,0,135,8,143,0,0
5055,0.003300,16.981700,0,135,8,143,0,0
5056,0.004000,16.428900,0,135,8,143,0,0
5057,0.003300,16.798100,0,135,8,143,0,0
5058,0.003500,16.677800,0,135,8,143,0,0
5059,0.003700,16.557600,0,135,8,143,0,0
5060,0.004400,16.342200,0,135,8,143,0,0
5061,0.005300,17.493300,0,135,8,143,0,0
5062,0.005100,17.526200,0,135,8,143,0,0
5063,0.003300,15.453000,0,135,8,143,0,0
5064,0.004400,16.930900,0,135,8,143,0,0
5065,0.327000,16.112200,1782,134,9,143,0,11
5066,0.002400,16.372800,0,134,9,143,0,0
5067,0.003300,17.463500,0,134,9,143,0,0
5068,0.003500,16.673400,0,134,9,143,0,0
5069,0.003900,16.475900,0,134,9,143,0,0
5070,0.003800,16.694700,0,134,9,143,0,0
5071,0.003900,16.656300,0,134,9,143,0,0
5072,0.003300,16.370400,0,134,9,143,0,0
5073,0.003700,17.135000,0,134,9,143,0,0
5074,0.002800,16.445100,0,134,9,143,0,0
5075,0.003200,16.783200,0,134,9,143,0,0
5076,0.003600,16.992900,0,134,9,143,0,0
5077,1.177700,16.482600,1782,133,10,143,0,11
5078,0.003600,16.181300,0,133,10,143,0,0
5079,0.003800,17.327000,0,133,10,143,0,0
5080,0.003900,16.616300,0,133,10,143,0,0
5081,0.003600,16.599400,0,133,10,143,0,0
5082,0.003300,16.687400,0,133,10,143,0,0
5083,0.003500,16.523300,0,133,10,143,0,0
5084,0.003100,16.708700,0,133,10,143,0,0
5085,0.003300,16.199400,0,133,10,143,0,0
5086,0.003300,17.082000,0,133,10,143,0,0
5087,0.003300,16.990400,0,133,10,143,0,0
5088,0.003300,16.586800,0,133,10,143,0,0
5089,1.089000,16.805900,1782,132,11,143,0,11
5090,0.003500,16.770900,0,132,11,143,0,0
5091,0.004400,15.978700,0,132,11,143,0,0
5092,0.003500,17.265200,0,132,11,143,0,0
5093,0.003100,16.441900,0,132,11,143,0,0
5094,0.003300,16.515200,0,132,11,143,0,0
5095,0.003400,17.015800,0,132,11,143,0,0
5096,0.003700,16.569200,0,132,11,143,0,0
5097,0.003600,16.092200,0,132,11,143,0,0
5098,0.003200,17.133600,0,132,11,143,0,0
5099,0.004700,16.747500,0,132,11,143,0,0
5100,0.004300,16.838200,0,132,11,143,0,0
5101,1.232900,16.776300,1782,132,11,143,0,11
5102,0.003500,16.250200,0,132,11,143,0,0
5103,0.001800,16.123400,0,132,11,143,0,0
5104,0.003300,17.302400,0,132,11,143,0,0
5105,0.001700,16.327900,0,132,11,143,0,0
5106,0.001800,16.719500,0,132,11,143,0,0
5107,0.004000,17.619000,0,132,11,143,0,0
5108,0.003100,16.004900,0,132,11,143,0,0
5109,0.003400,16.360900,0,132,11,143,0,0
5110,0.003900,17.367800,0,132,11,143,0,0
5111,0.003700,16.308500,0,132,11,143,0,0
5112,0.003100,16.779500,0,132,11,143,0,0
5113,1.128000,16.656500,1782,132,11,143,0,11
5114,0.005100,16.689200,0,132,11,143,0,0
5115,0.003500,16.562000,0,132,11,143,0,0
5116,0.003600,16.885500,0,132,11,143,0,0
5117,0.002200,16.601500,0,132,11,143,0,0
5118,0.002200,16.346100,0,132,11,143,0,0
5119,0.004400,17.440600,0,132,11,143,0,0
5120,0.003000,16.371200,0,132,11,143,0,0
5121,0.002500,16.017000,0,132,11,143,0,0
5122,0.003000,17.013100,0,132,11,143,0,0
5123,0.001700,16.544100,0,132,11,143,0,0
5124,0.001700,16.642300,0,132,11,143,0,0
5125,0.305600,16.624700,1782,132,11,143,0,11
5126,0.001800,16.801700,0,132,11,143,0,0
5127,0.001700,16.400200,0,132,11,143,0,0
5128,0.003800,17.527100,0,132,11,143,0,0
5129,0.001700,16.064200,0,132,11,143,0,0
5130,0.003800,17.060800,0,132,11,143,0,0
5131,0.003700,16.632400,0,132,11,143,0,0
5132,0.003700,16.793200,0,132,11,143,0,0
5133,0.003800,16.198100,0,132,11,143,0,0
5134,0.002300,16.854400,0,132,11,143,0,0
5135,0.003400,16.787400,0,132,11,143,0,0
5136,0.003500,16.989300,0,132,11,143,0,0
5137,1.175800,16.421000,1782,132,11,143,0,11
5138,0.003300,16.701200,0,132,11,143,0,0
5139,0.003500,16.323600,0,132,11,143,0,0
5140,0.003500,16.917200,0,132,11,143,0,0
5141,0.004600,17.356900,0,132,11,143,0,0
5142,0.003300,16.273600,0,132,11,143,0,0
5143,0.005000,16.927100,0,132,11,143,0,0
5144,0.004500,16.547600,0,132,11,143,0,0
5145,0.004600,16.484900,0,132,11,143,0,0
5146,0.003300,17.290900,0,132,11,143,0,0
5147,0.004100,16.533700,0,132,11,143,0,0
5148,0.004100,16.617200,0,132,11,143,0,0
5149,1.342700,16.658700,1782,132,11,143,0,11
5150,0.004600,16.780200,0,132,11,143,0,0
5151,0.003500,16.035200,0,132,11,143,0,0
5152,0.004100,17.003500,0,132,11,143,0,0
5153,0.004100,16.917600,0,132,11,143,0,0
5154,0.005400,17.279300,0,132,11,143,0,0
5155,0.003700,16.415000,0,132,11,143,0,0
5156,0.004000,16.624600,0,132,11,143,0,0
5157,0.004500,16.276500,0,132,11,143,0,0
5158,0.003700,17.358700,0,132,11,143,0,0
5159,0.004000,16.378200,0,132,11,143,0,0
5160,0.003900,16.632700,0,132,11,143,0,0
5161,1.120100,16.627600,1782,132,11,143,0,11
5162,0.004200,16.877700,0,132,11,143,0,0
5163,0.004200,16.019700,0,132,11,143,0,0
5164,0.004000,17.251900,0,132,11,143,0,0
5165,0.004100,16.623700,0,132,11,143,0,0
5166,0.003200,16.648000,0,132,11,143,0,0
5167,0.004400,17.464700,0,132,11,143,0,0
5168,0.004500,16.089400,0,132,11,143,0,0
5169,0.004600,16.003000,0,132,11,143,0,0
5170,0.003200,17.248800,0,132,11,143,0,0
5171,0.004100,16.781600,0,132,11,143,0,0
5172,0.004300,16.379600,0,132,11,143,0,0
5173,1.052700,16.656000,1782,132,11,143,0,11
5174,0.003500,16.920800,0,132,11,143,0,0
5175,0.005400,16.109000,0,132,11,143,0,0
5176,0.003900,17.333400,0,132,11,143,0,0
5177,0.003400,16.353500,0,132,11,143,0,0
5178,0.003700,16.896500,0,132,11,143,0,0
5179,0.004800,16.591700,0,132,11,143,0,0
5180,0.004200,16.527200,0,132,11,143,0,0
5181,0.003600,16.297300,0,132,11,143,0,0
5182,0.003400,17.175100,0,132,11,143,0,0
5183,0.004300,16.625900,0,132,11,143,0,0
5184,0.003800,17.070600,0,132,11,143,0,0
5185,1.037300,16.575200,1782,132,11,143,0,11
5186,0.003400,16.836300,0,132,11,143,0,0
5187,0.004900,15.908000,0,132,11,143,0,0
5188,0.003900,17.335400,0,132,11,143,0,0
5189,0.004100,16.737100,0,132,11,143,0,0
5190,0.004600,17.081400,0,132,11,143,0,0
5191,0.003400,16.181400,0,132,11,143,0,0
5192,0.004000,16.898200,0,132,11,143,0,0
5193,0.005100,15.936700,0,132,11,143,0,0
5194,0.003800,17.255900,0,132,11,143,0,0
5195,0.003500,16.776300,0,132,11,143,0,0
5196,0.003900,16.604500,0,132,11,143,0,0
5197,1.311700,17.221500,1782,132,11,143,0,11
5198,0.003500,16.200600,0,132,11,143,0,0
5199,0.004100,16.132000,0,132,11,143,0,0
5200,0.003900,17.235800,0,132,11,143,0,0
5201,0.003300,16.506800,0,132,11,143,0,0
5202,0.003400,16.721200,0,132,11,143,0,0
5203,0.003600,16.683100,0,132,11,143,0,0
5204,0.003400,16.826500,0,132,11,143,0,0
5205,0.002600,15.958400,0,132,11,143,0,0
5206,0.001900,16.674300,0,132,11,143,0,0
5207,0.002500,16.794700,0,132,11,143,0,0
5208,0.002400,16.651300,0,132,11,143,0,0
5209,1.180100,17.177600,1782,132,11,143,0,11
5210,0.003700,16.760700,0,132,11,143,0,0
5211,0.004000,16.025200,0,132,11,143,0,0
5212,0.003300,17.178900,0,132,11,143,0,0
5213,0.002700,16.517100,0,132,11,143,0,0
5214,0.002000,16.251100,0,132,11,143,0,0
5215,0.002300,16.887500,0,132,11,143,0,0
5216,0.002000,16.670100,0,132,11,143,0,0
5217,0.003600,16.568700,0,132,11,143,0,0
5218,0.003800,17.069400,0,132,11,143,0,0
5219,0.004000,16.731600,0,132,11,143,0,0
5220,0.002000,16.194300,0,132,11,143,0,0
5221,0.464900,16.848200,1782,132,11,143,0,11
5222,0.002400,16.550300,0,132,11,143,0,0
5223,0.002900,16.384000,0,132,11,143,0,0
5224,0.001900,16.896800,0,132,11,143,0,0
5225,0.003900,16.801800,0,132,11,143,0,0
5226,0.002100,16.458900,0,132,11,143,0,0
5227,0.002000,17.124600,0,132,11,143,0,0
5228,0.002800,16.297900,0,132,11,143,0,0
5229,0.002700,16.547200,0,132,11,143,0,0
5230,0.002500,16.818000,0,132,11,143,0,0
5231,0.003700,17.013100,0,132,11,143,0,0
5232,0.003800,16.690200,0,132,11,143,0,0
5233,1.038700,16.834900,1782,132,11,143,0,11
5234,0.002200,16.534200,0,132,11,143,0,0
5235,0.005300,16.122800,0,132,11,143,0,0
5236,0.004200,17.087600,0,132,11,143,0,0
5237,0.002400,17.064100,0,132,11,143,0,0
5238,0.003300,16.764600,0,132,11,143,0,0
5239,0.003600,16.903000,0,132,11,143,0,0
5240,0.003600,16.733600,0,132,11,143,0,0
5241,0.015100,16.107600,0,132,11,143,0,0
5242,0.003400,16.952700,0,132,11,143,0,0
5243,0.003000,16.677600,0,132,11,143,0,0
5244,0.007500,16.913900,0,132,11,143,0,0
5245,0.530800,16.356200,1782,132,11,143,0,11
5246,0.002000,16.398700,0,132,11,143,0,0
5247,0.005100,16.909000,0,132,11,143,0,0
5248,0.004100,16.988600,0,132,11,143,0,0
5249,0.003500,16.610600,0,132,11,143,0,0
5250,0.003900,16.864800,0,132,11,143,0,0
5251,0.003500,16.551700,0,132,11,143,0,0
5252,0.003400,16.670800,0,132,11,143,0,0
5253,0.003800,16.232800,0,132,11,143,0,0
5254,0.003500,17.242800,0,132,11,143,0,0
5255,0.003300,16.624100,0,132,11,143,0,0
5256,0.003800,16.469500,0,132,11,143,0,0
5257,1.172900,16.753400,1782,132,11,143,0,11
5258,0.005400,16.743500,0,132,11,143,0,0
5259,0.003400,17.232400,0,132,11,143,0,0
5260,0.004500,16.210400,0,132,11,143,0,0
5261,0.003800,16.927000,0,132,11,143,0,0
5262,0.003700,16.895600,0,132,11,143,0,0
5263,0.004200,16.931600,0,132,11,143,0,0
5264,0.004900,16.434200,0,132,11,143,0,0
5265,0.005300,16.878200,0,132,11,143,0,0
5266,0.004000,15.810200,0,132,11,143,0,0
5267,0.003300,17.302600,0,132,11,143,0,0
5268,0.004400,17.060800,0,132,11,143,0,0
5269,1.062700,16.162400,1782,132,11,143,0,11
5270,0.003900,16.787000,0,132,11,143,0,0
5271,0.003300,16.624000,0,132,11,143,0,0
5272,0.003500,16.086200,0,132,11,143,0,0
5273,0.003600,17.310100,0,132,11,143,0,0
5274,0.004300,16.721200,0,132,11,143,0,0
5275,0.003800,16.714700,0,132,11,143,0,0
5276,0.003900,16.459000,0,132,11,143,0,0
5277,0.004000,16.615100,0,132,11,143,0,0
5278,0.004800,16.378800,0,132,11,143,0,0
5279,0.003500,17.116900,0,132,11,143,0,0
5280,0.003800,16.619700,0,132,11,143,0,0
5281,1.105900,16.730700,1782,132,11,143,0,11
5282,0.003900,16.690700,0,132,11,143,0,0
5283,0.004600,16.545500,0,132,11,143,0,0
5284,0.004300,16.198900,0,132,11,143,0,0
5285,0.003700,17.137600,0,132,11,143,0,0
5286,0.004600,17.147200,0,132,11,143,0,0
5287,0.003500,16.889700,0,132,11,143,0,0
5288,0.003400,16.253200,0,132,11,143,0,0
5289,0.004000,16.636100,0,132,11,143,0,0
5290,0.004800,16.265500,0,132,11,143,0,0
5291,0.005300,17.310100,0,132,11,143,0,0
5292,0.004200,16.560700,0,132,11,143,0,0
5293,1.394400,16.715200,1782,132,11,143,0,11
5294,0.003300,16.432700,0,132,11,143,0,0
5295,0.003400,16.904700,0,132,11,143,0,0
5296,0.004300,16.098400,0,132,11,143,0,0
5297,0.004800,17.117300,0,132,11,143,0,0
5298,0.003500,17.163600,0,132,11,143,0,0
5299,0.004200,16.364400,0,132,11,143,0,0
5300,0.003900,16.914500,0,132,11,143,0,0
5301,0.004400,17.282200,0,132,11,143,0,0
5302,0.003600,15.362600,0,132,11,143,0,0
5303,0.004300,17.275400,0,132,11,143,0,0
5304,0.003600,16.705400,0,132,11,143,0,0
5305,1.749200,16.764700,1782,132,11,143,0,11
5306,0.003600,16.272800,0,132,11,143,0,0
5307,0.003600,17.020700,0,132,11,143,0,0
5308,0.004100,16.339600,0,132,11,143,0,0
5309,0.004300,17.139400,0,132,11,143,0,0
5310,0.003800,16.623900,0,132,11,143,0,0
5311,0.023000,16.926600,0,132,11,143,0,0
5312,0.003600,16.667000,0,132,11,143,0,0
5313,0.015100,18.036600,0,132,11,143,0,0
5314,0.005100,14.929100,0,132,11,143,0,0
5315,0.015300,18.164000,0,132,11,143,0,0
5316,0.003300,15.767100,0,132,11,143,0,0
5317,1.922100,17.099100,1782,132,11,143,0,11
5318,0.003100,16.035600,0,132,11,143,0,0
5319,0.003500,16.845700,0,132,11,143,0,0
5320,0.005200,16.299500,0,132,11,143,0,0
5321,0.004400,18.709200,0,132,11,143,0,0
5322,0.003200,15.029500,0,132,11,143,0,0
5323,0.013800,18.051600,0,132,11,143,0,0
5324,0.003700,15.405100,0,132,11,143,0,0
5325,0.005100,18.512100,0,132,11,143,0,0
5326,0.003700,14.232100,0,132,11,143,0,0
5327,0.004300,19.183700,0,132,11,143,0,0
5328,0.003300,14.796100,0,132,11,143,0,0
5329,1.092300,16.779700,1782,132,11,143,0,11
5330,0.003300,16.310700,0,132,11,143,0,0
5331,0.017100,17.859400,0,132,11,143,0,0
5332,0.004000,15.106500,0,132,11,143,0,0
5333,0.004600,19.003400,0,132,11,143,0,0
5334,0.003900,14.885800,0,132,11,143,0,0
5335,0.003300,18.205200,0,132,11,143,0,0
5336,0.003900,15.088100,0,132,11,143,0,0
5337,0.003500,18.380300,0,132,11,143,0,0
5338,0.003500,14.614600,0,132,11,143,0,0
5339,0.004100,17.545500,0,132,11,143,0,0
5340,0.005300,16.642300,0,132,11,143,0,0
5341,1.027800,18.282900,1782,132,11,143,0,11
5342,1.348200,14.989000,1716,143,0,143,0,11
5343,0.003800,18.029100,0,143,0,143,0,0
5344,0.004200,14.941200,0,143,0,143,0,0
5345,0.003500,18.976400,0,143,0,143,0,0
5346,0.003100,15.541200,0,143,0,143,0,0
5347,0.005600,18.033600,0,143,0,143,0,0
5348,0.003100,15.675500,0,143,0,143,0,0
5349,0.012400,17.755700,0,143,0,143,0,0
5350,0.003900,14.809200,0,143,0,143,0,0
5351,0.003000,16.771800,0,143,0,143,0,0
5352,0.003100,16.842600,0,143,0,143,0,0
5353,1.097300,18.050000,1770,143,0,143,0,11
5354,0.003600,15.462800,0,143,0,143,0,0
5355,0.003900,17.655900,0,143,0,143,0,0
5356,0.003600,15.239000,0,143,0,143,0,0
5357,0.004400,19.632200,0,143,0,143,0,0
5358,0.005200,14.364400,0,143,0,143,0,0
5359,0.003700,16.957400,0,143,0,143,0,0
5360,0.003400,16.327700,0,143,0,143,0,0
5361,0.003700,17.320500,0,143,0,143,0,0
5362,0.003900,15.570900,0,143,0,143,0,0
5363,0.003300,17.957100,0,143,0,143,0,0
5364,0.003100,16.132300,0,143,0,143,0,0
5365,1.316100,16.938800,1770,142,1,143,0,11
5366,0.002800,16.448600,0,142,1,143,0,0
5367,0.003800,16.927200,0,142,1,143,0,0
5368,0.003100,16.483600,0,142,1,143,0,0
5369,0.003600,16.168900,0,142,1,143,0,0
5370,0.003400,17.212500,0,142,1,143,0,0
5371,0.004100,17.192500,0,142,1,143,0,0
5372,0.003300,16.163800,0,142,1,143,0,0
5373,0.003800,17.047600,0,142,1,143,0,0
5374,0.003400,16.441000,0,142,1,143,0,0
5375,0.004000,16.217300,0,142,1,143,0,0
5376,0.004000,17.221500,0,142,1,143,0,0
5377,0.932700,16.428700,1770,141,2,143,0,11
5378,0.003800,16.897200,0,141,2,143,0,0
5379,0.003700,17.951800,0,141,2,143,0,0
5380,0.003500,16.374800,0,141,2,143,0,0
5381,0.004900,16.117500,0,141,2,143,0,0
5382,0.003300,17.790300,0,141,2,143,0,0
5383,0.003700,16.387300,0,141,2,143,0,0
5384,0.003400,16.573700,0,141,2,143,0,0
5385,0.003300,16.971100,0,141,2,143,0,0
5386,0.003600,16.385400,0,141,2,143,0,0
5387,0.003600,16.613200,0,141,2,143,0,0
5388,0.004400,17.537100,0,141,2,143,0,0
5389,2.094200,17.869300,1770,140,3,143,0,11
5390,0.003600,14.656700,0,140,3,143,0,0
5391,0.004900,17.329600,0,140,3,143,0,0
5392,0.003400,16.033200,0,140,3,143,0,0
5393,0.004200,16.421200,0,140,3,143,0,0
5394,0.002900,16.564200,0,140,3,143,0,0
5395,0.004600,17.467200,0,140,3,143,0,0
5396,0.004400,16.491900,0,140,3,143,0,0
5397,0.003500,16.423600,0,140,3,143,0,0
5398,0.003900,16.667800,0,140,3,143,0,0
5399,0.003700,16.479800,0,140,3,143,0,0
5400,0.003300,16.978300,0,140,3,143,0,0
5401,1.050500,17.223400,1770,139,4,143,0,11
5402,0.004100,16.246600,0,139,4,143,0,0
5403,0.004400,17.162600,0,139,4,143,0,0
5404,0.004700,16.229400,0,139,4,143,0,0
5405,0.002700,16.034800,0,139,4,143,0,0
5406,0.003700,17.527900,0,139,4,143,0,0
5407,0.005300,16.975000,0,139,4,143,0,0
5408,0.003900,16.064700,0,139,4,143,0,0
5409,0.003600,17.149500,0,139,4,143,0,0
5410,0.003800,16.140700,0,139,4,143,0,0
5411,0.004100,16.430400,0,139,4,143,0,0
5412,0.003100,17.004300,0,139,4,143,0,0
5413,1.414900,16.578800,1770,138,5,143,0,11
5414,0.004000,16.815500,0,138,5,143,0,0
5415,0.004000,16.791200,0,138,5,143,0,0
5416,0.004100,16.570900,0,138,5,143,0,0
5417,0.008800,16.245900,0,138,5,143,0,0
5418,0.004300,17.310200,0,138,5,143,0,0
5419,0.004200,17.291800,0,138,5,143,0,0
5420,0.004300,15.659900,0,138,5,143,0,0
5421,0.003300,16.708600,0,138,5,143,0,0
5422,0.003700,16.587800,0,138,5,143,0,0
5423,0.004100,16.376400,0,138,5,143,0,0
5424,0.003800,16.983600,0,138,5,143,0,0
5425,1.012800,16.670500,1770,137,6,143,0,11
5426,0.004900,17.034200,0,137,6,143,0,0
5427,1.909000,17.053000,1716,143,0,143,0,11
5428,0.003900,16.288700,0,143,0,143,0,0
5429,0.004000,16.238200,0,143,0,143,0,0
5430,0.003900,16.967800,0,143,0,143,0,0
5431,0.003800,16.851400,0,143,0,143,0,0
5432,0.004100,16.710300,0,143,0,143,0,0
5433,0.005000,16.441400,0,143,0,143,0,0
5434,0.004300,16.741400,0,143,0,143,0,0
5435,0.003400,16.177300,0,143,0,143,0,0
5436,0.004400,17.311800,0,143,0,143,0,0
5437,1.039300,16.701000,1764,143,0,143,0,11
5438,0.003500,16.513900,0,143,0,143,0,0
5439,0.004000,16.944300,0,143,0,143,0,0
5440,0.004900,16.422700,0,143,0,143,0,0
5441,0.003100,16.111000,0,143,0,143,0,0
5442,0.004200,17.386200,0,143,0,143,0,0
5443,0.002700,16.688700,0,143,0,143,0,0
5444,0.002700,16.771300,0,143,0,143,0,0
5445,0.004100,16.764400,0,143,0,143,0,0
5446,0.003300,16.996100,0,143,0,143,0,0
5447,1.666300,47.975200,1764,142,1,143,0,11
5448,0.003700,3.072400,0,142,1,143,0,0
5449,0.003500,16.425000,0,142,1,143,0,0
5450,0.003000,19.319800,0,142,1,143,0,0
5451,0.002400,13.864300,0,142,1,143,0,0
5452,0.002300,16.657800,0,142,1,143,0,0
5453,0.003200,16.480000,0,142,1,143,0,0
5454,0.003800,17.789300,0,142,1,143,0,0
5455,0.003800,17.078700,0,142,1,143,0,0
5456,0.003100,16.563100,0,142,1,143,0,0
5457,0.007600,16.852400,0,142,1,143,0,0
5458,0.003700,16.808900,0,142,1,143,0,0
5459,0.003900,15.924600,0,142,1,143,0,0
5460,0.950400,17.234100,1764,141,2,143,0,11
5461,0.003100,16.474600,0,141,2,143,0,0
5462,0.003200,16.578500,0,141,2,143,0,0
5463,0.003700,16.889700,0,141,2,143,0,0
5464,0.003600,16.542800,0,141,2,143,0,0
5465,0.003500,16.304700,0,141,2,143,0,0
5466,0.003300,17.520900,0,141,2,143,0,0
5467,0.004600,16.528000,0,141,2,143,0,0
5468,0.003600,16.748000,0,141,2,143,0,0
5469,0.003100,16.378500,0,141,2,143,0,0
5470,0.003300,16.727600,0,141,2,143,0,0
5471,0.003600,16.339300,0,141,2,143,0,0
5472,1.113900,17.136000,1764,140,3,143,0,11
5473,0.003300,16.719100,0,140,3,143,0,0
5474,0.003800,16.632800,0,140,3,143,0,0
5475,0.003900,16.828600,0,140,3,143,0,0
5476,0.003600,16.666200,0,140,3,143,0,0
5477,0.003600,16.088700,0,140,3,143,0,0
5478,0.003300,17.425000,0,140,3,143,0,0
5479,0.003900,16.377500,0,140,3,143,0,0
5480,0.005700,17.531400,0,140,3,143,0,0
5481,0.004800,16.786600,0,140,3,143,0,0
5482,0.003400,15.861600,0,140,3,143,0,0
5483,0.004500,16.171100,0,140,3,143,0,0
5484,0.607600,16.790600,1764,139,4,143,0,11
5485,0.003600,16.771800,0,139,4,143,0,0
5486,0.003600,16.966200,0,139,4,143,0,0
5487,0.003100,16.366400,0,139,4,143,0,0
5488,0.004000,16.791200,0,139,4,143,0,0
5489,0.004100,16.222600,0,139,4,143,0,0
5490,0.003300,17.197700,0,139,4,143,0,0
5491,0.003800,16.584100,0,139,4,143,0,0
5492,0.004100,17.018400,0,139,4,143,0,0
5493,0.004300,16.521200,0,139,4,143,0,0
5494,0.004000,16.555000,0,139,4,143,0,0
5495,1.218900,16.211800,1716,143,0,143,0,11
5496,1.038000,17.442600,1758,143,0,143,0,11
5497,0.005500,18.237800,0,143,0,143,0,0
5498,0.003800,15.226100,0,143,0,143,0,0
5499,0.003500,16.738500,0,143,0,143,0,0
5500,0.003900,16.437600,0,143,0,143,0,0
5501,0.004100,16.106800,0,143,0,143,0,0
5502,0.004400,17.036300,0,143,0,143,0,0
5503,0.009000,16.998000,0,143,0,143,0,0
5504,0.007100,16.685600,0,143,0,143,0,0
5505,0.003300,16.615800,0,143,0,143,0,0
5506,0.005000,16.793900,0,143,0,143,0,0
5507,0.004800,16.148800,0,143,0,143,0,0
5508,1.061800,17.237300,1758,142,1,143,0,11
5509,0.003600,16.678600,0,142,1,143,0,0
5510,0.003900,16.334500,0,142,1,143,0,0
5511,0.003200,16.920100,0,142,1,143,0,0
5512,0.003300,16.485000,0,142,1,143,0,0
5513,0.003700,16.372400,0,142,1,143,0,0
5514,0.015600,18.315700,0,142,1,143,0,0
5515,0.003400,15.302700,0,142,1,143,0,0
5516,0.003500,16.976000,0,142,1,143,0,0
5517,0.003300,16.702900,0,142,1,143,0,0
5518,0.018600,17.117700,0,142,1,143,0,0
5519,0.003700,15.804400,0,142,1,143,0,0
5520,1.021800,17.079600,1758,141,2,143,0,11
5521,0.003300,16.529800,0,141,2,143,0,0
5522,0.003700,16.740000,0,141,2,143,0,0
5523,0.015800,17.799000,0,141,2,143,0,0
5524,0.003600,15.879300,0,141,2,143,0,0
5525,0.003900,15.835800,0,141,2,143,0,0
5526,0.003700,17.850900,0,141,2,143,0,0
5527,0.003700,16.009800,0,141,2,143,0,0
5528,0.016400,18.080800,0,141,2,143,0,0
5529,0.016300,16.740600,0,141,2,143,0,0
5530,0.003400,15.565200,0,141,2,143,0,0
5531,1.116000,16.625300,1758,140,3,143,0,11
5532,0.005800,16.261900,0,140,3,143,0,0
5533,0.004100,17.176400,0,140,3,143,0,0
5534,0.003600,16.173100,0,140,3,143,0,0
5535,0.003600,16.832500,0,140,3,143,0,0
5536,0.003100,16.762500,0,140,3,143,0,0
5537,0.003700,16.506500,0,140,3,143,0,0
5538,0.004200,16.524000,0,140,3,143,0,0
5539,0.003700,16.970100,0,140,3,143,0,0
5540,0.005100,17.488700,0,140,3,143,0,0
5541,0.004000,16.051500,0,140,3,143,0,0
5542,0.003900,16.442400,0,140,3,143,0,0
5543,0.003400,16.630300,0,140,3,143,0,0
5544,1.007700,16.385700,1758,139,4,143,0,11
5545,0.003800,16.980300,0,139,4,143,0,0
5546,0.004000,16.967300,0,139,4,143,0,0
5547,0.003600,16.814000,0,139,4,143,0,0
5548,0.003300,16.340000,0,139,4,143,0,0
5549,0.003900,16.984600,0,139,4,143,0,0
5550,0.003500,15.992400,0,139,4,143,0,0
5551,0.003600,17.308900,0,139,4,143,0,0
5552,0.003400,16.743200,0,139,4,143,0,0
5553,0.003900,16.462100,0,139,4,143,0,0
5554,0.003800,16.735400,0,139,4,143,0,0
5555,0.988300,16.468500,1758,138,5,143,0,11
5556,0.005200,16.484000,0,138,5,143,0,0
5557,0.003800,16.781700,0,138,5,143,0,0
5558,0.878000,16.640700,1716,143,0,143,0,11
5559,0.003200,16.691800,0,143,0,143,0,0
5560,0.003300,16.711400,0,143,0,143,0,0
5561,0.003400,16.678600,0,143,0,143,0,0
5562,0.003500,16.344900,0,143,0,143,0,0
5563,0.003300,17.094000,0,143,0,143,0,0
5564,0.004600,17.126600,0,143,0,143,0,0
5565,0.004000,16.478600,0,143,0,143,0,0
5566,0.003000,16.872700,0,143,0,143,0,0
5567,0.942800,16.348500,1752,143,0,143,0,11
5568,0.003800,16.070500,0,143,0,143,0,0
5569,0.003200,17.268000,0,143,0,143,0,0
5570,0.003100,16.656500,0,143,0,143,0,0
5571,0.003200,16.467400,0,143,0,143,0,0
5572,0.003300,16.906500,0,143,0,143,0,0
5573,0.003400,16.720200,0,143,0,143,0,0
5574,0.004000,16.094200,0,143,0,143,0,0
5575,0.004700,17.198900,0,143,0,143,0,0
5576,0.003500,16.586300,0,143,0,143,0,0
5577,0.003300,17.151200,0,143,0,143,0,0
5578,0.003800,16.791400,0,143,0,143,0,0
5579,1.091700,16.768600,1752,142,1,143,0,11
5580,0.002500,15.670400,0,142,1,143,0,0
5581,0.001700,16.914800,0,142,1,143,0,0
5582,0.003700,16.718300,0,142,1,143,0,0
5583,0.001700,16.699000,0,142,1,143,0,0
5584,0.002900,16.763200,0,142,1,143,0,0
5585,0.003100,16.865600,0,142,1,143,0,0
5586,0.003000,16.611900,0,142,1,143,0,0
5587,0.003300,16.710100,0,142,1,143,0,0
5588,0.003300,16.717500,0,142,1,143,0,0
5589,0.003900,16.971900,0,142,1,143,0,0
5590,0.002900,16.168000,0,142,1,143,0,0
5591,1.321500,16.723500,1752,141,2,143,0,11
5592,0.003300,16.315700,0,141,2,143,0,0
5593,0.003800,17.190500,0,141,2,143,0,0
5594,0.003500,16.657900,0,141,2,143,0,0
5595,0.003300,16.574700,0,141,2,143,0,0
5596,0.003400,16.634600,0,141,2,143,0,0
5597,0.003100,16.697000,0,141,2,143,0,0
5598,0.002400,16.170400,0,141,2,143,0,0
5599,0.002900,17.047100,0,141,2,143,0,0
5600,0.003900,16.814100,0,141,2,143,0,0
5601,0.003100,16.775100,0,141,2,143,0,0
5602,0.003100,16.461900,0,141,2,143,0,0
5603,1.020600,16.745100,1752,140,3,143,0,11
5604,0.003300,16.300000,0,140,3,143,0,0
5605,0.003700,17.042200,0,140,3,143,0,0
5606,0.002700,16.509400,0,140,3,143,0,0
5607,0.003200,16.929400,0,140,3,143,0,0
5608,0.003300,16.646900,0,140,3,143,0,0
5609,0.003400,16.845500,0,140,3,143,0,0
5610,0.004000,16.126300,0,140,3,143,0,0
5611,0.002400,16.757900,0,140,3,143,0,0
5612,0.003400,16.751000,0,140,3,143,0,0
5613,0.003000,17.006900,0,140,3,143,0,0
5614,0.002300,16.195000,0,140,3,143,0,0
5615,0.941000,17.164700,1752,139,4,143,0,11
5616,0.004000,16.108400,0,139,4,143,0,0
5617,0.003100,17.115700,0,139,4,143,0,0
5618,1.274000,16.779500,1716,143,0,143,0,11
5619,0.003600,17.049200,0,143,0,143,0,0
5620,0.003200,16.854100,0,143,0,143,0,0
5621,0.001800,16.239900,0,143,0,143,0,0
5622,0.003100,16.477800,0,143,0,143,0,0
5623,0.003200,17.140100,0,143,0,143,0,0
5624,0.002300,16.550400,0,143,0,143,0,0
5625,0.003100,16.762100,0,143,0,143,0,0
5626,0.002300,16.437900,0,143,0,143,0,0
5627,0.873700,16.796400,1746,143,0,143,0,11
5628,0.004200,16.602100,0,143,0,143,0,0
5629,0.002300,16.559700,0,143,0,143,0,0
5630,0.003100,16.975400,0,143,0,143,0,0
5631,0.003000,16.769100,0,143,0,143,0,0
5632,0.003800,16.970200,0,143,0,143,0,0
5633,0.003800,16.379400,0,143,0,143,0,0
5634,0.003200,16.367200,0,143,0,143,0,0
5635,0.003800,17.221000,0,143,0,143,0,0
5636,0.002400,16.164900,0,143,0,143,0,0
5637,0.002800,16.704400,0,143,0,143,0,0
5638,0.002900,16.842200,0,143,0,143,0,0
5639,1.017600,16.770800,1746,142,1,143,0,11
5640,0.017900,16.295400,0,142,1,143,0,0
5641,0.003400,17.288700,0,142,1,143,0,0
5642,0.003700,16.532700,0,142,1,143,0,0
5643,0.003400,16.493900,0,142,1,143,0,0
5644,0.002700,16.705900,0,142,1,143,0,0
5645,0.003100,16.649000,0,142,1,143,0,0
5646,0.002700,16.749300,0,142,1,143,0,0
5647,0.004000,16.814700,0,142,1,143,0,0
5648,0.003000,16.794000,0,142,1,143,0,0
5649,0.003300,16.541800,0,142,1,143,0,0
5650,0.002900,16.488800,0,142,1,143,0,0
5651,0.959600,16.979900,1746,141,2,143,0,11
5652,0.002500,15.900800,0,141,2,143,0,0
5653,0.003300,17.193500,0,141,2,143,0,0
5654,0.003700,16.581000,0,141,2,143,0,0
5655,0.003100,16.786100,0,141,2,143,0,0
5656,0.003700,16.832400,0,141,2,143,0,0
5657,0.003700,16.533700,0,141,2,143,0,0
5658,0.003700,16.231100,0,141,2,143,0,0
5659,0.003600,16.944500,0,141,2,143,0,0
5660,0.002400,16.643500,0,141,2,143,0,0
5661,0.003800,17.453800,0,141,2,143,0,0
5662,0.003800,16.175500,0,141,2,143,0,0
5663,0.941700,16.555100,1746,140,3,143,0,11
5664,0.003200,16.235800,0,140,3,143,0,0
5665,0.003300,16.998700,0,140,3,143,0,0
5666,0.003200,16.639700,0,140,3,143,0,0
5667,0.001700,16.453400,0,140,3,143,0,0
5668,0.002200,16.651800,0,140,3,143,0,0
5669,0.003100,16.900700,0,140,3,143,0,0
5670,0.004000,16.372700,0,140,3,143,0,0
5671,0.004400,17.043200,0,140,3,143,0,0
5672,0.002400,16.610800,0,140,3,143,0,0
5673,0.002500,16.681000,0,140,3,143,0,0
5674,0.003400,16.855600,0,140,3,143,0,0
5675,0.600300,16.462600,1746,139,4,143,0,11
5676,0.003800,17.333200,0,139,4,143,0,0
5677,0.003900,17.110400,0,139,4,143,0,0
5678,0.003500,16.785300,0,139,4,143,0,0
5679,0.939600,16.447000,1716,143,0,143,0,11
5680,0.003200,16.814300,0,143,0,143,0,0
5681,0.003700,16.495100,0,143,0,143,0,0
5682,0.002300,16.119500,0,143,0,143,0,0
5683,0.003800,17.398600,0,143,0,143,0,0
5684,0.002600,16.386300,0,143,0,143,0,0
5685,0.003100,16.856900,0,143,0,143,0,0
5686,0.003900,17.012100,0,143,0,143,0,0
5687,0.972200,16.281400,1740,143,0,143,0,11
5688,0.003400,16.331800,0,143,0,143,0,0
5689,0.002300,16.671100,0,143,0,143,0,0
5690,0.002900,16.954800,0,143,0,143,0,0
5691,0.001800,16.397900,0,143,0,143,0,0
5692,0.003900,16.954300,0,143,0,143,0,0
5693,0.003100,16.677600,0,143,0,143,0,0
5694,0.004800,16.389400,0,143,0,143,0,0
5695,0.003000,16.925900,0,143,0,143,0,0
5696,0.003100,16.860300,0,143,0,143,0,0
5697,0.004600,16.708300,0,143,0,143,0,0
5698,0.002600,16.578100,0,143,0,143,0,0
5699,0.952500,16.664800,1740,142,1,143,0,11
5700,0.003500,16.297200,0,142,1,143,0,0
5701,0.004000,17.195700,0,142,1,143,0,0
5702,0.003200,16.598100,0,142,1,143,0,0
5703,0.004900,16.838900,0,142,1,143,0,0
5704,0.005100,16.900000,0,142,1,143,0,0
5705,0.004200,16.240100,0,142,1,143,0,0
5706,0.003100,16.599500,0,142,1,143,0,0
5707,0.003200,16.964100,0,142,1,143,0,0
5708,0.003200,16.382000,0,142,1,143,0,0
5709,0.003100,16.695000,0,142,1,143,0,0
5710,0.003800,16.840400,0,142,1,143,0,0
5711,1.036800,16.600800,1740,141,2,143,0,11
5712,0.003800,16.289600,0,141,2,143,0,0
5713,0.003000,16.913100,0,141,2,143,0,0
5714,0.003400,16.886000,0,141,2,143,0,0
5715,0.003300,16.689500,0,141,2,143,0,0
5716,0.003500,16.455400,0,141,2,143,0,0
5717,0.002000,16.641600,0,141,2,143,0,0
5718,0.002800,16.286500,0,141,2,143,0,0
5719,0.009100,18.405400,0,141,2,143,0,0
5720,0.001900,16.142400,0,141,2,143,0,0
5721,0.001800,16.219200,0,141,2,143,0,0
5722,0.001600,16.128400,0,141,2,143,0,0
5723,0.791100,16.799800,1740,140,3,143,0,11
5724,0.002100,16.271400,0,140,3,143,0,0
5725,0.002100,16.962900,0,140,3,143,0,0
5726,0.002200,16.569100,0,140,3,143,0,0
5727,0.002100,16.781900,0,140,3,143,0,0
5728,0.001800,16.554000,0,140,3,143,0,0
5729,0.001900,16.592500,0,140,3,143,0,0
5730,0.001900,16.611300,0,140,3,143,0,0
5731,0.002600,16.948200,0,140,3,143,0,0
5732,0.003000,16.664000,0,140,3,143,0,0
5733,0.002200,16.626200,0,140,3,143,0,0
5734,0.002300,16.815200,0,140,3,143,0,0
5735,0.350500,16.441000,1740,139,4,143,0,11
5736,0.002100,16.423400,0,139,4,143,0,0
5737,0.002400,16.909400,0,139,4,143,0,0
5738,0.001700,16.708700,0,139,4,143,0,0
5739,0.001700,16.594200,0,139,4,143,0,0
5740,0.002700,17.128500,0,139,4,143,0,0
5741,0.001900,16.283600,0,139,4,143,0,0
5742,0.360700,16.476100,1716,143,0,143,0,11
5743,0.004300,17.002800,0,143,0,143,0,0
5744,0.001900,16.631100,0,143,0,143,0,0
5745,0.001700,17.307000,0,143,0,143,0,0
5746,0.002400,16.636100,0,143,0,143,0,0
5747,0.530500,16.727600,1734,143,0,143,0,11
5748,0.001700,16.556000,0,143,0,143,0,0
5749,0.001900,16.438700,0,143,0,143,0,0
5750,0.001900,16.884500,0,143,0,143,0,0
5751,0.002400,16.686300,0,143,0,143,0,0
5752,0.001900,16.639200,0,143,0,143,0,0
5753,0.002400,16.757700,0,143,0,143,0,0
5754,0.002600,16.710300,0,143,0,143,0,0
5755,0.002200,16.375900,0,143,0,143,0,0
5756,0.002200,16.899400,0,143,0,143,0,0
5757,0.002500,16.873900,0,143,0,143,0,0
5758,0.001800,16.371600,0,143,0,143,0,0
5759,0.964900,16.873900,1734,142,1,143,0,11
5760,0.002700,16.579500,0,142,1,143,0,0
5761,0.002000,16.387000,0,142,1,143,0,0
5762,0.002300,16.831200,0,142,1,143,0,0
5763,0.001800,16.704500,0,142,1,143,0,0
5764,0.001700,16.704800,0,142,1,143,0,0
5765,0.001800,16.599900,0,142,1,143,0,0
5766,0.001600,16.848800,0,142,1,143,0,0
5767,0.002100,16.309900,0,142,1,143,0,0
5768,0.002400,16.830600,0,142,1,143,0,0
5769,0.002500,16.722300,0,142,1,143,0,0
5770,0.001600,16.625200,0,142,1,143,0,0
5771,0.365400,16.712300,1734,141,2,143,0,11
5772,0.001700,16.586400,0,141,2,143,0,0
5773,0.001900,16.517800,0,141,2,143,0,0
5774,0.002300,16.829200,0,141,2,143,0,0
5775,0.002000,16.708200,0,141,2,143,0,0
5776,0.003900,17.088600,0,141,2,143,0,0
5777,0.001800,16.197500,0,141,2,143,0,0
5778,0.001700,16.680400,0,141,2,143,0,0
5779,0.003400,16.880600,0,141,2,143,0,0
5780,0.001900,16.645700,0,141,2,143,0,0
5781,0.004700,16.784800,0,141,2,143,0,0
5782,0.001700,16.477900,0,141,2,143,0,0
5783,0.515400,16.996700,1734,140,3,143,0,11
5784,0.002100,16.353400,0,140,3,143,0,0
5785,0.001800,16.450400,0,140,3,143,0,0
5786,0.001900,16.848800,0,140,3,143,0,0
5787,0.003400,17.218200,0,140,3,143,0,0
5788,0.004900,16.662300,0,140,3,143,0,0
5789,0.005000,16.956700,0,140,3,143,0,0
5790,0.003200,16.228800,0,140,3,143,0,0
5791,0.003000,16.484400,0,140,3,143,0,0
5792,0.002600,16.889400,0,140,3,143,0,0
5793,0.004100,16.651500,0,140,3,143,0,0
5794,0.004100,17.148300,0,140,3,143,0,0
5795,0.421300,16.355400,1734,139,4,143,0,11
5796,0.002600,16.757100,0,139,4,143,0,0
5797,0.004600,16.536200,0,139,4,143,0,0
5798,0.002700,16.751400,0,139,4,143,0,0
5799,0.003100,16.689300,0,139,4,143,0,0
5800,0.002600,16.743900,0,139,4,143,0,0
5801,0.004100,17.029900,0,139,4,143,0,0
5802,0.004800,16.714700,0,139,4,143,0,0
5803,0.005400,16.177100,0,139,4,143,0,0
5804,0.003100,16.637100,0,139,4,143,0,0
5805,0.002400,16.653700,0,139,4,143,0,0
5806,0.003300,16.798900,0,139,4,143,0,0
5807,0.359400,16.536100,1734,138,5,143,0,11
5808,0.004800,16.930800,0,138,5,143,0,0
5809,0.002100,16.223800,0,138,5,143,0,0
5810,0.002300,17.159800,0,138,5,143,0,0
5811,1.305700,17.050300,1716,143,0,143,0,11
5812,0.003500,16.240900,0,143,0,143,0,0
5813,0.003600,16.649100,0,143,0,143,0,0
5814,0.004000,16.968100,0,143,0,143,0,0
5815,0.005000,16.349300,0,143,0,143,0,0
5816,0.003700,16.958600,0,143,0,143,0,0
5817,0.004000,16.620900,0,143,0,143,0,0
5818,0.004100,16.609800,0,143,0,143,0,0
5819,1.198400,16.604000,1728,143,0,143,0,11
5820,0.003700,16.712100,0,143,0,143,0,0
5821,0.005000,16.493600,0,143,0,143,0,0
5822,0.004400,17.136400,0,143,0,143,0,0
5823,0.003700,19.697400,0,143,0,143,0,0
5824,0.004500,14.909400,0,143,0,143,0,0
5825,0.021400,19.811800,0,143,0,143,0,0
5826,0.003800,13.680800,0,143,0,143,0,0
5827,0.003000,14.751900,0,143,0,143,0,0
5828,0.005800,20.413300,0,143,0,143,0,0
5829,0.024900,27.017600,0,143,0,143,0,0
5830,0.004600,6.719800,0,143,0,143,0,0
5831,3.253200,15.174900,1728,142,1,143,0,11
5832,0.004400,17.587300,0,142,1,143,0,0
5833,0.004700,13.685300,0,142,1,143,0,0
5834,0.032300,21.042200,0,142,1,143,0,0
5835,0.004000,15.704200,0,142,1,143,0,0
5836,0.002700,16.185000,0,142,1,143,0,0
5837,0.002200,16.853200,0,142,1,143,0,0
5838,0.002000,15.765000,0,142,1,143,0,0
5839,0.002100,17.349200,0,142,1,143,0,0
5840,0.002000,15.842900,0,142,1,143,0,0
5841,0.022700,18.458600,0,142,1,143,0,0
5842,0.001600,15.366600,0,142,1,143,0,0
5843,0.451000,17.542700,1728,141,2,143,0,11
5844,0.002300,15.545700,0,141,2,143,0,0
5845,0.004400,17.213800,0,141,2,143,0,0
5846,0.004100,16.146500,0,141,2,143,0,0
5847,0.003200,17.098700,0,141,2,143,0,0
5848,0.003300,16.940600,0,141,2,143,0,0
5849,0.003900,17.752900,0,141,2,143,0,0
5850,0.004700,15.110400,0,141,2,143,0,0
5851,0.002300,17.532900,0,141,2,143,0,0
5852,0.004400,15.675400,0,141,2,143,0,0
5853,0.007000,19.614500,0,141,2,143,0,0
5854,0.007000,15.332700,0,141,2,143,0,0
5855,1.204500,17.366300,1728,140,3,143,0,11
5856,0.003700,16.273700,0,140,3,143,0,0
5857,0.004400,21.913200,0,140,3,143,0,0
5858,0.005800,10.496800,0,140,3,143,0,0
5859,0.009000,20.433800,0,140,3,143,0,0
5860,0.006400,15.308500,0,140,3,143,0,0
5861,0.014500,21.574200,0,140,3,143,0,0
5862,0.004100,11.403700,0,140,3,143,0,0
5863,0.002700,17.130300,0,140,3,143,0,0
5864,0.004000,19.874100,0,140,3,143,0,0
5865,0.024600,17.517000,0,140,3,143,0,0
5866,0.003800,14.630800,0,140,3,143,0,0
5867,1.621400,18.574600,1728,139,4,143,0,11
5868,0.002600,13.516500,0,139,4,143,0,0
5869,0.002500,15.933500,0,139,4,143,0,0
5870,0.003300,16.726800,0,139,4,143,0,0
5871,0.004100,16.757600,0,139,4,143,0,0
5872,0.011100,16.592900,0,139,4,143,0,0
5873,0.002600,16.390300,0,139,4,143,0,0
5874,0.001800,16.664100,0,139,4,143,0,0
5875,0.001600,16.829400,0,139,4,143,0,0
5876,0.018400,16.542100,0,139,4,143,0,0
5877,0.002300,16.492900,0,139,4,143,0,0
5878,0.003600,17.126900,0,139,4,143,0,0
5879,1.118900,17.140800,1728,138,5,143,0,11
5880,0.003400,16.502100,0,138,5,143,0,0
5881,0.005300,16.829000,0,138,5,143,0,0
5882,0.003700,16.251500,0,138,5,143,0,0
5883,0.003100,16.386600,0,138,5,143,0,0
5884,0.003400,17.171600,0,138,5,143,0,0
5885,0.003200,16.979200,0,138,5,143,0,0
5886,0.003300,17.056800,0,138,5,143,0,0
5887,0.003600,16.275700,0,138,5,143,0,0
5888,0.003300,16.554300,0,138,5,143,0,0
5889,0.003700,16.205900,0,138,5,143,0,0
5890,0.003100,17.180700,0,138,5,143,0,0
5891,1.914300,16.865800,1728,137,6,143,0,11
5892,0.004700,16.719200,0,137,6,143,0,0
5893,0.003700,16.476600,0,137,6,143,0,0
5894,0.007100,16.737500,0,137,6,143,0,0
5895,0.004400,16.076200,0,137,6,143,0,0
5896,0.972300,17.075300,1716,143,0,143,0,11
5897,0.003300,16.707200,0,143,0,143,0,0
5898,0.003500,16.516800,0,143,0,143,0,0
5899,0.004000,16.940000,0,143,0,143,0,0
5900,0.003100,16.610400,0,143,0,143,0,0
5901,0.003900,16.148100,0,143,0,143,0,0
5902,0.003200,17.078000,0,143,0,143,0,0
5903,1.390000,16.666800,1722,143,0,143,0,11
5904,0.004800,17.699600,0,143,0,143,0,0
5905,0.004500,16.272600,0,143,0,143,0,0
5906,0.004300,16.666700,0,143,0,143,0,0
5907,0.003700,16.153100,0,143,0,143,0,0
5908,0.004000,17.373800,0,143,0,143,0,0
5909,0.004300,16.566600,0,143,0,143,0,0
5910,0.004200,16.714200,0,143,0,143,0,0
5911,0.004600,16.367300,0,143,0,143,0,0
5912,0.004300,17.099600,0,143,0,143,0,0
5913,0.004100,16.919000,0,143,0,143,0,0
5914,0.003700,16.394000,0,143,0,143,0,0
5915,1.388500,16.607600,1722,142,1,143,0,11
5916,0.004500,16.963400,0,142,1,143,0,0
5917,0.004900,16.393400,0,142,1,143,0,0
5918,0.003800,16.368000,0,142,1,143,0,0
5919,0.003700,16.418700,0,142,1,143,0,0
5920,0.004100,17.380200,0,142,1,143,0,0
5921,0.003900,16.771400,0,142,1,143,0,0
5922,0.003500,16.195600,0,142,1,143,0,0
5923,0.004700,18.579800,0,142,1,143,0,0
5924,0.003700,15.153400,0,142,1,143,0,0
5925,0.003400,16.019700,0,142,1,143,0,0
5926,0.004100,17.290600,0,142,1,143,0,0
5927,1.228500,16.336700,1722,141,2,143,0,11
5928,0.001600,16.307600,0,141,2,143,0,0
5929,0.001900,16.686600,0,141,2,143,0,0
5930,0.001800,16.745900,0,141,2,143,0,0
5931,0.002600,16.438900,0,141,2,143,0,0
5932,0.001800,16.899300,0,141,2,143,0,0
5933,0.003200,16.692200,0,141,2,143,0,0
5934,0.001700,16.648400,0,141,2,143,0,0
5935,0.002300,16.666100,0,141,2,143,0,0
5936,0.027300,16.676600,0,141,2,143,0,0
5937,0.001800,16.410000,0,141,2,143,0,0
5938,0.004300,17.349500,0,141,2,143,0,0
5939,0.781600,16.470700,1722,140,3,143,0,11
5940,0.003200,16.857900,0,140,3,143,0,0
5941,0.003600,17.168700,0,140,3,143,0,0
5942,0.004600,19.157300,0,140,3,143,0,0
5943,0.026100,15.091700,0,140,3,143,0,0
5944,0.002900,18.829000,0,140,3,143,0,0
5945,0.004500,18.351600,0,140,3,143,0,0
5946,0.004600,17.835200,0,140,3,143,0,0
5947,0.003600,12.917600,0,140,3,143,0,0
5948,0.006700,17.665400,0,140,3,143,0,0
5949,0.002500,15.307100,0,140,3,143,0,0
5950,0.003900,16.993700,0,140,3,143,0,0
5951,2.818600,21.698700,1722,139,4,143,0,11
5952,0.004700,13.715300,0,139,4,143,0,0
5953,0.021900,25.770900,0,139,4,143,0,0
5954,0.005800,9.147300,0,139,4,143,0,0
5955,0.028200,18.079400,0,139,4,143,0,0
5956,0.005600,16.394600,0,139,4,143,0,0
5957,0.005400,22.873700,0,139,4,143,0,0
5958,0.005100,14.033800,0,139,4,143,0,0
5959,0.004200,29.618600,0,139,4,143,0,0
5960,0.004600,27.120200,0,139,4,143,0,0
5961,3.423000,14.292600,1722,138,5,143,0,11
5962,0.006800,20.073600,0,138,5,143,0,0
5963,0.024200,9.081300,0,138,5,143,0,0
5964,0.004400,16.209300,0,138,5,143,0,0
5965,0.003700,14.761300,0,138,5,143,0,0
5966,0.002000,16.458500,0,138,5,143,0,0
5967,0.002600,16.783600,0,138,5,143,0,0
5968,0.002000,16.479200,0,138,5,143,0,0
5969,0.002100,16.480600,0,138,5,143,0,0
5970,0.003600,17.592300,0,138,5,143,0,0
5971,0.004400,16.537500,0,138,5,143,0,0
5972,0.003400,16.784100,0,138,5,143,0,0
5973,1.067300,16.707600,1722,137,6,143,0,11
5974,0.005800,16.750200,0,137,6,143,0,0
5975,0.005100,16.515500,0,137,6,143,0,0
5976,0.003700,17.190600,0,137,6,143,0,0
5977,0.003800,16.207500,0,137,6,143,0,0
5978,0.004100,16.893200,0,137,6,143,0,0
5979,0.025300,19.575100,0,137,6,143,0,0
5980,0.004800,14.331200,0,137,6,143,0,0
5981,0.004400,15.625000,0,137,6,143,0,0
5982,0.020600,17.923400,0,137,6,143,0,0
5983,0.029000,15.688300,0,137,6,143,0,0
5984,0.003200,16.311800,0,137,6,143,0,0
5985,2.138700,18.273100,1722,136,7,143,0,11
5986,0.014200,17.383800,0,136,7,143,0,0
5987,0.003600,14.387400,0,136,7,143,0,0
5988,0.022500,18.035800,0,136,7,143,0,0
5989,0.002600,15.440200,0,136,7,143,0,0
5990,0.003000,16.642000,0,136,7,143,0,0
5991,0.013600,16.745400,0,136,7,143,0,0
5992,0.002400,16.477000,0,136,7,143,0,0
5993,0.002400,16.440100,0,136,7,143,0,0
5994,0.002300,16.977100,0,136,7,143,0,0
5995,0.007100,17.196200,0,136,7,143,0,0
5996,0.003800,16.819600,0,136,7,143,0,0
5997,1.484900,17.114500,1722,135,8,143,0,11
5998,0.005100,17.060100,0,135,8,143,0,0
5999,0.004900,15.604800,0,135,8,143,0,0
6000,0.005300,17.099600,0,135,8,143,0,0
6001,0.022100,19.953900,0,135,8,143,0,0
6002,0.002400,12.883700,0,135,8,143,0,0
6003,0.003800,16.910800,0,135,8,143,0,0
6004,0.003100,16.573800,0,135,8,143,0,0
6005,0.003200,16.675700,0,135,8,143,0,0
6006,0.002700,16.500200,0,135,8,143,0,0
6007,0.003100,17.085000,0,135,8,143,0,0
6008,0.002500,16.311300,0,135,8,143,0,0
6009,0.384800,16.766500,1722,134,9,143,0,11
6010,0.001700,16.403900,0,134,9,143,0,0
6011,0.003500,16.858100,0,134,9,143,0,0
6012,0.002400,16.615600,0,134,9,143,0,0
6013,0.002700,16.986500,0,134,9,143,0,0
6014,0.002500,16.197100,0,134,9,143,0,0
6015,0.003600,20.223300,0,134,9,143,0,0
6016,0.002100,13.165500,0,134,9,143,0,0
6017,0.028600,18.122400,0,134,9,143,0,0
6018,0.005900,15.322100,0,134,9,143,0,0
6019,0.002000,16.639900,0,134,9,143,0,0
6020,0.002300,16.530800,0,134,9,143,0,0
6021,0.821600,16.825200,1722,133,10,143,0,11
6022,0.001900,16.500600,0,133,10,143,0,0
6023,0.001900,16.605100,0,133,10,143,0,0
6024,0.002700,17.033300,0,133,10,143,0,0
6025,0.002000,16.719700,0,133,10,143,0,0
6026,0.001800,16.442700,0,133,10,143,0,0
6027,0.003000,16.751600,0,133,10,143,0,0
6028,0.001900,16.566100,0,133,10,143,0,0
6029,0.002800,16.507300,0,133,10,143,0,0
6030,0.001900,16.754400,0,133,10,143,0,0
6031,0.002000,16.761600,0,133,10,143,0,0
6032,0.002400,16.555600,0,133,10,143,0,0
6033,1.078300,17.478500,1722,132,11,143,0,11
6034,0.003100,16.214200,0,132,11,143,0,0
6035,0.004600,16.521600,0,132,11,143,0,0
6036,0.003300,17.010700,0,132,11,143,0,0
6037,0.005100,16.933500,0,132,11,143,0,0
6038,0.003200,16.626200,0,132,11,143,0,0
6039,0.003500,16.624600,0,132,11,143,0,0
6040,0.003500,16.633200,0,132,11,143,0,0
6041,0.003500,16.175400,0,132,11,143,0,0
6042,0.003200,17.269800,0,132,11,143,0,0
6043,0.003200,16.233100,0,132,11,143,0,0
6044,0.001800,16.592700,0,132,11,143,0,0
6045,0.681600,16.862200,1722,132,11,143,0,11
6046,0.003300,16.662900,0,132,11,143,0,0
6047,0.003400,16.419000,0,132,11,143,0,0
6048,0.004900,17.652800,0,132,11,143,0,0
6049,0.003900,16.471200,0,132,11,143,0,0
6050,0.003800,16.919500,0,132,11,143,0,0
6051,0.004900,16.611800,0,132,11,143,0,0
6052,0.003900,17.020800,0,132,11,143,0,0
6053,0.005100,16.090900,0,132,11,143,0,0
6054,0.001700,16.382000,0,132,11,143,0,0
6055,0.023100,18.145000,0,132,11,143,0,0
6056,0.002900,15.318700,0,132,11,143,0,0
6057,0.610900,18.911000,1722,132,11,143,0,11
6058,0.004200,14.861200,0,132,11,143,0,0
6059,0.003000,16.082200,0,132,11,143,0,0
6060,0.001700,16.662600,0,132,11,143,0,0
6061,0.002200,16.864300,0,132,11,143,0,0
6062,0.003500,16.631800,0,132,11,143,0,0
6063,0.010900,18.416000,0,132,11,143,0,0
6064,0.001800,14.844900,0,132,11,143,0,0
6065,0.024400,18.361700,0,132,11,143,0,0
6066,0.001800,15.018100,0,132,11,143,0,0
6067,0.013800,18.262700,0,132,11,143,0,0
6068,0.002000,15.005900,0,132,11,143,0,0
6069,0.532900,18.731100,1722,132,11,143,0,11
6070,0.002200,14.520100,0,132,11,143,0,0
6071,0.002200,16.673000,0,132,11,143,0,0
6072,0.001800,16.701000,0,132,11,143,0,0
6073,0.002200,18.832800,0,132,11,143,0,0
6074,0.001900,14.513700,0,132,11,143,0,0
6075,0.003700,19.241600,0,132,11,143,0,0
6076,0.001700,14.958100,0,132,11,143,0,0
6077,0.002500,17.770300,0,132,11,143,0,0
6078,0.001900,15.427200,0,132,11,143,0,0
6079,0.002900,18.486600,0,132,11,143,0,0
6080,0.001700,15.103300,0,132,11,143,0,0
6081,0.519900,18.575000,1722,132,11,143,0,11
6082,0.001800,14.742800,0,132,11,143,0,0
6083,0.003100,18.436700,0,132,11,143,0,0
6084,0.003700,15.282300,0,132,11,143,0,0
6085,0.005500,18.361800,0,132,11,143,0,0
6086,0.002300,15.085400,0,132,11,143,0,0
6087,0.002000,17.695700,0,132,11,143,0,0
6088,0.001800,15.531700,0,132,11,143,0,0
6089,0.002800,17.759200,0,132,11,143,0,0
6090,0.002400,15.271000,0,132,11,143,0,0
6091,0.001800,17.646900,0,132,11,143,0,0
6092,0.001700,15.897600,0,132,11,143,0,0
6093,0.380700,17.263800,1722,132,11,143,0,11
6094,0.001800,16.019700,0,132,11,143,0,0
6095,0.002600,17.792900,0,132,11,143,0,0
6096,0.029600,17.715000,0,132,11,143,0,0
6097,0.028600,18.295400,0,132,11,143,0,0
6098,0.005400,14.697200,0,132,11,143,0,0
6099,0.003900,20.362500,0,132,11,143,0,0
6100,0.003600,14.620700,0,132,11,143,0,0
6101,0.004200,16.541800,0,132,11,143,0,0
6102,0.002000,16.877100,0,132,11,143,0,0
6103,0.002300,15.982200,0,132,11,143,0,0
6104,0.001700,16.758100,0,132,11,143,0,0
6105,1.177300,18.020200,1722,132,11,143,0,11
6106,0.002600,15.343800,0,132,11,143,0,0
6107,0.004900,18.730800,0,132,11,143,0,0
6108,0.003700,15.051200,0,132,11,143,0,0
6109,0.004900,19.197300,0,132,11,143,0,0
6110,0.001900,13.890400,0,132,11,143,0,0
6111,0.003600,17.090000,0,132,11,143,0,0
6112,0.002300,16.201600,0,132,11,143,0,0
6113,0.003100,17.651700,0,132,11,143,0,0
6114,0.002300,15.836200,0,132,11,143,0,0
6115,0.004900,17.989600,0,132,11,143,0,0
6116,0.002900,15.418200,0,132,11,143,0,0
6117,0.475300,17.694600,1722,132,11,143,0,11
6118,0.001800,15.384800,0,132,11,143,0,0
6119,0.005900,20.739000,0,132,11,143,0,0
6120,0.005000,13.882300,0,132,11,143,0,0
6121,0.018500,16.970600,0,132,11,143,0,0
6122,0.004600,16.378400,0,132,11,143,0,0
6123,0.005700,18.613000,0,132,11,143,0,0
6124,0.004600,14.924300,0,132,11,143,0,0
6125,0.004500,19.204300,0,132,11,143,0,0
6126,0.002600,13.609600,0,132,11,143,0,0
6127,0.004300,18.209600,0,132,11,143,0,0
6128,0.002700,15.023100,0,132,11,143,0,0
6129,1.649700,19.030700,1722,132,11,143,0,11
6130,0.003100,14.807700,0,132,11,143,0,0
6131,0.004600,17.917900,0,132,11,143,0,0
6132,0.003800,15.210400,0,132,11,143,0,0
6133,0.005100,17.197900,0,132,11,143,0,0
6134,0.005500,17.315100,0,132,11,143,0,0
6135,0.004300,16.689800,0,132,11,143,0,0
6136,0.005000,16.163800,0,132,11,143,0,0
6137,0.004500,17.026400,0,132,11,143,0,0
6138,0.004100,16.792500,0,132,11,143,0,0
6139,0.003400,15.856000,0,132,11,143,0,0
6140,0.005600,17.615600,0,132,11,143,0,0
6141,1.537900,18.548300,1722,132,11,143,0,11
6142,0.004300,16.823000,0,132,11,143,0,0
6143,0.010000,15.848100,0,132,11,143,0,0
6144,0.004500,15.067100,0,132,11,143,0,0
6145,0.003900,18.780900,0,132,11,143,0,0
6146,0.002300,14.313200,0,132,11,143,0,0
6147,0.004200,17.256100,0,132,11,143,0,0
6148,0.002100,16.407500,0,132,11,143,0,0
6149,0.004300,18.669700,0,132,11,143,0,0
6150,0.003700,15.910800,0,132,11,143,0,0
6151,0.002100,18.098400,0,132,11,143,0,0
6152,0.002700,14.981400,0,132,11,143,0,0
6153,0.668400,17.395000,1722,132,11,143,0,11
6154,0.003200,55.225400,0,132,11,143,0,0
6155,0.003200,1.194600,0,132,11,143,0,0
6156,0.003500,16.966100,0,132,11,143,0,0
6157,0.005600,16.831800,0,132,11,143,0,0
6158,0.006900,16.845300,0,132,11,143,0,0
6159,0.006100,16.059300,0,132,11,143,0,0
6160,0.003600,17.211200,0,132,11,143,0,0
6161,0.047000,30.682800,0,132,11,143,0,0
6162,0.580800,15.310800,1722,132,11,143,0,11
6163,0.006200,16.558200,0,132,11,143,0,0
6164,0.003100,16.806600,0,132,11,143,0,0
6165,0.006300,17.907500,0,132,11,143,0,0
6166,0.003600,15.789900,0,132,11,143,0,0
6167,0.005700,17.193300,0,132,11,143,0,0
6168,0.004500,16.573700,0,132,11,143,0,0
6169,0.004600,17.029700,0,132,11,143,0,0
6170,0.010400,75.979900,0,132,11,143,0,0
6171,0.789400,69.325500,1722,132,11,143,0,11
6172,0.004000,5.706100,0,132,11,143,0,0
6173,0.007000,18.821100,0,132,11,143,0,0
6174,0.005200,14.231400,0,132,11,143,0,0
6175,0.005000,16.837500,0,132,11,143,0,0
6176,0.005300,41.988500,0,132,11,143,0,0
6177,0.004800,2.416000,0,132,11,143,0,0
6178,0.004200,17.872400,0,132,11,143,0,0
6179,0.004500,15.188100,0,132,11,143,0,0
6180,0.982600,21.889300,1722,132,11,143,0,11
6181,0.005200,16.237800,0,132,11,143,0,0
6182,0.004800,15.167600,0,132,11,143,0,0
6183,0.003800,16.364500,0,132,11,143,0,0
6184,0.005900,17.059200,0,132,11,143,0,0
6185,0.006100,19.139500,0,132,11,143,0,0
6186,0.004100,15.628700,0,132,11,143,0,0
6187,0.004600,33.720100,0,132,11,143,0,0
6188,0.004200,47.775200,0,132,11,143,0,0
6189,0.774700,2.122400,1722,132,11,143,0,11
6190,0.005000,16.962100,0,132,11,143,0,0
6191,0.006000,15.643700,0,132,11,143,0,0
6192,0.005000,28.161000,0,132,11,143,0,0
6193,0.005900,7.211300,0,132,11,143,0,0
6194,0.003600,16.709000,0,132,11,143,0,0
6195,0.004900,19.951000,0,132,11,143,0,0
6196,0.004300,15.743400,0,132,11,143,0,0
6197,0.004800,14.613200,0,132,11,143,0,0
6198,0.004900,17.172200,0,132,11,143,0,0
6199,0.004600,20.166000,0,132,11,143,0,0
6200,0.006500,13.154700,0,132,11,143,0,0
6201,0.760100,16.779600,1722,132,11,143,0,11
6202,0.005400,17.311300,0,132,11,143,0,0
6203,0.004400,16.542100,0,132,11,143,0,0
6204,0.005300,16.717800,0,132,11,143,0,0
6205,0.004200,16.377400,0,132,11,143,0,0
6206,0.031300,17.509800,0,132,11,143,0,0
6207,0.005700,25.767000,0,132,11,143,0,0
6208,0.004300,15.648200,0,132,11,143,0,0
6209,0.003800,20.635300,0,132,11,143,0,0
6210,0.749000,51.743500,1722,132,11,143,0,11
6211,0.002400,1.930200,0,132,11,143,0,0
6212,0.041000,17.809700,0,132,11,143,0,0
6213,0.003700,15.651400,0,132,11,143,0,0
6214,0.003200,16.659900,0,132,11,143,0,0
6215,0.003900,26.160600,0,132,11,143,0,0
6216,0.004500,13.474500,0,132,11,143,0,0
6217,0.005500,17.708200,0,132,11,143,0,0
6218,0.003700,15.557300,0,132,11,143,0,0
6219,0.003500,16.468500,0,132,11,143,0,0
6220,0.012500,24.912800,0,132,11,143,0,0
6221,0.004000,10.821400,0,132,11,143,0,0
6222,0.004000,15.008900,0,132,11,143,0,0
6223,0.825900,16.425100,1722,132,11,143,0,11
6224,0.003600,16.561800,0,132,11,143,0,0
6225,0.002700,16.685800,0,132,11,143,0,0
6226,0.002100,16.690900,0,132,11,143,0,0
6227,0.003900,19.047600,0,132,11,143,0,0
6228,0.003300,14.909700,0,132,11,143,0,0
6229,0.002200,16.690000,0,132,11,143,0,0
6230,0.003700,17.046100,0,132,11,143,0,0
6231,0.001800,16.220200,0,132,11,143,0,0
6232,0.002200,16.886000,0,132,11,143,0,0
6233,0.001800,16.294500,0,132,11,143,0,0
6234,0.002300,16.856000,0,132,11,143,0,0
6235,0.366200,16.617300,1722,132,11,143,0,11
6236,0.001900,16.676800,0,132,11,143,0,0
6237,0.001800,16.721200,0,132,11,143,0,0
6238,0.002600,16.716700,0,132,11,143,0,0
6239,0.003200,16.648600,0,132,11,143,0,0
6240,0.002300,16.678800,0,132,11,143,0,0
6241,0.002500,16.882200,0,132,11,143,0,0
6242,0.002500,16.398600,0,132,11,143,0,0
6243,0.002900,18.137700,0,132,11,143,0,0
6244,0.001900,15.401000,0,132,11,143,0,0
6245,0.002400,16.448100,0,132,11,143,0,0
6246,0.001800,16.794800,0,132,11,143,0,0
6247,0.628600,17.545800,1722,132,11,143,0,11
6248,0.001900,15.792400,0,132,11,143,0,0
6249,0.002300,17.787900,0,132,11,143,0,0
6250,0.001700,15.584200,0,132,11,143,0,0
6251,0.004100,17.795900,0,132,11,143,0,0
6252,0.004700,15.626600,0,132,11,143,0,0
6253,0.002800,18.831500,0,132,11,143,0,0
6254,0.002100,15.573800,0,132,11,143,0,0
6255,0.002700,16.911800,0,132,11,143,0,0
6256,0.003400,16.498700,0,132,11,143,0,0
6257,0.004800,16.460200,0,132,11,143,0,0
6258,0.003200,16.835700,0,132,11,143,0,0
6259,0.829500,17.622400,1722,132,11,143,0,11
6260,0.002300,15.876300,0,132,11,143,0,0
6261,0.003400,16.959100,0,132,11,143,0,0
6262,0.004800,16.476800,0,132,11,143,0,0
6263,0.002600,16.414200,0,132,11,143,0,0
6264,0.002200,16.387400,0,132,11,143,0,0
6265,0.004800,17.486100,0,132,11,143,0,0
6266,1.244700,16.704000,1782,143,0,143,0,11
6267,0.004300,16.625500,0,143,0,143,0,0
6268,0.003000,16.410200,0,143,0,143,0,0
6269,0.002000,16.322800,0,143,0,143,0,0
6270,0.002600,16.443100,0,143,0,143,0,0
6271,0.417500,17.230600,1728,143,0,143,0,11
6272,0.002100,16.240400,0,143,0,143,0,0
6273,0.002200,16.841600,0,143,0,143,0,0
6274,0.002100,16.451600,0,143,0,143,0,0
6275,0.001800,16.830300,0,143,0,143,0,0
6276,0.002500,16.529300,0,143,0,143,0,0
6277,0.002000,16.867600,0,143,0,143,0,0
6278,0.002400,16.677100,0,143,0,143,0,0
6279,0.001800,16.577700,0,143,0,143,0,0
6280,0.003200,16.808400,0,143,0,143,0,0
6281,0.002300,16.653100,0,143,0,143,0,0
6282,0.002200,16.300300,0,143,0,143,0,0
6283,0.359700,17.042700,1728,142,1,143,0,11
6284,0.001800,16.512000,0,142,1,143,0,0
6285,0.001800,16.744000,0,142,1,143,0,0
6286,0.002500,16.694000,0,142,1,143,0,0
6287,0.002000,16.550800,0,142,1,143,0,0
6288,0.002800,16.494900,0,142,1,143,0,0
6289,0.001900,16.875400,0,142,1,143,0,0
6290,0.002300,16.742000,0,142,1,143,0,0
6291,0.002400,16.633300,0,142,1,143,0,0
6292,0.001900,16.891900,0,142,1,143,0,0
6293,0.002200,16.507100,0,142,1,143,0,0
6294,0.002300,16.338100,0,142,1,143,0,0
6295,0.479800,17.054300,1728,141,2,143,0,11
6296,0.002000,16.550400,0,141,2,143,0,0
6297,0.001900,16.544200,0,141,2,143,0,0
6298,0.002600,16.678200,0,141,2,143,0,0
6299,0.002300,16.714000,0,141,2,143,0,0
6300,0.002700,16.568600,0,141,2,143,0,0
6301,0.001900,16.740400,0,141,2,143,0,0
6302,0.002100,16.706100,0,141,2,143,0,0
6303,0.002100,16.634700,0,141,2,143,0,0
6304,0.001900,17.512500,0,141,2,143,0,0
6305,0.006000,15.947900,0,141,2,143,0,0
6306,0.003300,16.586500,0,141,2,143,0,0
6307,0.416000,16.566900,1728,140,3,143,0,11
6308,0.003500,16.838900,0,140,3,143,0,0
6309,0.002000,16.596500,0,140,3,143,0,0
6310,0.002200,16.702700,0,140,3,143,0,0
6311,0.002000,16.605500,0,140,3,143,0,0
6312,0.002000,16.401300,0,140,3,143,0,0
6313,0.002900,16.974000,0,140,3,143,0,0
6314,0.003900,16.648500,0,140,3,143,0,0
6315,0.001900,16.806100,0,140,3,143,0,0
6316,0.002000,16.599800,0,140,3,143,0,0
6317,0.001700,16.795200,0,140,3,143,0,0
6318,0.002500,16.193500,0,140,3,143,0,0
6319,0.351000,17.005400,1728,139,4,143,0,11
6320,0.002200,16.611300,0,139,4,143,0,0
6321,0.002100,16.655800,0,139,4,143,0,0
6322,0.001900,16.578600,0,139,4,143,0,0
6323,0.001700,16.694800,0,139,4,143,0,0
6324,0.001900,16.433400,0,139,4,143,0,0
6325,0.001800,16.941500,0,139,4,143,0,0
6326,0.002000,16.832400,0,139,4,143,0,0
6327,0.002700,16.645900,0,139,4,143,0,0
6328,0.001900,16.660600,0,139,4,143,0,0
6329,0.004700,16.983600,0,139,4,143,0,0
6330,0.003600,16.084400,0,139,4,143,0,0
6331,0.464900,16.971400,1728,138,5,143,0,11
6332,0.002000,16.552900,0,138,5,143,0,0
6333,0.002100,16.699300,0,138,5,143,0,0
6334,0.002700,16.714500,0,138,5,143,0,0
6335,0.003100,16.832300,0,138,5,143,0,0
6336,0.002900,16.311200,0,138,5,143,0,0
6337,0.002400,16.910000,0,138,5,143,0,0
6338,0.001900,16.522500,0,138,5,143,0,0
6339,0.001800,16.599300,0,138,5,143,0,0
6340,0.002100,16.736600,0,138,5,143,0,0
6341,0.002600,16.828800,0,138,5,143,0,0
6342,0.002000,16.377400,0,138,5,143,0,0
6343,0.408300,16.811400,1728,137,6,143,0,11
6344,0.002100,16.805300,0,137,6,143,0,0
6345,0.002200,16.644400,0,137,6,143,0,0
6346,0.002100,16.550500,0,137,6,143,0,0
6347,0.002400,16.767500,0,137,6,143,0,0
6348,0.002400,16.303900,0,137,6,143,0,0
6349,0.003800,16.986200,0,137,6,143,0,0
6350,0.001900,16.599700,0,137,6,143,0,0
6351,0.405800,16.887200,1782,143,0,143,0,11
6352,0.002300,16.814100,0,143,0,143,0,0
6353,0.002700,16.422900,0,143,0,143,0,0
6354,0.002000,16.313200,0,143,0,143,0,0
6355,0.424900,16.881900,1734,143,0,143,0,11
6356,0.002400,17.075000,0,143,0,143,0,0
6357,0.002600,16.206300,0,143,0,143,0,0
6358,0.003400,17.276700,0,143,0,143,0,0
6359,0.003100,16.798800,0,143,0,143,0,0
6360,0.003900,16.171300,0,143,0,143,0,0
6361,0.003300,17.219500,0,143,0,143,0,0
6362,0.003300,16.545200,0,143,0,143,0,0
6363,0.004100,16.905800,0,143,0,143,0,0
6364,0.002400,16.280900,0,143,0,143,0,0
6365,0.002300,16.619400,0,143,0,143,0,0
6366,0.002000,16.288700,0,143,0,143,0,0
6367,0.778300,18.902100,1734,142,1,143,0,11
6368,0.003200,15.002700,0,142,1,143,0,0
6369,0.003400,16.664100,0,142,1,143,0,0
6370,0.003100,17.161800,0,142,1,143,0,0
6371,0.002800,16.656700,0,142,1,143,0,0
6372,0.002500,16.291400,0,142,1,143,0,0
6373,0.003500,17.229200,0,142,1,143,0,0
6374,0.002600,16.355200,0,142,1,143,0,0
6375,0.003800,16.874400,0,142,1,143,0,0
6376,0.003400,16.971800,0,142,1,143,0,0
6377,0.003500,16.575000,0,142,1,143,0,0
6378,0.002400,16.063900,0,142,1,143,0,0
6379,0.337900,16.775100,1734,141,2,143,0,11
6380,0.002400,16.563300,0,141,2,143,0,0
6381,0.001800,16.717900,0,141,2,143,0,0
6382,0.001600,16.677100,0,141,2,143,0,0
6383,0.001800,16.662500,0,141,2,143,0,0
6384,0.002500,16.438400,0,141,2,143,0,0
6385,0.001900,16.839700,0,141,2,143,0,0
6386,0.003000,16.774400,0,141,2,143,0,0
6387,0.004800,17.104200,0,141,2,143,0,0
6388,0.002300,16.168100,0,141,2,143,0,0
6389,0.001800,16.778100,0,141,2,143,0,0
6390,0.002400,16.362300,0,141,2,143,0,0
6391,0.366700,16.942500,1734,140,3,143,0,11
6392,0.001700,16.732700,0,140,3,143,0,0
6393,0.003100,16.632300,0,140,3,143,0,0
6394,0.001800,16.563300,0,140,3,143,0,0
6395,0.002100,16.757400,0,140,3,143,0,0
6396,0.002400,16.364900,0,140,3,143,0,0
6397,0.001900,16.868100,0,140,3,143,0,0
6398,0.003600,16.915000,0,140,3,143,0,0
6399,0.002700,16.582100,0,140,3,143,0,0
6400,0.003300,17.307500,0,140,3,143,0,0
6401,0.002000,16.018900,0,140,3,143,0,0
6402,0.003500,16.580400,0,140,3,143,0,0
6403,0.349900,16.644800,1734,139,4,143,0,11
6404,0.001800,16.650300,0,139,4,143,0,0
6405,0.002000,16.733000,0,139,4,143,0,0
6406,0.002300,16.691500,0,139,4,143,0,0
6407,0.001800,16.553800,0,139,4,143,0,0
6408,0.003400,16.787300,0,139,4,143,0,0
6409,0.002500,16.584000,0,139,4,143,0,0
6410,0.001800,16.628100,0,139,4,143,0,0
6411,0.001700,16.671400,0,139,4,143,0,0
6412,0.002100,17.035100,0,139,4,143,0,0
6413,0.002400,16.354800,0,139,4,143,0,0
6414,0.003000,16.492000,0,139,4,143,0,0
6415,0.371800,16.802800,1734,138,5,143,0,11
6416,0.001900,16.810400,0,138,5,143,0,0
6417,0.001700,16.567100,0,138,5,143,0,0
6418,0.001800,16.649100,0,138,5,143,0,0
6419,0.001600,16.764400,0,138,5,143,0,0
6420,0.002400,16.363400,0,138,5,143,0,0
6421,0.959600,17.140500,1782,143,0,143,0,11
6422,0.002100,16.634900,0,143,0,143,0,0
6423,0.004300,19.194400,0,143,0,143,0,0
6424,0.002100,14.071800,0,143,0,143,0,0
6425,0.002700,17.021800,0,143,0,143,0,0
6426,0.002300,16.278800,0,143,0,143,0,0
6427,0.895900,17.130600,1740,143,0,143,0,11
6428,0.003600,16.844100,0,143,0,143,0,0
6429,0.002100,16.142200,0,143,0,143,0,0
6430,0.002400,16.714200,0,143,0,143,0,0
6431,0.002500,16.751700,0,143,0,143,0,0
6432,0.002600,16.349200,0,143,0,143,0,0
6433,0.015300,17.994100,0,143,0,143,0,0
6434,0.004100,17.793900,0,143,0,143,0,0
6435,0.001800,14.448500,0,143,0,143,0,0
6436,0.003100,17.033300,0,143,0,143,0,0
6437,0.001900,16.626500,0,143,0,143,0,0
6438,0.005000,16.406100,0,143,0,143,0,0
6439,1.528700,17.520700,1740,142,1,143,0,11
6440,0.002000,15.866000,0,142,1,143,0,0
6441,0.001900,16.550600,0,142,1,143,0,0
6442,0.002300,16.932600,0,142,1,143,0,0
6443,0.003100,16.891800,0,142,1,143,0,0
6444,0.003900,16.196100,0,142,1,143,0,0
6445,0.002500,16.743300,0,142,1,143,0,0
6446,0.003000,17.218100,0,142,1,143,0,0
6447,0.002400,18.578300,0,142,1,143,0,0
6448,0.004300,16.966000,0,142,1,143,0,0
6449,0.002300,14.624000,0,142,1,143,0,0
6450,0.003000,16.239600,0,142,1,143,0,0
6451,0.439600,16.928200,1740,141,2,143,0,11
6452,0.001800,16.699500,0,141,2,143,0,0
6453,0.002600,18.383100,0,141,2,143,0,0
6454,0.002000,14.857700,0,141,2,143,0,0
6455,0.002500,16.701100,0,141,2,143,0,0
6456,0.002800,16.629000,0,141,2,143,0,0
6457,0.003000,16.969800,0,141,2,143,0,0
6458,0.003700,16.987600,0,141,2,143,0,0
6459,0.003100,17.828700,0,141,2,143,0,0
6460,0.001700,14.939800,0,141,2,143,0,0
6461,0.001900,16.767000,0,141,2,143,0,0
6462,0.861000,18.863000,1740,140,3,143,0,11
6463,0.016800,16.847800,0,140,3,143,0,0
6464,0.001800,14.311900,0,140,3,143,0,0
6465,0.001600,16.547800,0,140,3,143,0,0
6466,0.002100,16.664900,0,140,3,143,0,0
6467,0.002800,18.337600,0,140,3,143,0,0
6468,0.002100,16.285900,0,140,3,143,0,0
6469,0.002200,17.312400,0,140,3,143,0,0
6470,0.002200,14.872300,0,140,3,143,0,0
6471,0.001700,16.597700,0,140,3,143,0,0
6472,0.002400,19.705000,0,140,3,143,0,0
6473,0.022300,14.232900,0,140,3,143,0,0
6474,0.004400,16.079600,0,140,3,143,0,0
6475,1.052400,17.143600,1740,139,4,143,0,11
6476,0.002900,16.748000,0,139,4,143,0,0
6477,0.002800,16.308400,0,139,4,143,0,0
6478,0.003200,16.837000,0,139,4,143,0,0
6479,0.003300,16.846800,0,139,4,143,0,0
6480,0.004200,16.194700,0,139,4,143,0,0
6481,0.003500,17.172800,0,139,4,143,0,0
6482,0.004600,16.738400,0,139,4,143,0,0
6483,0.887700,17.220600,1782,143,0,143,0,11
6484,0.002900,15.969400,0,143,0,143,0,0
6485,0.004000,16.782100,0,143,0,143,0,0
6486,0.003600,16.203300,0,143,0,143,0,0
6487,1.113900,17.483400,1746,143,0,143,0,11
6488,0.002500,15.866700,0,143,0,143,0,0
6489,0.002300,16.588100,0,143,0,143,0,0
6490,0.004300,17.256900,0,143,0,143,0,0
6491,0.003200,16.762900,0,143,0,143,0,0
6492,0.002900,16.167100,0,143,0,143,0,0
6493,0.003300,17.061100,0,143,0,143,0,0
6494,0.002000,16.445800,0,143,0,143,0,0
6495,0.003300,16.888000,0,143,0,143,0,0
6496,0.003500,16.830100,0,143,0,143,0,0
6497,0.004000,16.852300,0,143,0,143,0,0
6498,0.004500,16.358500,0,143,0,143,0,0
6499,0.815000,16.952500,1746,142,1,143,0,11
6500,0.003100,16.470400,0,142,1,143,0,0
6501,0.003600,16.790700,0,142,1,143,0,0
6502,0.003200,16.708500,0,142,1,143,0,0
6503,0.003400,16.711000,0,142,1,143,0,0
6504,0.003200,16.141400,0,142,1,143,0,0
6505,0.003200,17.159400,0,142,1,143,0,0
6506,0.004800,16.728500,0,142,1,143,0,0
6507,0.003300,16.859600,0,142,1,143,0,0
6508,0.004900,16.625900,0,142,1,143,0,0
6509,0.002400,16.042700,0,142,1,143,0,0
6510,0.002000,16.402100,0,142,1,143,0,0
6511,0.452000,16.908300,1746,141,2,143,0,11
6512,0.001700,16.682600,0,141,2,143,0,0
6513,0.001800,16.654100,0,141,2,143,0,0
6514,0.002300,17.081000,0,141,2,143,0,0
6515,0.001900,16.390700,0,141,2,143,0,0
6516,0.003500,16.540700,0,141,2,143,0,0
6517,0.003300,17.290800,0,141,2,143,0,0
6518,0.003100,16.357200,0,141,2,143,0,0
6519,0.002900,16.699100,0,141,2,143,0,0
6520,0.003600,16.750300,0,141,2,143,0,0
6521,0.005000,17.100500,0,141,2,143,0,0
6522,0.002200,16.830900,0,141,2,143,0,0
6523,0.688900,16.407600,1746,140,3,143,0,11
6524,0.003600,17.253900,0,140,3,143,0,0
6525,0.001900,16.290300,0,140,3,143,0,0
6526,0.002700,17.023700,0,140,3,143,0,0
6527,0.003700,16.586700,0,140,3,143,0,0
6528,0.003100,16.640000,0,140,3,143,0,0
6529,0.003600,16.417400,0,140,3,143,0,0
6530,0.001700,16.667800,0,140,3,143,0,0
6531,0.001800,16.580100,0,140,3,143,0,0
6532,0.001900,16.902800,0,140,3,143,0,0
6533,0.002100,16.523700,0,140,3,143,0,0
6534,0.001800,16.562700,0,140,3,143,0,0
6535,0.329900,16.513300,1746,139,4,143,0,11
6536,0.002000,16.872000,0,139,4,143,0,0
6537,0.001900,16.624600,0,139,4,143,0,0
6538,0.002300,17.024400,0,139,4,143,0,0
6539,0.002300,16.311500,0,139,4,143,0,0
6540,0.003100,17.268300,0,139,4,143,0,0
6541,0.003300,16.101400,0,139,4,143,0,0
6542,0.003700,16.976900,0,139,4,143,0,0
6543,0.002300,16.573200,0,139,4,143,0,0
6544,0.372500,16.605100,1782,143,0,143,0,11
6545,0.001900,16.895800,0,143,0,143,0,0
6546,0.001700,16.408800,0,143,0,143,0,0
6547,0.804700,16.590900,1752,143,0,143,0,11
6548,0.003100,17.213200,0,143,0,143,0,0
6549,0.001700,16.252100,0,143,0,143,0,0
6550,0.003300,17.049400,0,143,0,143,0,0
6551,0.003700,16.812600,0,143,0,143,0,0
6552,0.002600,16.622700,0,143,0,143,0,0
6553,0.002800,15.985500,0,143,0,143,0,0
6554,0.003400,17.185900,0,143,0,143,0,0
6555,0.003300,16.665100,0,143,0,143,0,0
6556,0.004400,16.690800,0,143,0,143,0,0
6557,0.001800,16.368700,0,143,0,143,0,0
6558,1.022600,17.054600,1752,142,1,143,0,11
6559,0.003000,16.212500,0,142,1,143,0,0
6560,0.003600,17.047800,0,142,1,143,0,0
6561,0.003100,16.796300,0,142,1,143,0,0
6562,0.003100,16.691500,0,142,1,143,0,0
6563,0.003600,16.463100,0,142,1,143,0,0
6564,0.003200,16.714700,0,142,1,143,0,0
6565,0.003800,16.306400,0,142,1,143,0,0
6566,0.003900,17.003600,0,142,1,143,0,0
6567,0.002600,16.490300,0,142,1,143,0,0
6568,0.005800,16.643600,0,142,1,143,0,0
6569,0.001800,16.726600,0,142,1,143,0,0
6570,0.002300,16.515300,0,142,1,143,0,0
6571,0.423100,16.463700,1752,141,2,143,0,11
6572,0.002200,17.162000,0,141,2,143,0,0
6573,0.004100,16.902300,0,141,2,143,0,0
6574,0.002000,16.296100,0,141,2,143,0,0
6575,0.002100,16.683600,0,141,2,143,0,0
6576,0.002400,16.704900,0,141,2,143,0,0
6577,0.002000,16.338800,0,141,2,143,0,0
6578,0.001800,16.837100,0,141,2,143,0,0
6579,0.001700,16.665100,0,141,2,143,0,0
6580,0.001800,16.623500,0,141,2,143,0,0
6581,0.003900,17.281100,0,141,2,143,0,0
6582,0.337300,16.393800,1752,140,3,143,0,11
6583,0.001800,16.479100,0,140,3,143,0,0
6584,0.004400,17.823800,0,140,3,143,0,0
6585,0.003800,16.389000,0,140,3,143,0,0
6586,0.003100,16.457500,0,140,3,143,0,0
6587,0.003200,16.886600,0,140,3,143,0,0
6588,0.003300,16.366400,0,140,3,143,0,0
6589,0.002100,16.193100,0,140,3,143,0,0
6590,0.002800,17.248300,0,140,3,143,0,0
6591,0.002900,16.483200,0,140,3,143,0,0
6592,0.003900,17.294200,0,140,3,143,0,0
6593,0.003400,16.197600,0,140,3,143,0,0
6594,1.009100,16.573900,1752,139,4,143,0,11
6595,0.003200,16.351500,0,139,4,143,0,0
6596,0.002300,16.931400,0,139,4,143,0,0
6597,0.002900,16.794600,0,139,4,143,0,0
6598,0.003300,17.243300,0,139,4,143,0,0
6599,0.002500,16.379600,0,139,4,143,0,0
6600,0.001700,16.480300,0,139,4,143,0,0
6601,0.002100,16.499800,0,139,4,143,0,0
6602,0.003300,17.192100,0,139,4,143,0,0
6603,0.004000,17.031200,0,139,4,143,0,0
6604,1.029000,16.454500,1782,143,0,143,0,11
6605,0.002200,16.309600,0,143,0,143,0,0
6606,0.905500,16.789000,1758,143,0,143,0,11
6607,0.003300,16.749400,0,143,0,143,0,0
6608,0.003200,17.017000,0,143,0,143,0,0
6609,0.003300,16.683800,0,143,0,143,0,0
6610,0.003400,17.543000,0,143,0,143,0,0
6611,0.004300,16.165900,0,143,0,143,0,0
6612,0.003000,16.464100,0,143,0,143,0,0
6613,0.002800,16.103700,0,143,0,143,0,0
6614,0.003700,17.289700,0,143,0,143,0,0
6615,0.002700,16.523600,0,143,0,143,0,0
6616,0.001800,16.582400,0,143,0,143,0,0
6617,0.002700,16.550700,0,143,0,143,0,0
6618,0.979200,17.066600,1758,142,1,143,0,11
6619,0.004000,16.182100,0,142,1,143,0,0
6620,0.001700,16.620600,0,142,1,143,0,0
6621,0.002100,16.719100,0,142,1,143,0,0
6622,0.002800,16.724000,0,142,1,143,0,0
6623,0.002800,16.613900,0,142,1,143,0,0
6624,0.003900,16.915800,0,142,1,143,0,0
6625,0.003900,16.364000,0,142,1,143,0,0
6626,0.004000,17.365000,0,142,1,143,0,0
6627,0.001900,16.051600,0,142,1,143,0,0
6628,0.002400,16.674900,0,142,1,143,0,0
6629,0.003100,16.577400,0,142,1,143,0,0
6630,0.465500,16.691500,1758,141,2,143,0,11
6631,0.003100,16.551600,0,141,2,143,0,0
6632,0.003100,17.095400,0,141,2,143,0,0
6633,0.003300,17.933700,0,141,2,143,0,0
6634,0.001700,15.200200,0,141,2,143,0,0
6635,0.001700,16.686500,0,141,2,143,0,0
6636,0.002300,16.696900,0,141,2,143,0,0
6637,0.003100,16.534200,0,141,2,143,0,0
6638,0.003500,17.539200,0,141,2,143,0,0
6639,0.003900,16.232600,0,141,2,143,0,0
6640,0.003300,16.953600,0,141,2,143,0,0
6641,0.003500,16.537300,0,141,2,143,0,0
6642,0.762300,16.558000,1758,140,3,143,0,11
6643,0.001800,16.126300,0,140,3,143,0,0
6644,0.003100,17.336000,0,140,3,143,0,0
6645,0.003600,16.637800,0,140,3,143,0,0
6646,0.003200,16.541800,0,140,3,143,0,0
6647,0.003300,16.986900,0,140,3,143,0,0
6648,0.004300,16.569000,0,140,3,143,0,0
6649,0.002900,16.033500,0,140,3,143,0,0
6650,0.004000,17.129000,0,140,3,143,0,0
6651,0.003500,16.671600,0,140,3,143,0,0
6652,0.004900,17.557900,0,140,3,143,0,0
6653,0.003200,15.774800,0,140,3,143,0,0
6654,1.059900,16.689200,1758,139,4,143,0,11
6655,0.003600,16.343600,0,139,4,143,0,0
6656,0.003500,17.458300,0,139,4,143,0,0
6657,0.001900,15.872700,0,139,4,143,0,0
6658,0.003000,16.992900,0,139,4,143,0,0
6659,0.003200,16.609400,0,139,4,143,0,0
6660,0.003100,16.852500,0,139,4,143,0,0
6661,0.003200,16.220400,0,139,4,143,0,0
6662,0.003400,17.237100,0,139,4,143,0,0
6663,0.003900,17.431300,0,139,4,143,0,0
6664,0.002200,15.681700,0,139,4,143,0,0
6665,0.002400,16.432400,0,139,4,143,0,0
6666,0.522000,16.635000,1758,138,5,143,0,11
6667,0.842000,16.586800,1782,143,0,143,0,11
6668,0.004000,18.463900,0,143,0,143,0,0
6669,0.003100,16.294200,0,143,0,143,0,0
6670,0.003300,17.440600,0,143,0,143,0,0
6671,0.004800,16.272800,0,143,0,143,0,0
6672,0.002700,16.489600,0,143,0,143,0,0
6673,0.002100,16.692300,0,143,0,143,0,0
6674,0.002600,16.106200,0,143,0,143,0,0
6675,0.002700,17.066200,0,143,0,143,0,0
6676,0.003700,16.995100,0,143,0,143,0,0
6677,0.002200,16.264900,0,143,0,143,0,0
6678,0.306900,16.681200,1764,143,0,143,0,11
6679,0.006700,16.990700,0,143,0,143,0,0
6680,0.001900,16.071400,0,143,0,143,0,0
6681,0.002400,16.997400,0,143,0,143,0,0
6682,0.003600,16.864400,0,143,0,143,0,0
6683,0.003200,16.555300,0,143,0,143,0,0
6684,0.003600,17.057900,0,143,0,143,0,0
6685,0.003300,16.499200,0,143,0,143,0,0
6686,0.003900,16.284300,0,143,0,143,0,0
6687,0.002100,16.684200,0,143,0,143,0,0
6688,0.002200,16.634200,0,143,0,143,0,0
6689,0.001900,16.703600,0,143,0,143,0,0
6690,0.358400,16.648200,1764,142,1,143,0,11
6691,0.001800,16.676800,0,142,1,143,0,0
6692,0.003300,16.891000,0,142,1,143,0,0
6693,0.003400,17.262200,0,142,1,143,0,0
6694,0.002800,16.688900,0,142,1,143,0,0
6695,0.002300,16.060300,0,142,1,143,0,0
6696,0.003200,16.979100,0,142,1,143,0,0
6697,0.003300,16.514100,0,142,1,143,0,0
6698,0.003000,16.381000,0,142,1,143,0,0
6699,0.003000,17.055100,0,142,1,143,0,0
6700,0.002800,16.554100,0,142,1,143,0,0
6701,0.003000,16.970700,0,142,1,143,0,0
6702,0.423500,16.272100,1764,141,2,143,0,11
6703,0.002100,16.641800,0,141,2,143,0,0
6704,0.002800,16.577600,0,141,2,143,0,0
6705,0.004000,17.349400,0,141,2,143,0,0
6706,0.003600,16.779200,0,141,2,143,0,0
6707,0.003000,16.413800,0,141,2,143,0,0
6708,0.002200,16.377800,0,141,2,143,0,0
6709,0.002100,16.656200,0,141,2,143,0,0
6710,0.002600,16.343000,0,141,2,143,0,0
6711,0.002400,17.209200,0,141,2,143,0,0
6712,0.002800,16.716100,0,141,2,143,0,0
6713,0.004100,16.369900,0,141,2,143,0,0
6714,0.439200,16.673000,1764,140,3,143,0,11
6715,0.002200,16.659700,0,140,3,143,0,0
6716,0.002200,16.341000,0,140,3,143,0,0
6717,0.002400,16.918000,0,140,3,143,0,0
6718,0.001700,16.728600,0,140,3,143,0,0
6719,0.002500,16.625700,0,140,3,143,0,0
6720,0.002500,16.607500,0,140,3,143,0,0
6721,0.002200,16.718300,0,140,3,143,0,0
6722,0.003900,16.769400,0,140,3,143,0,0
6723,0.002900,16.686200,0,140,3,143,0,0
6724,0.001800,16.480700,0,140,3,143,0,0
6725,0.002100,16.752600,0,140,3,143,0,0
6726,0.371500,16.677700,1764,139,4,143,0,11
6727,0.002300,16.619200,0,139,4,143,0,0
6728,0.002400,16.431300,0,139,4,143,0,0
6729,0.003000,16.928500,0,139,4,143,0,0
6730,0.002300,16.620000,0,139,4,143,0,0
6731,0.003200,16.897200,0,139,4,143,0,0
6732,0.002200,16.510200,0,139,4,143,0,0
6733,0.001800,16.699800,0,139,4,143,0,0
6734,0.001800,16.344000,0,139,4,143,0,0
6735,0.001800,16.983000,0,139,4,143,0,0
6736,0.003700,17.010100,0,139,4,143,0,0
6737,0.907200,16.829500,1782,143,0,143,0,11
6738,0.893400,16.485600,1770,143,0,143,0,11
6739,0.002800,16.455500,0,143,0,143,0,0
6740,0.003800,16.431500,0,143,0,143,0,0
6741,0.003100,16.972600,0,143,0,143,0,0
6742,0.004300,17.070200,0,143,0,143,0,0
6743,0.003300,16.528100,0,143,0,143,0,0
6744,0.004100,16.779500,0,143,0,143,0,0
6745,0.003600,16.442500,0,143,0,143,0,0
6746,0.004100,16.288200,0,143,0,143,0,0
6747,0.002800,16.637400,0,143,0,143,0,0
6748,0.003500,16.729100,0,143,0,143,0,0
6749,0.004200,16.869600,0,143,0,143,0,0
6750,0.970200,16.763700,1770,142,1,143,0,11
6751,0.003600,16.673900,0,142,1,143,0,0
6752,0.003100,16.304900,0,142,1,143,0,0
6753,0.002200,16.836600,0,142,1,143,0,0
6754,0.002800,16.703300,0,142,1,143,0,0
6755,0.003900,17.321600,0,142,1,143,0,0
6756,0.003900,16.423700,0,142,1,143,0,0
6757,0.003600,17.257400,0,142,1,143,0,0
6758,0.003900,15.468200,0,142,1,143,0,0
6759,0.002000,16.907500,0,142,1,143,0,0
6760,0.003200,16.920300,0,142,1,143,0,0
6761,0.003300,16.385600,0,142,1,143,0,0
6762,0.725600,16.882500,1770,141,2,143,0,11
6763,0.003600,16.799600,0,141,2,143,0,0
6764,0.004000,16.197100,0,141,2,143,0,0
6765,0.003500,17.032300,0,141,2,143,0,0
6766,0.004100,17.031900,0,141,2,143,0,0
6767,0.005100,16.761200,0,141,2,143,0,0
6768,0.004000,16.404600,0,141,2,143,0,0
6769,0.003300,16.414000,0,141,2,143,0,0
6770,0.004300,16.352700,0,141,2,143,0,0
6771,0.003900,17.208300,0,141,2,143,0,0
6772,0.003900,17.016800,0,141,2,143,0,0
6773,0.003600,16.268700,0,141,2,143,0,0
6774,0.985600,16.549400,1770,140,3,143,0,11
6775,0.003100,16.834300,0,140,3,143,0,0
6776,0.003700,16.528600,0,140,3,143,0,0
6777,0.003500,17.325500,0,140,3,143,0,0
6778,0.003200,16.612300,0,140,3,143,0,0
6779,0.003900,16.608500,0,140,3,143,0,0
6780,0.003700,16.679500,0,140,3,143,0,0
6781,0.005100,16.792800,0,140,3,143,0,0
6782,0.004800,16.117700,0,140,3,143,0,0
6783,0.003000,16.944800,0,140,3,143,0,0
6784,0.002500,16.634900,0,140,3,143,0,0
6785,0.002700,16.722300,0,140,3,143,0,0
6786,0.955700,16.753700,1770,139,4,143,0,11
6787,0.003200,16.908500,0,139,4,143,0,0
6788,0.004100,15.979900,0,139,4,143,0,0
6789,0.003800,17.240300,0,139,4,143,0,0
6790,0.004200,16.674400,0,139,4,143,0,0
6791,0.001800,16.151600,0,139,4,143,0,0
6792,0.002700,16.820000,0,139,4,143,0,0
6793,0.003000,16.856800,0,139,4,143,0,0
6794,0.004400,16.333600,0,139,4,143,0,0
6795,0.003400,17.116100,0,139,4,143,0,0
6796,0.004400,16.757600,0,139,4,143,0,0
6797,0.004000,16.996800,0,139,4,143,0,0
6798,0.834400,16.797800,1770,138,5,143,0,11
6799,0.002100,15.794100,0,138,5,143,0,0
6800,0.002200,16.638500,0,138,5,143,0,0
6801,0.002000,16.898500,0,138,5,143,0,0
6802,0.002600,17.002000,0,138,5,143,0,0
6803,0.004000,16.537000,0,138,5,143,0,0
6804,0.004000,16.804700,0,138,5,143,0,0
6805,0.003600,16.744900,0,138,5,143,0,0
6806,0.002000,16.107000,0,138,5,143,0,0
6807,0.002400,16.772000,0,138,5,143,0,0
6808,0.003900,17.346100,0,138,5,143,0,0
6809,0.003900,16.770800,0,138,5,143,0,0
6810,0.993200,16.571800,1770,137,6,143,0,11
6811,0.003200,16.738400,0,137,6,143,0,0
6812,0.004300,16.140800,0,137,6,143,0,0
6813,0.003800,17.345100,0,137,6,143,0,0
6814,0.002700,16.286600,0,137,6,143,0,0
6815,0.002300,16.541800,0,137,6,143,0,0
6816,0.003400,17.168900,0,137,6,143,0,0
6817,0.003900,16.744000,0,137,6,143,0,0
6818,0.002700,15.976900,0,137,6,143,0,0
6819,0.002900,17.168800,0,137,6,143,0,0
6820,0.002600,16.583400,0,137,6,143,0,0
6821,0.002400,16.531800,0,137,6,143,0,0
6822,1.580200,17.045400,3462,142,1,143,0,21
6823,0.003100,16.707200,0,142,1,143,0,0
6824,0.004200,16.377800,0,142,1,143,0,0
6825,0.003500,17.136900,0,142,1,143,0,0
6826,0.003800,16.624200,0,142,1,143,0,0
6827,0.003300,16.872600,0,142,1,143,0,0
6828,0.003300,16.195900,0,142,1,143,0,0
6829,0.001700,16.488800,0,142,1,143,0,0
6830,0.003600,16.505600,0,142,1,143,0,0
6831,0.003100,17.362700,0,142,1,143,0,0
6832,0.003400,17.208200,0,142,1,143,0,0
6833,0.003500,15.833900,0,142,1,143,0,0
6834,0.978000,16.878900,1782,142,1,143,0,11
6835,0.004100,16.766400,0,142,1,143,0,0
6836,0.002500,16.060200,0,142,1,143,0,0
6837,0.003000,17.062200,0,142,1,143,0,0
6838,0.003300,17.041900,0,142,1,143,0,0
6839,0.003800,17.202100,0,142,1,143,0,0
6840,0.004100,16.492400,0,142,1,143,0,0
6841,0.003900,16.397400,0,142,1,143,0,0
6842,0.004100,16.378400,0,142,1,143,0,0
6843,0.002400,16.942800,0,142,1,143,0,0
6844,0.004500,16.942000,0,142,1,143,0,0
6845,0.003100,16.394300,0,142,1,143,0,0
6846,1.096400,16.919500,1782,141,2,143,0,11
6847,0.003600,16.434100,0,141,2,143,0,0
6848,0.003400,16.381800,0,141,2,143,0,0
6849,0.003200,17.325500,0,141,2,143,0,0
6850,0.002800,16.161900,0,141,2,143,0,0
6851,0.002100,17.766000,0,141,2,143,0,0
6852,0.003100,16.862500,0,141,2,143,0,0
6853,0.003100,16.435800,0,141,2,143,0,0
6854,0.019200,16.944200,0,141,2,143,0,0
6855,0.003300,15.980500,0,141,2,143,0,0
6856,0.018700,17.898800,0,141,2,143,0,0
6857,0.003100,15.949800,0,141,2,143,0,0
6858,0.393300,17.495800,1782,140,3,143,0,11
6859,0.001600,15.317500,0,140,3,143,0,0
6860,0.003000,18.298700,0,140,3,143,0,0
6861,0.001900,14.903200,0,140,3,143,0,0
6862,0.002800,18.182600,0,140,3,143,0,0
6863,0.003400,15.779700,0,140,3,143,0,0
6864,0.019200,18.187900,0,140,3,143,0,0
6865,0.003200,15.226200,0,140,3,143,0,0
6866,0.004500,17.015300,0,140,3,143,0,0
6867,0.003400,16.121500,0,140,3,143,0,0
6868,0.015500,18.085200,0,140,3,143,0,0
6869,0.003200,15.807900,0,140,3,143,0,0
6870,1.033400,16.586200,1782,139,4,143,0,11
6871,0.003900,16.605500,0,139,4,143,0,0
6872,0.016600,18.105000,0,139,4,143,0,0
6873,0.004400,14.882700,0,139,4,143,0,0
6874,0.013800,18.078200,0,139,4,143,0,0
6875,0.003100,15.717100,0,139,4,143,0,0
6876,0.003200,16.484700,0,139,4,143,0,0
6877,0.003400,16.929000,0,139,4,143,0,0
6878,0.005100,16.672500,0,139,4,143,0,0
6879,0.003700,16.695800,0,139,4,143,0,0
6880,0.004300,17.392800,0,139,4,143,0,0
6881,0.003600,16.348600,0,139,4,143,0,0
6882,0.994300,18.345100,1782,138,5,143,0,11
6883,0.003600,15.117600,0,138,5,143,0,0
6884,0.004800,18.144200,0,138,5,143,0,0
6885,0.003400,14.846900,0,138,5,143,0,0
6886,0.003500,18.850400,0,138,5,143,0,0
6887,0.003800,14.977800,0,138,5,143,0,0
6888,0.005800,18.160900,0,138,5,143,0,0
6889,0.003000,15.023200,0,138,5,143,0,0
6890,0.005000,17.064800,0,138,5,143,0,0
6891,0.002200,15.792000,0,138,5,143,0,0
6892,0.003200,19.073500,0,138,5,143,0,0
6893,0.003100,14.840700,0,138,5,143,0,0
6894,1.417000,18.138600,1782,137,6,143,0,11
6895,0.003400,15.104900,0,137,6,143,0,0
6896,0.003300,18.730000,0,137,6,143,0,0
6897,0.003500,14.262900,0,137,6,143,0,0
6898,0.003700,18.824000,0,137,6,143,0,0
6899,0.003200,15.114000,0,137,6,143,0,0
6900,0.004200,18.414500,0,137,6,143,0,0
6901,0.003600,14.712700,0,137,6,143,0,0
6902,0.003100,16.550300,0,137,6,143,0,0
6903,0.002800,17.440900,0,137,6,143,0,0
6904,0.002800,16.770800,0,137,6,143,0,0
6905,0.002300,15.660200,0,137,6,143,0,0
6906,0.363400,16.586000,1782,136,7,143,0,11
6907,0.002400,16.798000,0,136,7,143,0,0
6908,0.003000,16.605500,0,136,7,143,0,0
6909,0.002300,16.395600,0,136,7,143,0,0
6910,0.003000,16.869600,0,136,7,143,0,0
6911,0.001800,16.653200,0,136,7,143,0,0
6912,0.002300,18.032400,0,136,7,143,0,0
6913,0.002900,15.420700,0,136,7,143,0,0
6914,0.003000,16.862800,0,136,7,143,0,0
6915,0.003700,16.623900,0,136,7,143,0,0
6916,0.003500,18.637100,0,136,7,143,0,0
6917,0.001600,14.662200,0,136,7,143,0,0
6918,0.686600,18.269700,1782,135,8,143,0,11
6919,0.002600,15.058200,0,135,8,143,0,0
6920,0.002800,18.605200,0,135,8,143,0,0
6921,0.002000,14.522600,0,135,8,143,0,0
6922,0.002700,17.174000,0,135,8,143,0,0
6923,0.002300,16.577900,0,135,8,143,0,0
6924,0.003700,17.974500,0,135,8,143,0,0
6925,0.003800,15.948300,0,135,8,143,0,0
6926,0.007700,18.508700,0,135,8,143,0,0
6927,0.004200,16.256300,0,135,8,143,0,0
6928,0.002400,15.366300,0,135,8,143,0,0
6929,0.002600,17.100800,0,135,8,143,0,0
6930,0.656900,17.086200,1782,134,9,143,0,11
6931,0.002700,15.589500,0,134,9,143,0,0
6932,0.002900,18.029000,0,134,9,143,0,0
6933,0.002500,15.037100,0,134,9,143,0,0
6934,0.003900,18.521000,0,134,9,143,0,0
6935,0.002900,15.226600,0,134,9,143,0,0
6936,0.002800,17.390300,0,134,9,143,0,0
6937,0.001700,15.915000,0,134,9,143,0,0
6938,0.001900,16.609300,0,134,9,143,0,0
6939,0.002200,16.469500,0,134,9,143,0,0
6940,0.002000,17.038600,0,134,9,143,0,0
6941,0.004100,16.819400,0,134,9,143,0,0
6942,0.375900,16.478200,1782,133,10,143,0,11
6943,0.002200,16.691500,0,133,10,143,0,0
6944,0.002800,16.639800,0,133,10,143,0,0
6945,0.002400,16.473600,0,133,10,143,0,0
6946,0.003800,17.161400,0,133,10,143,0,0
6947,0.003700,16.653000,0,133,10,143,0,0
6948,0.003700,17.711400,0,133,10,143,0,0
6949,0.003600,16.646800,0,133,10,143,0,0
6950,0.003000,16.173000,0,133,10,143,0,0
6951,0.002300,16.344400,0,133,10,143,0,0
6952,0.002200,16.764400,0,133,10,143,0,0
6953,0.003100,16.908700,0,133,10,143,0,0
6954,1.485200,16.702300,1782,132,11,143,0,11
6955,0.003500,17.376300,0,132,11,143,0,0
6956,0.003400,16.789000,0,132,11,143,0,0
6957,0.002700,15.767500,0,132,11,143,0,0
6958,0.001900,16.442600,0,132,11,143,0,0
6959,0.001800,16.784100,0,132,11,143,0,0
6960,0.002000,16.826500,0,132,11,143,0,0
6961,0.004500,16.898900,0,132,11,143,0,0
6962,0.002200,16.455100,0,132,11,143,0,0
6963,0.002900,16.790100,0,132,11,143,0,0
6964,0.003100,16.361900,0,132,11,143,0,0
6965,0.004600,17.086400,0,132,11,143,0,0
6966,0.654900,16.578600,1782,132,11,143,0,11
6967,0.003200,16.733000,0,132,11,143,0,0
6968,0.005100,17.070000,0,132,11,143,0,0
6969,0.004600,16.499400,0,132,11,143,0,0
6970,0.003700,17.711100,0,132,11,143,0,0
6971,0.003300,15.649700,0,132,11,143,0,0
6972,0.004400,17.212400,0,132,11,143,0,0
6973,0.002800,16.078600,0,132,11,143,0,0
6974,0.002900,16.351500,0,132,11,143,0,0
6975,0.003800,17.097300,0,132,11,143,0,0
6976,0.004300,16.050500,0,132,11,143,0,0
6977,0.003000,17.168000,0,132,11,143,0,0
6978,1.300300,16.730000,1782,132,11,143,0,11
6979,0.003700,16.371600,0,132,11,143,0,0
6980,0.005200,18.466300,0,132,11,143,0,0
6981,0.003800,15.026300,0,132,11,143,0,0
6982,0.002100,16.079600,0,132,11,143,0,0
6983,0.003100,17.150200,0,132,11,143,0,0
6984,0.003500,17.073100,0,132,11,143,0,0
6985,0.003500,16.341500,0,132,11,143,0,0
6986,0.004200,16.974300,0,132,11,143,0,0
6987,0.003800,16.378800,0,132,11,143,0,0
6988,0.002100,16.145800,0,132,11,143,0,0
6989,0.002100,16.995300,0,132,11,143,0,0
6990,0.349600,16.565100,1782,132,11,143,0,11
6991,0.002200,16.709100,0,132,11,143,0,0
6992,0.001800,16.768600,0,132,11,143,0,0
6993,0.002300,16.490300,0,132,11,143,0,0
6994,0.002100,16.461400,0,132,11,143,0,0
6995,0.002700,16.977900,0,132,11,143,0,0
6996,0.002800,16.752500,0,132,11,143,0,0
6997,0.002400,16.539600,0,132,11,143,0,0
6998,0.002500,16.606500,0,132,11,143,0,0
6999,0.003000,16.841900,0,132,11,143,0,0
7000,0.003300,16.504800,0,132,11,143,0,0
7001,0.003000,17.333000,0,132,11,143,0,0
7002,0.978700,16.562900,1782,132,11,143,0,11
7003,0.002500,16.598000,0,132,11,143,0,0
7004,0.002500,16.329300,0,132,11,143,0,0
7005,0.009200,16.773200,0,132,11,143,0,0
7006,0.003500,16.394300,0,132,11,143,0,0
7007,0.003200,16.967300,0,132,11,143,0,0
7008,0.004900,17.124300,0,132,11,143,0,0
7009,0.003400,16.595600,0,132,11,143,0,0
7010,0.003700,16.724300,0,132,11,143,0,0
7011,0.003400,16.769000,0,132,11,143,0,0
7012,0.002600,16.377200,0,132,11,143,0,0
7013,0.003300,16.617900,0,132,11,143,0,0
7014,0.997100,17.024200,1782,132,11,143,0,11
7015,0.003100,16.464400,0,132,11,143,0,0
7016,0.003300,16.856700,0,132,11,143,0,0
7017,0.003200,16.483600,0,132,11,143,0,0
7018,0.004100,16.332900,0,132,11,143,0,0
7019,0.003200,16.821600,0,132,11,143,0,0
7020,0.002000,16.723600,0,132,11,143,0,0
7021,0.002500,16.596100,0,132,11,143,0,0
7022,0.004000,17.317600,0,132,11,143,0,0
7023,0.004800,16.414700,0,132,11,143,0,0
7024,0.004000,16.506500,0,132,11,143,0,0
7025,0.001900,16.221700,0,132,11,143,0,0
7026,0.337400,16.731500,1782,132,11,143,0,11
7027,0.003100,16.640400,0,132,11,143,0,0
7028,0.001600,16.667300,0,132,11,143,0,0
7029,0.002400,16.624400,0,132,11,143,0,0
7030,0.002100,16.550000,0,132,11,143,0,0
7031,0.003700,17.289800,0,132,11,143,0,0
7032,0.003300,16.798800,0,132,11,143,0,0
7033,0.003200,16.645100,0,132,11,143,0,0
7034,0.003600,16.706800,0,132,11,143,0,0
7035,0.001900,16.250700,0,132,11,143,0,0
7036,0.002800,16.505100,0,132,11,143,0,0
7037,0.003600,17.317000,0,132,11,143,0,0
7038,1.029700,16.811900,1782,132,11,143,0,11
7039,0.004000,16.697400,0,132,11,143,0,0
7040,0.003400,16.911400,0,132,11,143,0,0
7041,0.003500,16.363500,0,132,11,143,0,0
7042,0.003200,16.445200,0,132,11,143,0,0
7043,0.002100,16.664700,0,132,11,143,0,0
7044,0.003000,16.698800,0,132,11,143,0,0
7045,0.003100,16.977100,0,132,11,143,0,0
7046,0.002600,16.449400,0,132,11,143,0,0
7047,0.005000,16.751800,0,132,11,143,0,0
7048,0.003400,16.491000,0,132,11,143,0,0
7049,0.004000,17.170800,0,132,11,143,0,0
7050,1.090400,17.549100,1782,132,11,143,0,11
7051,0.001900,15.200500,0,132,11,143,0,0
7052,0.002500,16.854000,0,132,11,143,0,0
7053,0.003300,16.933800,0,132,11,143,0,0
7054,0.003400,16.207200,0,132,11,143,0,0
7055,0.003600,16.988400,0,132,11,143,0,0
7056,0.003300,16.960000,0,132,11,143,0,0
7057,0.003500,16.393000,0,132,11,143,0,0
7058,0.003600,16.806000,0,132,11,143,0,0
7059,0.003300,16.410300,0,132,11,143,0,0
7060,0.002200,16.343600,0,132,11,143,0,0
7061,0.029200,17.503500,0,132,11,143,0,0
7062,0.960600,16.574300,1782,132,11,143,0,11
7063,0.003100,16.422700,0,132,11,143,0,0
7064,0.003800,17.008600,0,132,11,143,0,0
7065,0.002300,16.142600,0,132,11,143,0,0
7066,0.002800,16.324700,0,132,11,143,0,0
7067,0.003100,17.043200,0,132,11,143,0,0
7068,0.003700,17.168700,0,132,11,143,0,0
7069,0.003600,16.489000,0,132,11,143,0,0
7070,0.003000,16.558800,0,132,11,143,0,0
7071,0.001800,16.432600,0,132,11,143,0,0
7072,0.003200,16.942900,0,132,11,143,0,0
7073,0.004000,16.442600,0,132,11,143,0,0
7074,0.322100,16.828300,1782,132,11,143,0,11
7075,0.001900,16.362200,0,132,11,143,0,0
7076,0.003800,17.099400,0,132,11,143,0,0
7077,0.003800,16.716400,0,132,11,143,0,0
7078,0.003400,16.307400,0,132,11,143,0,0
7079,0.002900,16.817300,0,132,11,143,0,0
7080,0.003200,16.750500,0,132,11,143,0,0
7081,0.002200,16.449300,0,132,11,143,0,0
7082,0.003600,16.974600,0,132,11,143,0,0
7083,0.003300,16.758900,0,132,11,143,0,0
7084,0.003900,16.151300,0,132,11,143,0,0
7085,0.003000,16.974500,0,132,11,143,0,0
7086,1.072400,17.132500,1782,132,11,143,0,11
7087,0.003400,16.531200,0,132,11,143,0,0
7088,0.002500,16.256200,0,132,11,143,0,0
7089,0.002500,16.732400,0,132,11,143,0,0
7090,0.003100,16.297000,0,132,11,143,0,0
7091,0.003600,17.249100,0,132,11,143,0,0
7092,0.003100,16.757000,0,132,11,143,0,0
7093,0.003400,16.459400,0,132,11,143,0,0
7094,0.003100,16.580000,0,132,11,143,0,0
7095,0.003100,16.810200,0,132,11,143,0,0
7096,0.003900,16.471300,0,132,11,143,0,0
7097,0.001800,16.591100,0,132,11,143,0,0
7098,1.326600,17.067800,1782,132,11,143,0,11
7099,0.003500,17.103000,0,132,11,143,0,0
7100,0.004800,17.065400,0,132,11,143,0,0
7101,0.003400,16.460200,0,132,11,143,0,0
7102,0.004200,16.336000,0,132,11,143,0,0
7103,0.004000,17.361300,0,132,11,143,0,0
7104,0.002500,16.081400,0,132,11,143,0,0
7105,0.003300,16.706800,0,132,11,143,0,0
7106,0.003400,17.008800,0,132,11,143,0,0
7107,0.002500,16.203700,0,132,11,143,0,0
7108,0.003400,16.699800,0,132,11,143,0,0
7109,0.003900,17.274600,0,132,11,143,0,0
7110,0.998100,16.718800,1782,132,11,143,0,11
7111,0.002100,16.348800,0,132,11,143,0,0
7112,0.003800,16.297800,0,132,11,143,0,0
7113,0.003200,16.682600,0,132,11,143,0,0
7114,0.002900,16.512100,0,132,11,143,0,0
7115,0.002700,16.866200,0,132,11,143,0,0
7116,0.002700,16.703400,0,132,11,143,0,0
7117,0.002300,16.624900,0,132,11,143,0,0
7118,0.003100,16.792900,0,132,11,143,0,0
7119,0.002300,16.449900,0,132,11,143,0,0
7120,0.002400,16.478300,0,132,11,143,0,0
7121,0.002400,16.995500,0,132,11,143,0,0
7122,0.473600,16.855300,1782,132,11,143,0,11
7123,0.003400,16.389300,0,132,11,143,0,0
7124,0.002700,16.806400,0,132,11,143,0,0
7125,0.005600,17.374400,0,132,11,143,0,0
7126,0.004600,15.800000,0,132,11,143,0,0
7127,0.003400,16.918800,0,132,11,143,0,0
7128,0.003300,16.534400,0,132,11,143,0,0
7129,0.002200,16.634600,0,132,11,143,0,0
7130,0.004000,16.554000,0,132,11,143,0,0
7131,0.002000,16.765200,0,132,11,143,0,0
7132,0.002600,16.724400,0,132,11,143,0,0
7133,0.002400,16.787400,0,132,11,143,0,0
7134,0.689500,16.842000,1782,132,11,143,0,11
7135,0.003100,16.274700,0,132,11,143,0,0
7136,0.002200,16.663600,0,132,11,143,0,0
7137,0.002400,16.774100,0,132,11,143,0,0
7138,0.002200,16.334800,0,132,11,143,0,0
7139,0.001900,17.068500,0,132,11,143,0,0
7140,0.002400,16.737400,0,132,11,143,0,0
7141,0.003400,17.216000,0,132,11,143,0,0
7142,0.007400,32.109200,0,132,11,143,0,0
7143,0.005600,17.844900,0,132,11,143,0,0
7144,0.005700,18.243800,0,132,11,143,0,0
7145,0.669200,14.769600,1782,132,11,143,0,11
7146,0.002600,16.165500,0,132,11,143,0,0
7147,0.002600,16.656300,0,132,11,143,0,0
7148,0.002800,16.562500,0,132,11,143,0,0
7149,0.002100,16.572500,0,132,11,143,0,0
7150,0.002500,17.036400,0,132,11,143,0,0
7151,0.001900,16.882800,0,132,11,143,0,0
7152,0.004700,17.360700,0,132,11,143,0,0
7153,0.005000,16.722300,0,132,11,143,0,0
7154,0.003600,17.116900,0,132,11,143,0,0
7155,0.003500,17.063300,0,132,11,143,0,0
7156,0.005500,16.087600,0,132,11,143,0,0
7157,1.096900,17.457700,1782,132,11,143,0,11
7158,0.002000,16.229400,0,132,11,143,0,0
7159,0.002500,16.293600,0,132,11,143,0,0
7160,0.002000,16.777800,0,132,11,143,0,0
7161,0.007500,16.778500,0,132,11,143,0,0
7162,0.002500,16.356100,0,132,11,143,0,0
7163,0.002200,16.693400,0,132,11,143,0,0
7164,0.003300,16.821900,0,132,11,143,0,0
7165,0.004600,17.109400,0,132,11,143,0,0
7166,0.004500,16.728500,0,132,11,143,0,0
7167,0.021500,18.672400,0,132,11,143,0,0
7168,0.005000,14.029800,0,132,11,143,0,0
7169,0.471800,16.820900,1782,132,11,143,0,11
7170,0.002800,16.976900,0,132,11,143,0,0
7171,0.002000,16.278700,0,132,11,143,0,0
7172,0.001900,16.539000,0,132,11,143,0,0
7173,0.001800,16.687600,0,132,11,143,0,0
7174,0.002300,16.496200,0,132,11,143,0,0
7175,0.004100,17.275800,0,132,11,143,0,0
7176,0.004900,17.266800,0,132,11,143,0,0
7177,0.005000,18.661400,0,132,11,143,0,0
7178,0.004400,14.378000,0,132,11,143,0,0
7179,0.004100,16.577700,0,132,11,143,0,0
7180,0.003600,16.043500,0,132,11,143,0,0
7181,1.028300,17.450500,1782,132,11,143,0,11
7182,0.003800,16.335400,0,132,11,143,0,0
7183,0.003600,16.694400,0,132,11,143,0,0
7184,0.003900,16.956100,0,132,11,143,0,0
7185,0.003900,16.739000,0,132,11,143,0,0
7186,0.003600,16.024900,0,132,11,143,0,0
7187,0.004600,18.969200,0,132,11,143,0,0
7188,0.003300,14.757400,0,132,11,143,0,0
7189,0.005200,17.362800,0,132,11,143,0,0
7190,0.004500,16.537500,0,132,11,143,0,0
7191,0.004800,17.143800,0,132,11,143,0,0
7192,0.003700,15.261800,0,132,11,143,0,0
7193,1.024300,17.143100,1782,132,11,143,0,11
7194,0.003700,16.532500,0,132,11,143,0,0
7195,0.003300,16.644800,0,132,11,143,0,0
7196,0.003300,16.913500,0,132,11,143,0,0
7197,0.003500,16.682900,0,132,11,143,0,0
7198,0.003600,16.189400,0,132,11,143,0,0
7199,0.003900,17.299900,0,132,11,143,0,0
7200,0.004800,16.608200,0,132,11,143,0,0
7201,0.003300,16.813200,0,132,11,143,0,0
7202,0.003300,16.416300,0,132,11,143,0,0
7203,0.003300,16.482800,0,132,11,143,0,0
7204,0.003100,16.411200,0,132,11,143,0,0
7205,0.493300,17.002400,1782,132,11,143,0,11
7206,0.527800,16.662500,1716,143,0,143,0,11
7207,0.004700,16.661200,0,143,0,143,0,0
7208,0.002500,16.615800,0,143,0,143,0,0
7209,0.002100,16.784400,0,143,0,143,0,0
7210,0.003300,16.419000,0,143,0,143,0,0
7211,0.003200,17.018700,0,143,0,143,0,0
7212,0.003300,16.804800,0,143,0,143,0,0
7213,0.003500,16.532000,0,143,0,143,0,0
7214,0.003100,17.199400,0,143,0,143,0,0
7215,0.001800,16.737700,0,143,0,143,0,0
7216,0.003200,16.414400,0,143,0,143,0,0
7217,0.636500,17.053400,1770,143,0,143,0,11
7218,0.002700,16.700700,0,143,0,143,0,0
7219,0.003400,16.755000,0,143,0,143,0,0
7220,0.003500,16.705000,0,143,0,143,0,0
7221,0.003500,16.730600,0,143,0,143,0,0
7222,0.002000,16.110500,0,143,0,143,0,0
7223,0.003500,17.059800,0,143,0,143,0,0
7224,0.001800,16.850400,0,143,0,143,0,0
7225,0.002400,17.239700,0,143,0,143,0,0
7226,0.002200,15.910600,0,143,0,143,0,0
7227,0.003600,16.789700,0,143,0,143,0,0
7228,0.002000,16.580700,0,143,0,143,0,0
7229,0.534200,17.065500,1770,142,1,143,0,11
7230,0.002400,16.381800,0,142,1,143,0,0
7231,0.002400,16.600400,0,142,1,143,0,0
7232,0.002200,16.814100,0,142,1,143,0,0
7233,0.003000,16.821500,0,142,1,143,0,0
7234,0.003700,16.265900,0,142,1,143,0,0
7235,0.003800,17.163000,0,142,1,143,0,0
7236,0.003400,16.562700,0,142,1,143,0,0
7237,0.003300,16.953200,0,142,1,143,0,0
7238,0.001700,16.088000,0,142,1,143,0,0
7239,0.002400,16.606900,0,142,1,143,0,0
7240,0.003200,16.658400,0,142,1,143,0,0
7241,1.008500,17.227800,1770,141,2,143,0,11
7242,0.003100,16.581200,0,141,2,143,0,0
7243,0.003200,16.805800,0,141,2,143,0,0
7244,0.003200,16.529600,0,141,2,143,0,0
7245,0.002400,16.478600,0,141,2,143,0,0
7246,0.003000,16.576600,0,141,2,143,0,0
7247,0.003200,17.182000,0,141,2,143,0,0
7248,0.002700,16.485200,0,141,2,143,0,0
7249,0.001900,16.406800,0,141,2,143,0,0
7250,0.003200,16.969500,0,141,2,143,0,0
7251,0.003600,17.147200,0,141,2,143,0,0
7252,0.003700,15.813900,0,141,2,143,0,0
7253,0.433900,16.769900,1770,140,3,143,0,11
7254,0.004500,17.214800,0,140,3,143,0,0
7255,0.001900,16.271800,0,140,3,143,0,0
7256,0.002700,16.851700,0,140,3,143,0,0
7257,0.003100,17.033800,0,140,3,143,0,0
7258,0.003700,16.129200,0,140,3,143,0,0
7259,0.003900,17.269100,0,140,3,143,0,0
7260,0.002800,16.482800,0,140,3,143,0,0
7261,0.002400,16.385600,0,140,3,143,0,0
7262,0.002400,16.875900,0,140,3,143,0,0
7263,0.003100,16.794100,0,140,3,143,0,0
7264,0.003200,16.339500,0,140,3,143,0,0
7265,1.138300,17.122500,1770,139,4,143,0,11
7266,0.003800,16.992500,0,139,4,143,0,0
7267,0.003700,16.459100,0,139,4,143,0,0
7268,0.001900,16.096200,0,139,4,143,0,0
7269,0.002500,16.976800,0,139,4,143,0,0
7270,0.003300,16.357800,0,139,4,143,0,0
7271,0.003300,17.471900,0,139,4,143,0,0
7272,0.003100,16.350500,0,139,4,143,0,0
7273,0.003200,16.596700,0,139,4,143,0,0
7274,0.003200,16.570500,0,139,4,143,0,0
7275,0.002300,16.604400,0,139,4,143,0,0
7276,0.002400,16.285700,0,139,4,143,0,0
7277,0.820400,17.193700,1770,138,5,143,0,11
7278,0.004100,16.979800,0,138,5,143,0,0
7279,0.003700,16.369700,0,138,5,143,0,0
7280,0.003400,16.958500,0,138,5,143,0,0
7281,0.003500,16.414900,0,138,5,143,0,0
7282,0.004100,16.394200,0,138,5,143,0,0
7283,0.003400,17.065500,0,138,5,143,0,0
7284,0.003900,16.679000,0,138,5,143,0,0
7285,0.003100,16.530000,0,138,5,143,0,0
7286,0.003300,16.589600,0,138,5,143,0,0
7287,0.003200,16.634500,0,138,5,143,0,0
7288,0.003900,16.509600,0,138,5,143,0,0
7289,1.265300,17.328400,1770,137,6,143,0,11
7290,0.002400,16.213400,0,137,6,143,0,0
7291,0.779200,16.791800,1716,143,0,143,0,11
7292,0.004500,16.969000,0,143,0,143,0,0
7293,0.003500,16.623000,0,143,0,143,0,0
7294,0.004800,16.114200,0,143,0,143,0,0
7295,0.003900,16.981600,0,143,0,143,0,0
7296,0.003500,17.067600,0,143,0,143,0,0
7297,0.003100,16.307400,0,143,0,143,0,0
7298,0.002300,16.394800,0,143,0,143,0,0
7299,0.002400,16.753000,0,143,0,143,0,0
7300,0.004000,16.577100,0,143,0,143,0,0
7301,0.998700,17.038200,1764,143,0,143,0,11
7302,0.003700,16.565200,0,143,0,143,0,0
7303,0.002200,16.436700,0,143,0,143,0,0
7304,0.005100,17.151000,0,143,0,143,0,0
7305,0.003000,16.451500,0,143,0,143,0,0
7306,0.003600,16.312600,0,143,0,143,0,0
7307,0.004000,17.350400,0,143,0,143,0,0
7308,0.003400,16.547400,0,143,0,143,0,0
7309,0.003300,16.744000,0,143,0,143,0,0
7310,0.002000,16.223900,0,143,0,143,0,0
7311,0.002900,16.972100,0,143,0,143,0,0
7312,0.004600,16.326800,0,143,0,143,0,0
7313,0.349500,16.593700,1764,142,1,143,0,11
7314,0.001800,16.576200,0,142,1,143,0,0
7315,0.002900,17.067600,0,142,1,143,0,0
7316,0.005700,16.518300,0,142,1,143,0,0
7317,0.002600,17.290600,0,142,1,143,0,0
7318,0.002900,16.003200,0,142,1,143,0,0
7319,0.003600,21.140500,0,142,1,143,0,0
7320,0.002800,14.066200,0,142,1,143,0,0
7321,0.001800,16.511300,0,142,1,143,0,0
7322,0.001900,16.656200,0,142,1,143,0,0
7323,0.003000,16.938200,0,142,1,143,0,0
7324,0.404700,16.527600,1764,141,2,143,0,11
7325,0.002100,16.420300,0,141,2,143,0,0
7326,0.002300,16.988600,0,141,2,143,0,0
7327,0.002400,16.763800,0,141,2,143,0,0
7328,0.005100,16.846500,0,141,2,143,0,0
7329,0.003100,16.599400,0,141,2,143,0,0
7330,0.003300,16.753600,0,141,2,143,0,0
7331,0.004600,16.477600,0,141,2,143,0,0
7332,0.004300,17.141700,0,141,2,143,0,0
7333,0.004800,16.792900,0,141,2,143,0,0
7334,0.004300,18.617700,0,141,2,143,0,0
7335,0.003600,14.722500,0,141,2,143,0,0
7336,1.060000,17.302200,1764,140,3,143,0,11
7337,0.002700,15.889800,0,140,3,143,0,0
7338,0.002900,16.362600,0,140,3,143,0,0
7339,0.002900,16.937100,0,140,3,143,0,0
7340,0.003500,16.791700,0,140,3,143,0,0
7341,0.003400,16.549600,0,140,3,143,0,0
7342,0.003900,16.964300,0,140,3,143,0,0
7343,0.003700,15.903900,0,140,3,143,0,0
7344,0.003700,17.256800,0,140,3,143,0,0
7345,0.003500,16.694700,0,140,3,143,0,0
7346,0.004900,16.570100,0,140,3,143,0,0
7347,0.004700,16.916800,0,140,3,143,0,0
7348,1.293000,16.330600,1764,139,4,143,0,11
7349,0.002800,16.080100,0,139,4,143,0,0
7350,0.002400,16.900000,0,139,4,143,0,0
7351,0.001800,16.672200,0,139,4,143,0,0
7352,0.002000,17.051900,0,139,4,143,0,0
7353,0.002800,16.916300,0,139,4,143,0,0
7354,0.001900,16.343000,0,139,4,143,0,0
7355,0.002800,16.536900,0,139,4,143,0,0
7356,0.002800,16.968700,0,139,4,143,0,0
7357,0.001900,16.679000,0,139,4,143,0,0
7358,3.294700,76.007300,3318,142,1,143,0,21
7359,0.002900,6.272900,0,142,1,143,0,0
7360,0.005700,16.715900,0,142,1,143,0,0
7361,0.005400,27.279000,0,142,1,143,0,0
7362,0.006800,19.401100,0,142,1,143,0,0
7363,0.004600,11.587500,0,142,1,143,0,0
7364,0.003000,16.483200,0,142,1,143,0,0
7365,0.033300,28.088500,0,142,1,143,0,0
7366,0.005400,5.094400,0,142,1,143,0,0
7367,0.005000,19.010300,0,142,1,143,0,0
7368,0.006600,15.881500,0,142,1,143,0,0
7369,0.671500,18.280700,1758,142,1,143,0,11
7370,0.002700,14.416900,0,142,1,143,0,0
7371,0.004800,20.527200,0,142,1,143,0,0
7372,0.006500,15.557900,0,142,1,143,0,0
7373,0.006100,16.206700,0,142,1,143,0,0
7374,0.003700,17.189400,0,142,1,143,0,0
7375,0.004100,18.894400,0,142,1,143,0,0
7376,0.003900,14.885000,0,142,1,143,0,0
7377,0.014100,21.403900,0,142,1,143,0,0
7378,0.004400,19.634200,0,142,1,143,0,0
7379,0.004400,13.386400,0,142,1,143,0,0
7380,2.696800,17.941800,1758,141,2,143,0,11
7381,0.005900,15.135200,0,141,2,143,0,0
7382,0.005700,17.317100,0,141,2,143,0,0
7383,0.005100,18.406000,0,141,2,143,0,0
7384,0.007900,17.824900,0,141,2,143,0,0
7385,0.002600,15.746900,0,141,2,143,0,0
7386,0.004000,16.365400,0,141,2,143,0,0
7387,0.003400,16.471000,0,141,2,143,0,0
7388,0.003900,16.945600,0,141,2,143,0,0
7389,0.003600,18.244300,0,141,2,143,0,0
7390,0.002200,15.271400,0,141,2,143,0,0
7391,0.004800,17.019200,0,141,2,143,0,0
7392,0.937100,16.346500,1758,140,3,143,0,11
7393,0.002500,16.571600,0,140,3,143,0,0
7394,0.002200,16.475900,0,140,3,143,0,0
7395,0.004500,17.196400,0,140,3,143,0,0
7396,0.002100,16.385700,0,140,3,143,0,0
7397,0.003100,16.717400,0,140,3,143,0,0
7398,0.002000,16.580600,0,140,3,143,0,0
7399,0.004800,39.629900,0,140,3,143,0,0
7400,0.003300,9.274000,0,140,3,143,0,0
7401,0.003500,17.176500,0,140,3,143,0,0
7402,0.005300,18.625400,0,140,3,143,0,0
7403,0.385200,14.065400,1758,139,4,143,0,11
7404,0.002000,16.457400,0,139,4,143,0,0
7405,0.005200,17.245200,0,139,4,143,0,0
7406,0.004900,17.352900,0,139,4,143,0,0
7407,0.003400,16.087700,0,139,4,143,0,0
7408,0.002800,16.450200,0,139,4,143,0,0
7409,0.003200,16.729000,0,139,4,143,0,0
7410,0.002800,16.646800,0,139,4,143,0,0
7411,0.004000,16.617700,0,139,4,143,0,0
7412,0.001900,16.613000,0,139,4,143,0,0
7413,0.002300,16.671200,0,139,4,143,0,0
7414,0.002600,16.747000,0,139,4,143,0,0
7415,0.366000,16.754600,1758,138,5,143,0,11
7416,0.001800,16.401500,0,138,5,143,0,0
7417,0.002300,17.194200,0,138,5,143,0,0
7418,0.003700,16.796800,0,138,5,143,0,0
7419,0.935900,16.621800,1716,143,0,143,0,11
7420,0.003200,16.888400,0,143,0,143,0,0
7421,0.001700,16.011300,0,143,0,143,0,0
7422,0.002000,16.601800,0,143,0,143,0,0
7423,0.002200,16.720500,0,143,0,143,0,0
7424,0.003700,17.222000,0,143,0,143,0,0
7425,0.003600,16.507500,0,143,0,143,0,0
7426,0.003300,17.044100,0,143,0,143,0,0
7427,1.206300,17.054900,1752,143,0,143,0,11
7428,0.003600,15.555100,0,143,0,143,0,0
7429,0.003900,17.229800,0,143,0,143,0,0
7430,0.003500,16.910300,0,143,0,143,0,0
7431,0.004100,16.496300,0,143,0,143,0,0
7432,0.004300,16.471000,0,143,0,143,0,0
7433,0.003800,16.816500,0,143,0,143,0,0
7434,0.004000,16.138100,0,143,0,143,0,0
7435,0.003000,16.949500,0,143,0,143,0,0
7436,0.004600,18.413500,0,143,0,143,0,0
7437,0.003100,15.770800,0,143,0,143,0,0
7438,0.004100,16.734900,0,143,0,143,0,0
7439,1.156800,16.651500,1752,142,1,143,0,11
7440,0.004200,16.647800,0,142,1,143,0,0
7441,0.004400,16.165300,0,142,1,143,0,0
7442,0.005100,17.565400,0,142,1,143,0,0
7443,0.003300,16.087000,0,142,1,143,0,0
7444,0.003100,16.648600,0,142,1,143,0,0
7445,0.003200,16.710900,0,142,1,143,0,0
7446,0.003900,16.921000,0,142,1,143,0,0
7447,0.003700,16.187600,0,142,1,143,0,0
7448,0.003300,17.128900,0,142,1,143,0,0
7449,0.003100,16.517700,0,142,1,143,0,0
7450,0.005700,17.168900,0,142,1,143,0,0
7451,1.342500,16.505100,1752,141,2,143,0,11
7452,0.005200,16.447100,0,141,2,143,0,0
7453,0.003400,16.238200,0,141,2,143,0,0
7454,0.005200,17.679100,0,141,2,143,0,0
7455,0.003700,16.356400,0,141,2,143,0,0
7456,0.005400,17.001900,0,141,2,143,0,0
7457,0.004100,16.525100,0,141,2,143,0,0
7458,0.003300,16.952300,0,141,2,143,0,0
7459,0.004400,15.985100,0,141,2,143,0,0
7460,0.003900,17.330600,0,141,2,143,0,0
7461,0.003800,16.222200,0,141,2,143,0,0
7462,0.003400,17.083700,0,141,2,143,0,0
7463,1.033000,16.784500,1752,140,3,143,0,11
7464,0.003700,16.493300,0,140,3,143,0,0
7465,0.004400,16.198600,0,140,3,143,0,0
7466,0.003500,17.443600,0,140,3,143,0,0
7467,0.004900,16.621900,0,140,3,143,0,0
7468,0.004100,16.706000,0,140,3,143,0,0
7469,0.004200,16.605100,0,140,3,143,0,0
7470,0.004100,16.682100,0,140,3,143,0,0
7471,0.005000,16.107200,0,140,3,143,0,0
7472,0.003700,17.194400,0,140,3,143,0,0
7473,0.003700,16.495400,0,140,3,143,0,0
7474,0.003400,17.158700,0,140,3,143,0,0
7475,1.013400,16.573000,1752,139,4,143,0,11
7476,0.004300,16.424300,0,139,4,143,0,0
7477,0.005000,16.119800,0,139,4,143,0,0
7478,0.003800,17.254900,0,139,4,143,0,0
7479,0.997600,16.527100,1716,143,0,143,0,11
7480,0.004100,16.874100,0,143,0,143,0,0
7481,0.004700,16.660000,0,143,0,143,0,0
7482,0.005100,16.795500,0,143,0,143,0,0
7483,0.003600,15.960100,0,143,0,143,0,0
7484,0.003500,17.464200,0,143,0,143,0,0
7485,0.003600,16.721300,0,143,0,143,0,0
7486,0.003100,16.691800,0,143,0,143,0,0
7487,1.177200,17.539400,1746,143,0,143,0,11
7488,0.004000,15.783600,0,143,0,143,0,0
7489,0.005200,16.104200,0,143,0,143,0,0
7490,0.003500,17.428600,0,143,0,143,0,0
7491,0.003700,16.621100,0,143,0,143,0,0
7492,0.003900,16.841900,0,143,0,143,0,0
7493,0.004800,16.511700,0,143,0,143,0,0
7494,0.005500,16.547300,0,143,0,143,0,0
7495,0.004300,16.262000,0,143,0,143,0,0
7496,0.003400,17.880800,0,143,0,143,0,0
7497,0.003400,16.747700,0,143,0,143,0,0
7498,0.004100,16.533000,0,143,0,143,0,0
7499,1.102200,16.867400,1746,142,1,143,0,11
7500,0.003000,16.375700,0,142,1,143,0,0
7501,0.003700,16.281900,0,142,1,143,0,0
7502,0.003900,17.148400,0,142,1,143,0,0
7503,0.004900,16.941500,0,142,1,143,0,0
7504,0.004000,16.308600,0,142,1,143,0,0
7505,0.005100,17.060400,0,142,1,143,0,0
7506,0.003800,16.482400,0,142,1,143,0,0
7507,0.003800,16.232000,0,142,1,143,0,0
7508,0.003400,17.056800,0,142,1,143,0,0
7509,0.005200,17.015800,0,142,1,143,0,0
7510,0.004000,16.362400,0,142,1,143,0,0
7511,1.027900,16.774800,1746,141,2,143,0,11
7512,0.004100,17.163800,0,141,2,143,0,0
7513,0.003400,15.848700,0,141,2,143,0,0
7514,0.003200,17.225800,0,141,2,143,0,0
7515,0.003300,16.523800,0,141,2,143,0,0
7516,0.003700,16.874100,0,141,2,143,0,0
7517,0.004500,16.683200,0,141,2,143,0,0
7518,0.004200,17.398400,0,141,2,143,0,0
7519,0.005000,15.819600,0,141,2,143,0,0
7520,0.003900,16.981600,0,141,2,143,0,0
7521,0.004000,16.836000,0,141,2,143,0,0
7522,0.003400,16.636200,0,141,2,143,0,0
7523,1.053900,16.494600,1746,140,3,143,0,11
7524,0.003300,16.626200,0,140,3,143,0,0
7525,0.004100,16.154700,0,140,3,143,0,0
7526,0.003500,17.549600,0,140,3,143,0,0
7527,0.003300,16.773100,0,140,3,143,0,0
7528,0.003200,16.549100,0,140,3,143,0,0
7529,0.006000,16.932600,0,140,3,143,0,0
7530,0.003400,16.353100,0,140,3,143,0,0
7531,0.004000,16.290000,0,140,3,143,0,0
7532,0.003700,17.506400,0,140,3,143,0,0
7533,0.004000,16.508500,0,140,3,143,0,0
7534,0.003600,16.795700,0,140,3,143,0,0
7535,0.942100,17.959000,1746,139,4,143,0,11
7536,0.003700,15.273300,0,139,4,143,0,0
7537,0.023700,17.079400,0,139,4,143,0,0
7538,0.004000,15.933300,0,139,4,143,0,0
7539,1.709800,17.066300,1716,143,0,143,0,11
7540,0.003800,16.459600,0,143,0,143,0,0
7541,0.004200,16.878500,0,143,0,143,0,0
7542,0.003800,16.504600,0,143,0,143,0,0
7543,0.003500,16.814300,0,143,0,143,0,0
7544,0.003700,16.148500,0,143,0,143,0,0
7545,0.016900,17.393200,0,143,0,143,0,0
7546,0.005300,16.674000,0,143,0,143,0,0
7547,1.616800,17.937700,1740,143,0,143,0,11
7548,0.004000,15.284000,0,143,0,143,0,0
7549,0.019200,16.970800,0,143,0,143,0,0
7550,0.003300,15.726600,0,143,0,143,0,0
7551,0.004200,17.396800,0,143,0,143,0,0
7552,0.003300,16.313800,0,143,0,143,0,0
7553,0.005900,17.167600,0,143,0,143,0,0
7554,0.003900,16.479100,0,143,0,143,0,0
7555,0.003800,18.385300,0,143,0,143,0,0
7556,0.004800,14.456700,0,143,0,143,0,0
7557,0.003400,17.017100,0,143,0,143,0,0
7558,0.003500,16.771700,0,143,0,143,0,0
7559,1.303900,16.678100,1740,142,1,143,0,11
7560,0.003400,16.772100,0,142,1,143,0,0
7561,0.018500,17.023400,0,142,1,143,0,0
7562,0.003700,15.640500,0,142,1,143,0,0
7563,0.004400,17.229300,0,142,1,143,0,0
7564,0.004000,16.605400,0,142,1,143,0,0
7565,0.004800,16.726900,0,142,1,143,0,0
7566,0.003100,16.547000,0,142,1,143,0,0
7567,0.024500,17.164500,0,142,1,143,0,0
7568,0.005000,15.910000,0,142,1,143,0,0
7569,0.017500,17.761700,0,142,1,143,0,0
7570,0.003800,15.801600,0,142,1,143,0,0
7571,1.817400,17.327100,1740,141,2,143,0,11
7572,0.003900,16.167400,0,141,2,143,0,0
7573,0.021300,17.011400,0,141,2,143,0,0
7574,0.003500,15.798300,0,141,2,143,0,0
7575,0.004800,19.413000,0,141,2,143,0,0
7576,0.004900,15.006400,0,141,2,143,0,0
7577,0.021100,18.267800,0,141,2,143,0,0
7578,0.004200,15.312300,0,141,2,143,0,0
7579,0.024400,17.080800,0,141,2,143,0,0
7580,0.004300,15.592600,0,141,2,143,0,0
7581,0.003300,17.263600,0,141,2,143,0,0
7582,0.003700,16.383400,0,141,2,143,0,0
7583,1.247600,18.109200,1740,140,3,143,0,11
7584,0.003700,15.435100,0,140,3,143,0,0
7585,0.004000,18.358800,0,140,3,143,0,0
7586,0.003400,14.501400,0,140,3,143,0,0
7587,0.003800,17.114200,0,140,3,143,0,0
7588,0.003800,16.984300,0,140,3,143,0,0
7589,0.003800,19.588400,0,140,3,143,0,0
7590,0.003400,16.017400,0,140,3,143,0,0
7591,0.005500,18.613700,0,140,3,143,0,0
7592,0.003200,14.643600,0,140,3,143,0,0
7593,0.005000,16.410200,0,140,3,143,0,0
7594,0.003700,17.086800,0,140,3,143,0,0
7595,1.138900,16.583200,1740,139,4,143,0,11
7596,0.003900,17.067800,0,139,4,143,0,0
7597,0.003400,16.589100,0,139,4,143,0,0
7598,0.003200,16.404100,0,139,4,143,0,0
7599,0.004900,16.363000,0,139,4,143,0,0
7600,0.003900,17.016700,0,139,4,143,0,0
7601,0.004000,17.854800,0,139,4,143,0,0
7602,0.937400,16.048200,1716,143,0,143,0,11
7603,0.005300,17.571900,0,143,0,143,0,0
7604,0.003900,15.559100,0,143,0,143,0,0
7605,0.004300,16.462600,0,143,0,143,0,0
7606,0.003800,16.827200,0,143,0,143,0,0
7607,1.200300,17.538600,1734,143,0,143,0,11
7608,0.003000,15.948200,0,143,0,143,0,0
7609,0.003900,16.830600,0,143,0,143,0,0
7610,0.003500,16.394500,0,143,0,143,0,0
7611,0.003400,16.973800,0,143,0,143,0,0
7612,0.004500,16.900400,0,143,0,143,0,0
7613,0.003300,16.743200,0,143,0,143,0,0
7614,0.003400,16.247300,0,143,0,143,0,0
7615,0.003800,16.886600,0,143,0,143,0,0
7616,0.005800,19.600000,0,143,0,143,0,0
7617,0.004500,14.367100,0,143,0,143,0,0
7618,0.003400,16.200800,0,143,0,143,0,0
7619,1.078600,17.091900,1734,142,1,143,0,11
7620,0.003300,16.294700,0,142,1,143,0,0
7621,0.003200,16.627000,0,142,1,143,0,0
7622,0.004000,17.001100,0,142,1,143,0,0
7623,0.005500,16.102500,0,142,1,143,0,0
7624,0.005200,17.537800,0,142,1,143,0,0
7625,0.109200,16.555900,0,142,1,143,0,0
7626,0.003400,16.365600,0,142,1,143,0,0
7627,0.003600,16.555000,0,142,1,143,0,0
7628,0.003300,16.777200,0,142,1,143,0,0
7629,0.004400,16.141800,0,142,1,143,0,0
7630,0.003500,17.064800,0,142,1,143,0,0
7631,1.388300,18.616700,1734,141,2,143,0,11
7632,0.004000,14.883800,0,141,2,143,0,0
7633,0.005900,17.295400,0,141,2,143,0,0
7634,0.005500,16.294700,0,141,2,143,0,0
7635,0.005100,16.009600,0,141,2,143,0,0
7636,0.003500,17.049900,0,141,2,143,0,0
7637,0.003200,16.643900,0,141,2,143,0,0
7638,0.005100,17.488200,0,141,2,143,0,0
7639,0.005600,16.858400,0,141,2,143,0,0
7640,0.005000,16.311600,0,141,2,143,0,0
7641,0.027300,16.590300,0,141,2,143,0,0
7642,0.005900,17.022300,0,141,2,143,0,0
7643,2.021800,17.711500,1734,140,3,143,0,11
7644,0.004400,15.253500,0,140,3,143,0,0
7645,0.003200,16.502000,0,140,3,143,0,0
7646,0.004100,16.583700,0,140,3,143,0,0
7647,0.004600,16.379500,0,140,3,143,0,0
7648,0.003800,17.132400,0,140,3,143,0,0
7649,0.003900,17.212400,0,140,3,143,0,0
7650,0.005400,16.520800,0,140,3,143,0,0
7651,0.004000,16.954900,0,140,3,143,0,0
7652,0.004000,16.036700,0,140,3,143,0,0
7653,0.005700,16.529700,0,140,3,143,0,0
7654,0.005900,17.636400,0,140,3,143,0,0
7655,1.142300,16.256700,1734,139,4,143,0,11
7656,0.003900,16.253900,0,139,4,143,0,0
7657,0.004000,17.168800,0,139,4,143,0,0
7658,0.004200,16.394200,0,139,4,143,0,0
7659,0.004400,16.096000,0,139,4,143,0,0
7660,0.006300,17.474400,0,139,4,143,0,0
7661,0.004400,17.028000,0,139,4,143,0,0
7662,0.003400,16.400300,0,139,4,143,0,0
7663,0.003600,16.680100,0,139,4,143,0,0
7664,0.003400,16.783500,0,139,4,143,0,0
7665,0.004200,16.089000,0,139,4,143,0,0
7666,0.003600,17.214300,0,139,4,143,0,0
7667,1.140900,17.185900,1734,138,5,143,0,11
7668,0.003500,16.425100,0,138,5,143,0,0
7669,0.003600,16.668900,0,138,5,143,0,0
7670,0.004900,16.599800,0,138,5,143,0,0
7671,0.005600,16.206400,0,138,5,143,0,0
7672,0.996600,17.290300,1716,143,0,143,0,11
7673,0.004800,16.856500,0,143,0,143,0,0
7674,0.004000,16.325900,0,143,0,143,0,0
7675,0.003400,16.858800,0,143,0,143,0,0
7676,0.003800,16.767900,0,143,0,143,0,0
7677,0.003900,15.988900,0,143,0,143,0,0
7678,0.003800,16.885300,0,143,0,143,0,0
7679,1.049600,16.922500,1728,143,0,143,0,11
7680,0.003900,16.616900,0,143,0,143,0,0
7681,0.004200,16.769600,0,143,0,143,0,0
7682,0.003500,16.635000,0,143,0,143,0,0
7683,0.003800,16.063000,0,143,0,143,0,0
7684,0.003500,17.215000,0,143,0,143,0,0
7685,0.003500,16.782200,0,143,0,143,0,0
7686,0.004100,17.170100,0,143,0,143,0,0
7687,0.003900,16.166300,0,143,0,143,0,0
7688,0.003300,16.712400,0,143,0,143,0,0
7689,0.005000,16.169800,0,143,0,143,0,0
7690,0.004200,16.983600,0,143,0,143,0,0
7691,1.025000,16.788800,1728,142,1,143,0,11
7692,0.001700,16.005000,0,142,1,143,0,0
7693,0.003900,17.178500,0,142,1,143,0,0
7694,0.003600,16.863900,0,142,1,143,0,0
7695,0.004200,16.134900,0,142,1,143,0,0
7696,0.003800,17.437200,0,142,1,143,0,0
7697,0.005100,16.668700,0,142,1,143,0,0
7698,0.003700,16.734600,0,142,1,143,0,0
7699,0.004000,16.539100,0,142,1,143,0,0
7700,0.003800,16.455600,0,142,1,143,0,0
7701,0.003900,16.261900,0,142,1,143,0,0
7702,0.003400,17.114000,0,142,1,143,0,0
7703,1.074300,16.633900,1728,141,2,143,0,11
7704,0.005200,16.780200,0,141,2,143,0,0
7705,0.004000,16.625900,0,141,2,143,0,0
7706,0.003800,16.583100,0,141,2,143,0,0
7707,0.003700,16.212600,0,141,2,143,0,0
7708,0.003300,17.223400,0,141,2,143,0,0
7709,0.004500,17.514500,0,141,2,143,0,0
7710,0.005500,15.719900,0,141,2,143,0,0
7711,0.005100,17.060000,0,141,2,143,0,0
7712,0.002800,16.394000,0,141,2,143,0,0
7713,0.003300,16.799200,0,141,2,143,0,0
7714,0.004300,16.319000,0,141,2,143,0,0
7715,1.015500,16.850700,1728,140,3,143,0,11
7716,0.003400,16.733800,0,140,3,143,0,0
7717,0.003000,16.894100,0,140,3,143,0,0
7718,0.003700,16.537400,0,140,3,143,0,0
7719,0.003900,16.995600,0,140,3,143,0,0
7720,0.004200,15.991400,0,140,3,143,0,0
7721,0.002900,16.805300,0,140,3,143,0,0
7722,0.003400,17.210400,0,140,3,143,0,0
7723,0.003300,16.592900,0,140,3,143,0,0
7724,0.003000,16.607100,0,140,3,143,0,0
7725,0.003400,16.529500,0,140,3,143,0,0
7726,0.003200,16.206900,0,140,3,143,0,0
7727,1.114000,17.683600,1728,139,4,143,0,11
7728,0.003300,16.182200,0,139,4,143,0,0
7729,0.004500,16.794800,0,139,4,143,0,0
7730,0.003300,16.402900,0,139,4,143,0,0
7731,0.003400,16.580600,0,139,4,143,0,0
7732,0.003800,16.311900,0,139,4,143,0,0
7733,0.003100,17.242100,0,139,4,143,0,0
7734,0.003900,16.542700,0,139,4,143,0,0
7735,0.003600,17.178800,0,139,4,143,0,0
7736,0.003800,16.354300,0,139,4,143,0,0
7737,0.003100,16.473500,0,139,4,143,0,0
7738,0.003200,16.334400,0,139,4,143,0,0
7739,1.212400,17.463800,1728,138,5,143,0,11
7740,0.003500,16.360500,0,138,5,143,0,0
7741,0.004700,16.869500,0,138,5,143,0,0
7742,0.003400,16.451300,0,138,5,143,0,0
7743,0.004200,16.701600,0,138,5,143,0,0
7744,0.003400,16.158200,0,138,5,143,0,0
7745,0.003900,17.317000,0,138,5,143,0,0
7746,0.001900,16.193700,0,138,5,143,0,0
7747,0.005100,17.112100,0,138,5,143,0,0
7748,0.004800,16.801100,0,138,5,143,0,0
7749,0.005100,17.056600,0,138,5,143,0,0
7750,0.003900,15.839100,0,138,5,143,0,0
7751,0.472900,16.679200,1728,137,6,143,0,11
7752,0.002300,16.586800,0,137,6,143,0,0
7753,0.002400,16.746500,0,137,6,143,0,0
7754,0.002400,16.552000,0,137,6,143,0,0
7755,0.002300,16.695100,0,137,6,143,0,0
7756,0.003000,16.618800,0,137,6,143,0,0
7757,0.371300,16.864000,1716,143,0,143,0,11
7758,0.001800,16.493800,0,143,0,143,0,0
7759,0.002300,16.688000,0,143,0,143,0,0
7760,0.002400,16.800000,0,143,0,143,0,0
7761,0.001800,16.508300,0,143,0,143,0,0
7762,0.002400,16.525600,0,143,0,143,0,0
7763,0.367800,16.916500,1722,143,0,143,0,11
7764,0.002900,16.778000,0,143,0,143,0,0
7765,0.001800,16.646600,0,143,0,143,0,0
7766,0.001900,16.508000,0,143,0,143,0,0
7767,0.002500,16.661500,0,143,0,143,0,0
7768,0.002400,16.509300,0,143,0,143,0,0
7769,0.002200,16.863900,0,143,0,143,0,0
7770,0.003000,16.964900,0,143,0,143,0,0
7771,0.018200,16.420400,0,143,0,143,0,0
7772,0.002100,16.712900,0,143,0,143,0,0
7773,0.002300,16.722500,0,143,0,143,0,0
7774,0.001900,16.324500,0,143,0,143,0,0
7775,0.583900,17.089700,1722,142,1,143,0,11
7776,0.003500,17.040000,0,142,1,143,0,0
7777,0.003100,16.368600,0,142,1,143,0,0
7778,0.003100,16.656300,0,142,1,143,0,0
7779,0.003400,16.719500,0,142,1,143,0,0
7780,0.002200,16.186900,0,142,1,143,0,0
7781,0.003900,17.496800,0,142,1,143,0,0
7782,0.005200,16.820500,0,142,1,143,0,0
7783,0.003500,16.569000,0,142,1,143,0,0
7784,0.003900,16.498600,0,142,1,143,0,0
7785,0.004400,16.748100,0,142,1,143,0,0
7786,0.002100,15.802200,0,142,1,143,0,0
7787,0.347200,17.194000,1722,141,2,143,0,11
7788,0.003600,16.778000,0,141,2,143,0,0
7789,0.002600,16.608200,0,141,2,143,0,0
7790,0.003300,16.581600,0,141,2,143,0,0
7791,0.001800,16.423800,0,141,2,143,0,0
7792,0.003000,16.576100,0,141,2,143,0,0
7793,0.003000,16.872100,0,141,2,143,0,0
7794,0.003700,16.964000,0,141,2,143,0,0
7795,0.003700,16.882800,0,141,2,143,0,0
7796,0.002700,16.230900,0,141,2,143,0,0
7797,0.002400,16.883600,0,141,2,143,0,0
7798,0.003300,16.332500,0,141,2,143,0,0
7799,0.971000,16.933100,1722,140,3,143,0,11
7800,0.003200,16.703900,0,140,3,143,0,0
7801,0.003900,16.743200,0,140,3,143,0,0
7802,0.003800,16.875600,0,140,3,143,0,0
7803,0.003300,16.611500,0,140,3,143,0,0
7804,0.002800,15.977500,0,140,3,143,0,0
7805,0.002500,17.207900,0,140,3,143,0,0
7806,0.001700,16.680400,0,140,3,143,0,0
7807,0.001700,16.728400,0,140,3,143,0,0
7808,0.002000,16.746400,0,140,3,143,0,0
7809,0.001800,16.577900,0,140,3,143,0,0
7810,0.001800,16.628600,0,140,3,143,0,0
7811,0.520700,16.724000,1722,139,4,143,0,11
7812,0.001700,16.757600,0,139,4,143,0,0
7813,0.002500,16.674700,0,139,4,143,0,0
7814,0.001800,16.607500,0,139,4,143,0,0
7815,0.003000,16.728900,0,139,4,143,0,0
7816,0.002700,16.497400,0,139,4,143,0,0
7817,0.003300,17.447400,0,139,4,143,0,0
7818,0.002200,15.974600,0,139,4,143,0,0
7819,0.001800,16.703100,0,139,4,143,0,0
7820,0.003300,16.936300,0,139,4,143,0,0
7821,0.002100,16.723200,0,139,4,143,0,0
7822,0.005200,16.666200,0,139,4,143,0,0
7823,1.129100,16.849200,1722,138,5,143,0,11
7824,0.003600,17.088700,0,138,5,143,0,0
7825,0.002000,16.606500,0,138,5,143,0,0
7826,0.003000,15.934400,0,138,5,143,0,0
7827,0.001800,16.696400,0,138,5,143,0,0
7828,0.001900,16.446300,0,138,5,143,0,0
7829,0.006000,17.687000,0,138,5,143,0,0
7830,0.003100,16.591800,0,138,5,143,0,0
7831,0.004000,16.460600,0,138,5,143,0,0
7832,0.003300,17.367900,0,138,5,143,0,0
7833,0.004000,16.678200,0,138,5,143,0,0
7834,0.003800,15.974400,0,138,5,143,0,0
7835,0.938900,17.089500,1722,137,6,143,0,11
7836,0.003100,16.603400,0,137,6,143,0,0
7837,0.004500,16.824900,0,137,6,143,0,0
7838,0.003500,16.956200,0,137,6,143,0,0
7839,0.003700,16.200800,0,137,6,143,0,0
7840,0.003900,16.472000,0,137,6,143,0,0
7841,0.003900,16.916400,0,137,6,143,0,0
7842,0.003200,16.892500,0,137,6,143,0,0
7843,0.003300,16.508600,0,137,6,143,0,0
7844,0.004400,16.899100,0,137,6,143,0,0
7845,0.003800,16.729100,0,137,6,143,0,0
7846,0.003500,16.050400,0,137,6,143,0,0
7847,1.039900,17.766400,1722,136,7,143,0,11
7848,0.003200,15.988200,0,136,7,143,0,0
7849,0.003100,16.515400,0,136,7,143,0,0
7850,0.004000,16.888300,0,136,7,143,0,0
7851,0.003800,16.537100,0,136,7,143,0,0
7852,0.003500,16.276900,0,136,7,143,0,0
7853,0.003800,17.413300,0,136,7,143,0,0
7854,0.003200,16.449800,0,136,7,143,0,0
7855,0.004300,16.622800,0,136,7,143,0,0
7856,0.005600,18.319400,0,136,7,143,0,0
7857,0.004000,15.209200,0,136,7,143,0,0
7858,0.005000,16.223100,0,136,7,143,0,0
7859,1.068300,17.419800,1722,135,8,143,0,11
7860,0.003600,16.472100,0,135,8,143,0,0
7861,0.003600,16.688800,0,135,8,143,0,0
7862,0.017700,16.709300,0,135,8,143,0,0
7863,0.004000,16.493200,0,135,8,143,0,0
7864,0.003500,16.246100,0,135,8,143,0,0
7865,0.003400,17.347600,0,135,8,143,0,0
7866,0.002300,16.458100,0,135,8,143,0,0
7867,0.001700,16.112900,0,135,8,143,0,0
7868,0.001700,16.700800,0,135,8,143,0,0
7869,0.011000,16.662700,0,135,8,143,0,0
7870,0.002100,16.615300,0,135,8,143,0,0
7871,0.545700,18.151100,1722,134,9,143,0,11
7872,0.003700,17.869300,0,134,9,143,0,0
7873,0.003800,14.638300,0,134,9,143,0,0
7874,0.003900,16.939500,0,134,9,143,0,0
7875,0.003300,16.438500,0,134,9,143,0,0
7876,0.018200,16.382500,0,134,9,143,0,0
7877,0.022900,18.511900,0,134,9,143,0,0
7878,0.003800,15.223600,0,134,9,143,0,0
7879,0.004500,16.771700,0,134,9,143,0,0
7880,0.004400,16.896800,0,134,9,143,0,0
7881,0.004400,16.458800,0,134,9,143,0,0
7882,0.004700,16.138100,0,134,9,143,0,0
7883,1.016200,17.205500,1722,133,10,143,0,11
7884,0.004200,16.583800,0,133,10,143,0,0
7885,0.004500,17.090800,0,133,10,143,0,0
7886,0.018300,17.412200,0,133,10,143,0,0
7887,0.015400,16.562000,0,133,10,143,0,0
7888,0.004200,15.137100,0,133,10,143,0,0
7889,0.003400,17.210700,0,133,10,143,0,0
7890,0.004300,16.500600,0,133,10,143,0,0
7891,0.005100,17.012600,0,133,10,143,0,0
7892,0.007900,18.040200,0,133,10,143,0,0
7893,0.003200,15.113800,0,133,10,143,0,0
7894,0.003800,16.098900,0,133,10,143,0,0
7895,1.370900,19.386200,1722,132,11,143,0,11
7896,0.004400,16.981400,0,132,11,143,0,0
7897,0.005200,17.922800,0,132,11,143,0,0
7898,0.004800,15.033300,0,132,11,143,0,0
7899,0.003300,16.586700,0,132,11,143,0,0
7900,0.003300,16.676400,0,132,11,143,0,0
7901,0.003400,16.368400,0,132,11,143,0,0
7902,0.005000,17.412900,0,132,11,143,0,0
7903,0.003500,16.515000,0,132,11,143,0,0
7904,0.001600,16.036800,0,132,11,143,0,0
7905,0.001800,16.629300,0,132,11,143,0,0
7906,0.326400,16.747300,1722,132,11,143,0,11
7907,0.002000,16.704900,0,132,11,143,0,0
7908,0.001700,16.536400,0,132,11,143,0,0
7909,0.003200,17.221200,0,132,11,143,0,0
7910,0.003300,16.609000,0,132,11,143,0,0
7911,0.003400,16.506200,0,132,11,143,0,0
7912,0.018400,16.464900,0,132,11,143,0,0
7913,0.002000,16.436000,0,132,11,143,0,0
7914,0.003500,16.979000,0,132,11,143,0,0
7915,0.002000,16.545600,0,132,11,143,0,0
7916,0.001900,16.611700,0,132,11,143,0,0
7917,0.001700,16.718200,0,132,11,143,0,0
7918,0.865300,17.046600,1722,132,11,143,0,11
7919,0.002900,16.225700,0,132,11,143,0,0
7920,0.003500,17.356600,0,132,11,143,0,0
7921,0.003300,16.918900,0,132,11,143,0,0
7922,0.003200,16.218100,0,132,11,143,0,0
7923,0.003300,16.922200,0,132,11,143,0,0
7924,0.003300,16.398500,0,132,11,143,0,0
7925,0.004000,16.347000,0,132,11,143,0,0
7926,0.003900,17.251900,0,132,11,143,0,0
7927,0.003500,16.685700,0,132,11,143,0,0
7928,0.003700,16.544100,0,132,11,143,0,0
7929,0.003200,16.612100,0,132,11,143,0,0
7930,1.015800,16.892300,1722,132,11,143,0,11
7931,0.003700,16.060900,0,132,11,143,0,0
7932,0.003800,17.591700,0,132,11,143,0,0
7933,0.003700,16.588300,0,132,11,143,0,0
7934,0.003300,16.295200,0,132,11,143,0,0
7935,0.004900,16.869600,0,132,11,143,0,0
7936,0.003100,16.527200,0,132,11,143,0,0
7937,0.004100,16.282800,0,132,11,143,0,0
7938,0.003100,17.071000,0,132,11,143,0,0
7939,0.003800,16.762400,0,132,11,143,0,0
7940,0.003300,16.834500,0,132,11,143,0,0
7941,0.005000,16.778300,0,132,11,143,0,0
7942,0.995400,16.511500,1722,132,11,143,0,11
7943,0.003500,16.183800,0,132,11,143,0,0
7944,0.003700,16.989400,0,132,11,143,0,0
7945,0.003600,16.741600,0,132,11,143,0,0
7946,0.001800,16.360000,0,132,11,143,0,0
7947,0.003300,17.544900,0,132,11,143,0,0
7948,0.003100,16.048900,0,132,11,143,0,0
7949,0.950800,16.400600,1782,143,0,143,0,11
7950,0.045800,17.104500,0,143,0,143,0,0
7951,0.003900,16.515000,0,143,0,143,0,0
7952,0.001800,16.456400,0,143,0,143,0,0
7953,0.001700,16.601300,0,143,0,143,0,0
7954,1.060500,16.961300,1722,143,0,143,0,11
7955,0.003200,16.344400,0,143,0,143,0,0
7956,0.003300,17.413500,0,143,0,143,0,0
7957,0.003300,16.355600,0,143,0,143,0,0
7958,0.003100,16.894200,0,143,0,143,0,0
7959,0.004100,16.610900,0,143,0,143,0,0
7960,0.004200,16.865200,0,143,0,143,0,0
7961,0.003300,16.087100,0,143,0,143,0,0
7962,0.003800,18.015200,0,143,0,143,0,0
7963,0.003900,16.502700,0,143,0,143,0,0
7964,0.004700,16.989300,0,143,0,143,0,0
7965,0.003800,16.669400,0,143,0,143,0,0
7966,1.295600,16.899700,1722,142,1,143,0,11
7967,0.004700,17.268800,0,142,1,143,0,0
7968,0.003500,15.304700,0,142,1,143,0,0
7969,0.004100,16.981200,0,142,1,143,0,0
7970,0.001700,16.386900,0,142,1,143,0,0
7971,0.004300,17.165800,0,142,1,143,0,0
7972,0.004600,16.974300,0,142,1,143,0,0
7973,0.004700,16.542600,0,142,1,143,0,0
7974,0.054800,16.404400,0,142,1,143,0,0
7975,0.005100,17.276800,0,142,1,143,0,0
7976,0.004100,16.636400,0,142,1,143,0,0
7977,0.004300,16.581000,0,142,1,143,0,0
7978,1.071200,17.186700,1722,141,2,143,0,11
7979,0.003400,16.401600,0,141,2,143,0,0
7980,0.003500,16.002500,0,141,2,143,0,0
7981,0.003600,17.162700,0,141,2,143,0,0
7982,0.003400,16.864900,0,141,2,143,0,0
7983,0.006100,16.680500,0,141,2,143,0,0
7984,0.003600,16.706000,0,141,2,143,0,0
7985,0.004400,16.727000,0,141,2,143,0,0
7986,0.004500,16.607400,0,141,2,143,0,0
7987,0.005600,16.799400,0,141,2,143,0,0
7988,0.003900,16.273800,0,141,2,143,0,0
7989,0.003500,16.853300,0,141,2,143,0,0
7990,0.998400,16.625100,1722,140,3,143,0,11
7991,0.004100,16.851700,0,140,3,143,0,0
7992,0.003700,15.934200,0,140,3,143,0,0
7993,0.003300,17.280500,0,140,3,143,0,0
7994,0.003500,16.668100,0,140,3,143,0,0
7995,0.003500,16.811100,0,140,3,143,0,0
7996,0.003700,16.367000,0,140,3,143,0,0
7997,0.003600,17.009400,0,140,3,143,0,0
7998,0.004300,15.978600,0,140,3,143,0,0
7999,0.005600,17.272500,0,140,3,143,0,0
8000,0.004700,16.945600,0,140,3,143,0,0
8001,0.003700,16.550400,0,140,3,143,0,0
8002,0.994200,16.656000,1722,139,4,143,0,11
8003,0.008400,16.488200,0,139,4,143,0,0
8004,0.003300,16.148100,0,139,4,143,0,0
8005,0.003900,17.071900,0,139,4,143,0,0
8006,0.004000,16.961100,0,139,4,143,0,0
8007,0.003400,16.586400,0,139,4,143,0,0
8008,0.003500,16.739100,0,139,4,143,0,0
8009,0.003400,16.666000,0,139,4,143,0,0
8010,0.004200,16.036300,0,139,4,143,0,0
8011,0.003800,17.168200,0,139,4,143,0,0
8012,0.003200,16.360100,0,139,4,143,0,0
8013,0.003200,16.861000,0,139,4,143,0,0
8014,1.024300,16.907500,1722,138,5,143,0,11
8015,0.003800,16.608600,0,138,5,143,0,0
8016,0.005300,16.255400,0,138,5,143,0,0
8017,0.003500,17.561400,0,138,5,143,0,0
8018,0.004800,16.281500,0,138,5,143,0,0
8019,0.003900,16.732300,0,138,5,143,0,0
8020,0.004000,16.624700,0,138,5,143,0,0
8021,0.002300,16.414000,0,138,5,143,0,0
8022,0.002900,16.318200,0,138,5,143,0,0
8023,0.003600,17.119600,0,138,5,143,0,0
8024,0.003600,16.880300,0,138,5,143,0,0
8025,0.004400,16.642900,0,138,5,143,0,0
8026,1.268100,16.567700,1722,137,6,143,0,11
8027,0.004700,17.489100,0,137,6,143,0,0
8028,0.004900,15.482300,0,137,6,143,0,0
8029,0.004200,17.320900,0,137,6,143,0,0
8030,0.004900,16.505100,0,137,6,143,0,0
8031,0.004200,16.790600,0,137,6,143,0,0
8032,0.003400,16.605700,0,137,6,143,0,0
8033,0.003800,16.601700,0,137,6,143,0,0
8034,0.004000,16.162200,0,137,6,143,0,0
8035,0.003800,17.313300,0,137,6,143,0,0
8036,0.005300,16.790000,0,137,6,143,0,0
8037,0.003800,17.286300,0,137,6,143,0,0
8038,0.972100,16.540900,1722,136,7,143,0,11
8039,0.004000,16.558900,0,136,7,143,0,0
8040,0.004000,16.191000,0,136,7,143,0,0
8041,0.003900,17.273500,0,136,7,143,0,0
8042,0.004200,16.641400,0,136,7,143,0,0
8043,0.003800,16.563800,0,136,7,143,0,0
8044,0.003600,16.858500,0,136,7,143,0,0
8045,0.005300,38.664500,0,136,7,143,0,0
8046,0.004800,12.292900,0,136,7,143,0,0
8047,0.003500,21.258300,0,136,7,143,0,0
8048,0.005000,12.123300,0,136,7,143,0,0
8049,0.408600,16.327800,1722,135,8,143,0,11
8050,0.002800,16.732800,0,135,8,143,0,0
8051,0.003900,16.473700,0,135,8,143,0,0
8052,0.003600,16.952400,0,135,8,143,0,0
8053,0.003500,17.098600,0,135,8,143,0,0
8054,0.003900,16.537300,0,135,8,143,0,0
8055,0.004800,16.953600,0,135,8,143,0,0
8056,0.003300,16.457500,0,135,8,143,0,0
8057,0.022200,17.233600,0,135,8,143,0,0
8058,0.003400,16.309400,0,135,8,143,0,0
8059,0.003700,16.269900,0,135,8,143,0,0
8060,0.003300,16.655700,0,135,8,143,0,0
8061,1.225100,16.860600,1722,134,9,143,0,11
8062,0.003500,16.451900,0,134,9,143,0,0
8063,0.003600,16.358700,0,134,9,143,0,0
8064,0.003200,17.222700,0,134,9,143,0,0
8065,0.003300,16.527100,0,134,9,143,0,0
8066,0.003800,16.933100,0,134,9,143,0,0
8067,0.003500,16.457200,0,134,9,143,0,0
8068,0.004800,16.545800,0,134,9,143,0,0
8069,0.004400,16.791000,0,134,9,143,0,0
8070,0.003300,16.779100,0,134,9,143,0,0
8071,0.011100,17.339400,0,134,9,143,0,0
8072,0.003600,15.836900,0,134,9,143,0,0
8073,1.835000,16.942300,1722,133,10,143,0,11
8074,0.003800,16.266500,0,133,10,143,0,0
8075,0.004200,16.469000,0,133,10,143,0,0
8076,0.003200,17.080300,0,133,10,143,0,0
8077,0.021800,16.896000,0,133,10,143,0,0
8078,0.003400,16.665000,0,133,10,143,0,0
8079,0.003200,16.528100,0,133,10,143,0,0
8080,0.003800,16.697000,0,133,10,143,0,0
8081,0.004000,16.196600,0,133,10,143,0,0
8082,0.003900,17.104600,0,133,10,143,0,0
8083,0.005000,16.823200,0,133,10,143,0,0
8084,0.003700,16.263000,0,133,10,143,0,0
8085,1.724400,16.941800,1722,132,11,143,0,11
8086,0.003400,16.951300,0,132,11,143,0,0
8087,0.003800,15.817300,0,132,11,143,0,0
8088,0.003500,17.634000,0,132,11,143,0,0
8089,0.004000,16.463900,0,132,11,143,0,0
8090,0.004000,16.627300,0,132,11,143,0,0
8091,0.003500,16.668900,0,132,11,143,0,0
8092,0.004400,16.811200,0,132,11,143,0,0
8093,0.004200,16.991200,0,132,11,143,0,0
8094,0.005500,16.210400,0,132,11,143,0,0
8095,0.004000,16.543200,0,132,11,143,0,0
8096,0.003300,16.764400,0,132,11,143,0,0
8097,1.235500,16.752900,1722,132,11,143,0,11
8098,0.003700,16.458700,0,132,11,143,0,0
8099,0.004400,17.053500,0,132,11,143,0,0
8100,0.004300,16.001900,0,132,11,143,0,0
8101,0.004800,17.410800,0,132,11,143,0,0
8102,0.004300,16.676300,0,132,11,143,0,0
8103,0.003500,16.631800,0,132,11,143,0,0
8104,0.018900,17.243300,0,132,11,143,0,0
8105,0.004000,16.138800,0,132,11,143,0,0
8106,0.004400,15.950500,0,132,11,143,0,0
8107,0.003600,18.618700,0,132,11,143,0,0
8108,0.003900,14.961700,0,132,11,143,0,0
8109,1.035900,16.990800,1722,132,11,143,0,11
8110,0.003900,16.682800,0,132,11,143,0,0
8111,0.003800,16.564500,0,132,11,143,0,0
8112,0.003700,16.126500,0,132,11,143,0,0
8113,0.003900,17.278900,0,132,11,143,0,0
8114,0.004300,16.677100,0,132,11,143,0,0
8115,0.016400,18.278800,0,132,11,143,0,0
8116,0.004000,15.291700,0,132,11,143,0,0
8117,0.018500,17.759300,0,132,11,143,0,0
8118,0.004100,15.277300,0,132,11,143,0,0
8119,0.003900,17.011800,0,132,11,143,0,0
8120,0.004400,17.093900,0,132,11,143,0,0
8121,1.030700,16.639900,1722,132,11,143,0,11
8122,0.003900,16.550200,0,132,11,143,0,0
8123,0.017600,17.348600,0,132,11,143,0,0
8124,0.004500,15.506200,0,132,11,143,0,0
8125,0.003500,17.014900,0,132,11,143,0,0
8126,0.003800,16.689900,0,132,11,143,0,0
8127,0.003300,18.127800,0,132,11,143,0,0
8128,0.004700,15.324300,0,132,11,143,0,0
8129,0.016600,18.075200,0,132,11,143,0,0
8130,0.004100,14.683700,0,132,11,143,0,0
8131,0.016400,18.422100,0,132,11,143,0,0
8132,0.005200,15.656400,0,132,11,143,0,0
8133,1.647500,17.100400,1722,132,11,143,0,11
8134,0.016200,17.083900,0,132,11,143,0,0
8135,0.004100,17.361000,0,132,11,143,0,0
8136,0.004000,14.380600,0,132,11,143,0,0
8137,0.003800,18.715900,0,132,11,143,0,0
8138,0.004100,15.179100,0,132,11,143,0,0
8139,0.003800,18.312700,0,132,11,143,0,0
8140,0.003300,15.266000,0,132,11,143,0,0
8141,1.016500,18.179100,1782,143,0,143,0,11
8142,0.004400,14.748500,0,143,0,143,0,0
8143,0.007800,18.953000,0,143,0,143,0,0
8144,0.019900,15.925900,0,143,0,143,0,0
8145,0.989700,17.344000,1728,143,0,143,0,11
8146,0.003800,15.229800,0,143,0,143,0,0
8147,0.004700,18.167900,0,143,0,143,0,0
8148,0.005600,14.507500,0,143,0,143,0,0
8149,0.003600,18.791600,0,143,0,143,0,0
8150,0.003300,14.742200,0,143,0,143,0,0
8151,0.003800,16.671800,0,143,0,143,0,0
8152,0.003300,16.676500,0,143,0,143,0,0
8153,0.004100,16.684900,0,143,0,143,0,0
8154,0.004200,16.364200,0,143,0,143,0,0
8155,0.004700,19.557400,0,143,0,143,0,0
8156,0.004100,14.946400,0,143,0,143,0,0
8157,2.112200,18.521200,1728,142,1,143,0,11
8158,0.003400,15.020700,0,142,1,143,0,0
8159,0.004800,17.574900,0,142,1,143,0,0
8160,0.004400,15.156200,0,142,1,143,0,0
8161,0.003500,18.072200,0,142,1,143,0,0
8162,0.003200,15.535300,0,142,1,143,0,0
8163,0.003400,17.585800,0,142,1,143,0,0
8164,0.003800,15.941500,0,142,1,143,0,0
8165,0.003600,17.271100,0,142,1,143,0,0
8166,0.003400,15.559500,0,142,1,143,0,0
8167,0.004500,18.342800,0,142,1,143,0,0
8168,0.003900,15.626700,0,142,1,143,0,0
8169,1.284200,16.610400,1728,141,2,143,0,11
8170,0.003700,16.631100,0,141,2,143,0,0
8171,0.003000,17.288300,0,141,2,143,0,0
8172,0.003800,15.513200,0,141,2,143,0,0
8173,0.003200,17.549700,0,141,2,143,0,0
8174,0.003300,16.280100,0,141,2,143,0,0
8175,0.003900,17.439500,0,141,2,143,0,0
8176,0.003500,15.768100,0,141,2,143,0,0
8177,0.005400,20.382400,0,141,2,143,0,0
8178,0.003900,13.228500,0,141,2,143,0,0
8179,0.013900,18.247000,0,141,2,143,0,0
8180,0.004000,15.684500,0,141,2,143,0,0
8181,1.207700,17.359600,1728,140,3,143,0,11
8182,0.003600,15.824000,0,140,3,143,0,0
8183,0.003800,16.721400,0,140,3,143,0,0
8184,0.003800,16.035700,0,140,3,143,0,0
8185,0.003300,17.328200,0,140,3,143,0,0
8186,0.003400,16.339000,0,140,3,143,0,0
8187,0.003400,17.329800,0,140,3,143,0,0
8188,0.003200,16.201500,0,140,3,143,0,0
8189,0.004100,18.660100,0,140,3,143,0,0
8190,0.004000,16.274200,0,140,3,143,0,0
8191,0.004400,16.166300,0,140,3,143,0,0
8192,0.003800,17.023800,0,140,3,143,0,0
8193,1.244200,16.665300,1728,139,4,143,0,11
8194,0.003200,16.571800,0,139,4,143,0,0
8195,0.004100,16.946400,0,139,4,143,0,0
8196,0.004900,16.576600,0,139,4,143,0,0
8197,0.003600,16.111600,0,139,4,143,0,0
8198,0.003300,17.011000,0,139,4,143,0,0
8199,0.005700,17.669500,0,139,4,143,0,0
8200,0.003900,15.759800,0,139,4,143,0,0
8201,0.004200,17.032000,0,139,4,143,0,0
8202,0.003400,16.313600,0,139,4,143,0,0
8203,0.004000,16.285700,0,139,4,143,0,0
8204,0.003500,17.159200,0,139,4,143,0,0
8205,1.607700,16.691700,1728,138,5,143,0,11
8206,0.003600,17.098800,0,138,5,143,0,0
8207,0.004000,16.371700,0,138,5,143,0,0
8208,0.003300,16.491900,0,138,5,143,0,0
8209,0.003700,16.167400,0,138,5,143,0,0
8210,0.003100,16.886100,0,138,5,143,0,0
8211,0.003300,17.012000,0,138,5,143,0,0
8212,0.003600,16.570100,0,138,5,143,0,0
8213,0.005200,16.719200,0,138,5,143,0,0
8214,0.003600,16.884900,0,138,5,143,0,0
8215,0.004700,15.896000,0,138,5,143,0,0
8216,0.003300,17.020000,0,138,5,143,0,0
8217,1.128700,16.980000,1728,137,6,143,0,11
8218,0.003800,16.459400,0,137,6,143,0,0
8219,0.015600,16.927500,0,137,6,143,0,0
8220,0.003800,16.399200,0,137,6,143,0,0
8221,0.004100,16.390800,0,137,6,143,0,0
8222,0.003100,16.974400,0,137,6,143,0,0
8223,0.003200,16.989800,0,137,6,143,0,0
8224,0.003300,16.237600,0,137,6,143,0,0
8225,0.003100,16.918300,0,137,6,143,0,0
8226,1.421500,16.572300,1782,143,0,143,0,11
8227,0.003400,16.073600,0,143,0,143,0,0
8228,0.002400,17.071400,0,143,0,143,0,0
8229,1.017800,18.021600,1734,143,0,143,0,11
8230,0.003200,15.357900,0,143,0,143,0,0
8231,0.003100,17.130500,0,143,0,143,0,0
8232,0.003400,16.148100,0,143,0,143,0,0
8233,0.005000,16.412800,0,143,0,143,0,0
8234,0.003100,17.160600,0,143,0,143,0,0
8235,0.003600,16.851400,0,143,0,143,0,0
8236,0.004000,16.683400,0,143,0,143,0,0
8237,0.003600,16.466700,0,143,0,143,0,0
8238,0.003400,16.621000,0,143,0,143,0,0
8239,0.003300,16.214400,0,143,0,143,0,0
8240,0.003700,17.270800,0,143,0,143,0,0
8241,1.400400,17.878500,1734,142,1,143,0,11
8242,0.003700,15.830900,0,142,1,143,0,0
8243,0.004800,16.682000,0,142,1,143,0,0
8244,0.003400,16.465200,0,142,1,143,0,0
8245,0.003900,16.321700,0,142,1,143,0,0
8246,0.003800,17.097600,0,142,1,143,0,0
8247,0.003900,16.828900,0,142,1,143,0,0
8248,0.003600,16.466800,0,142,1,143,0,0
8249,0.003300,16.717000,0,142,1,143,0,0
8250,0.004100,17.118400,0,142,1,143,0,0
8251,0.003300,15.857200,0,142,1,143,0,0
8252,0.003800,16.975000,0,142,1,143,0,0
8253,0.348500,16.432800,1734,141,2,143,0,11
8254,0.001800,16.612100,0,141,2,143,0,0
8255,0.001700,16.810400,0,141,2,143,0,0
8256,0.004000,17.428000,0,141,2,143,0,0
8257,0.004400,16.303600,0,141,2,143,0,0
8258,0.004700,17.129800,0,141,2,143,0,0
8259,0.002900,16.190000,0,141,2,143,0,0
8260,0.004100,16.885700,0,141,2,143,0,0
8261,0.003500,16.717400,0,141,2,143,0,0
8262,0.003300,16.838800,0,141,2,143,0,0
8263,0.004100,16.124100,0,141,2,143,0,0
8264,0.003900,16.949500,0,141,2,143,0,0
8265,0.887000,16.795000,1734,140,3,143,0,11
8266,0.003600,17.043300,0,140,3,143,0,0
8267,0.003200,16.301300,0,140,3,143,0,0
8268,0.005200,16.714900,0,140,3,143,0,0
8269,0.004700,16.165400,0,140,3,143,0,0
8270,0.004500,17.069600,0,140,3,143,0,0
8271,0.003800,16.871800,0,140,3,143,0,0
8272,0.004200,16.848200,0,140,3,143,0,0
8273,0.003500,16.711800,0,140,3,143,0,0
8274,0.005100,16.660000,0,140,3,143,0,0
8275,0.002800,15.951900,0,140,3,143,0,0
8276,0.004600,17.374400,0,140,3,143,0,0
8277,1.127600,16.764400,1734,139,4,143,0,11
8278,0.004400,16.546600,0,139,4,143,0,0
8279,0.003700,16.917900,0,139,4,143,0,0
8280,0.003700,16.227500,0,139,4,143,0,0
8281,0.022800,16.441200,0,139,4,143,0,0
8282,0.019600,17.066800,0,139,4,143,0,0
8283,0.003800,16.985300,0,139,4,143,0,0
8284,0.002900,16.850400,0,139,4,143,0,0
8285,0.003900,16.668100,0,139,4,143,0,0
8286,0.003400,16.681500,0,139,4,143,0,0
8287,0.003500,16.069500,0,139,4,143,0,0
8288,0.004400,17.530300,0,139,4,143,0,0
8289,1.017800,16.514200,1734,138,5,143,0,11
8290,0.002700,16.306300,0,138,5,143,0,0
8291,0.003800,16.824900,0,138,5,143,0,0
8292,0.004200,16.503900,0,138,5,143,0,0
8293,0.003600,16.340600,0,138,5,143,0,0
8294,0.003400,17.299700,0,138,5,143,0,0
8295,0.004000,16.707100,0,138,5,143,0,0
8296,1.190600,16.920800,1782,143,0,143,0,11
8297,0.004300,16.455700,0,143,0,143,0,0
8298,0.004500,16.875300,0,143,0,143,0,0
8299,0.004000,16.169600,0,143,0,143,0,0
8300,0.003500,17.182300,0,143,0,143,0,0
8301,1.053500,16.662600,1740,143,0,143,0,11
8302,0.003600,16.426000,0,143,0,143,0,0
8303,0.003200,16.889600,0,143,0,143,0,0
8304,0.003100,16.551600,0,143,0,143,0,0
8305,0.004100,16.112900,0,143,0,143,0,0
8306,0.003300,17.027600,0,143,0,143,0,0
8307,0.003400,16.889900,0,143,0,143,0,0
8308,0.004000,16.870400,0,143,0,143,0,0
8309,0.005400,16.703900,0,143,0,143,0,0
8310,0.002800,16.188200,0,143,0,143,0,0
8311,0.003300,16.285800,0,143,0,143,0,0
8312,0.001800,17.023800,0,143,0,143,0,0
8313,0.485700,16.519700,1740,142,1,143,0,11
8314,0.002500,16.659700,0,142,1,143,0,0
8315,0.002300,16.880600,0,142,1,143,0,0
8316,0.004000,16.865400,0,142,1,143,0,0
8317,0.003600,16.288200,0,142,1,143,0,0
8318,0.003900,17.195500,0,142,1,143,0,0
8319,0.004000,16.830600,0,142,1,143,0,0
8320,0.003300,16.618000,0,142,1,143,0,0
8321,0.002200,16.304800,0,142,1,143,0,0
8322,0.002200,16.427600,0,142,1,143,0,0
8323,0.003900,17.908300,0,142,1,143,0,0
8324,0.003200,15.963500,0,142,1,143,0,0
8325,0.969100,17.138700,1740,141,2,143,0,11
8326,0.003200,16.975200,0,141,2,143,0,0
8327,0.003400,16.309300,0,141,2,143,0,0
8328,0.002800,16.621300,0,141,2,143,0,0
8329,0.002000,16.442400,0,141,2,143,0,0
8330,0.002600,16.420200,0,141,2,143,0,0
8331,0.004200,17.268300,0,141,2,143,0,0
8332,0.004500,16.683900,0,141,2,143,0,0
8333,0.003000,18.527100,0,141,2,143,0,0
8334,0.001800,14.355800,0,141,2,143,0,0
8335,0.002100,16.672700,0,141,2,143,0,0
8336,0.003900,16.635100,0,141,2,143,0,0
8337,0.479600,16.949000,1740,140,3,143,0,11
8338,0.003200,16.577200,0,140,3,143,0,0
8339,0.002600,16.636000,0,140,3,143,0,0
8340,0.003400,17.185500,0,140,3,143,0,0
8341,0.003600,16.618500,0,140,3,143,0,0
8342,0.004000,16.127600,0,140,3,143,0,0
8343,0.003300,17.078200,0,140,3,143,0,0
8344,0.004400,16.541300,0,140,3,143,0,0
8345,0.004900,16.973900,0,140,3,143,0,0
8346,0.005100,16.716600,0,140,3,143,0,0
8347,0.004100,16.431300,0,140,3,143,0,0
8348,0.003500,16.216900,0,140,3,143,0,0
8349,1.455800,16.993200,1740,139,4,143,0,11
8350,0.003300,17.030100,0,139,4,143,0,0
8351,0.004700,16.567200,0,139,4,143,0,0
8352,0.004100,16.670100,0,139,4,143,0,0
8353,0.003500,16.594000,0,139,4,143,0,0
8354,0.003500,16.185800,0,139,4,143,0,0
8355,0.003300,16.975300,0,139,4,143,0,0
8356,0.003900,16.976000,0,139,4,143,0,0
8357,0.003500,16.319200,0,139,4,143,0,0
8358,0.004000,17.216800,0,139,4,143,0,0
8359,1.054100,16.405900,1782,143,0,143,0,11
8360,0.004500,16.293800,0,143,0,143,0,0
8361,1.418800,17.470000,1746,143,0,143,0,11
8362,0.003700,16.332400,0,143,0,143,0,0
8363,0.003500,16.798600,0,143,0,143,0,0
8364,0.003800,16.222700,0,143,0,143,0,0
8365,0.003500,16.867800,0,143,0,143,0,0
8366,0.004100,16.181900,0,143,0,143,0,0
8367,0.003500,17.241100,0,143,0,143,0,0
8368,0.006100,16.858500,0,143,0,143,0,0
8369,0.004000,16.784000,0,143,0,143,0,0
8370,0.003800,16.329700,0,143,0,143,0,0
8371,0.003400,16.722800,0,143,0,143,0,0
8372,0.004300,16.024200,0,143,0,143,0,0
8373,1.200600,17.385800,1746,142,1,143,0,11
8374,0.003900,16.273100,0,142,1,143,0,0
8375,0.003900,16.890600,0,142,1,143,0,0
8376,0.003600,16.792900,0,142,1,143,0,0
8377,0.003400,16.655700,0,142,1,143,0,0
8378,0.004200,16.168700,0,142,1,143,0,0
8379,0.003600,16.979100,0,142,1,143,0,0
8380,0.003800,16.644000,0,142,1,143,0,0
8381,0.004000,16.920500,0,142,1,143,0,0
8382,0.003300,16.696000,0,142,1,143,0,0
8383,0.003400,16.257900,0,142,1,143,0,0
8384,0.003700,16.348500,0,142,1,143,0,0
8385,1.036500,17.334900,1746,141,2,143,0,11
8386,0.004600,17.164100,0,141,2,143,0,0
8387,0.006600,16.187200,0,141,2,143,0,0
8388,0.004400,16.671800,0,141,2,143,0,0
8389,0.003700,16.438400,0,141,2,143,0,0
8390,0.004700,16.326700,0,141,2,143,0,0
8391,0.003900,17.249600,0,141,2,143,0,0
8392,0.004400,16.612900,0,141,2,143,0,0
8393,0.019300,16.995600,0,141,2,143,0,0
8394,0.003300,16.348800,0,141,2,143,0,0
8395,0.003400,16.481100,0,141,2,143,0,0
8396,0.003500,16.183800,0,141,2,143,0,0
8397,1.041000,17.116800,1746,140,3,143,0,11
8398,0.003300,16.694400,0,140,3,143,0,0
8399,0.003400,16.680900,0,140,3,143,0,0
8400,0.003900,16.717500,0,140,3,143,0,0
8401,0.004700,16.658000,0,140,3,143,0,0
8402,0.004400,16.392200,0,140,3,143,0,0
8403,0.003300,17.067100,0,140,3,143,0,0
8404,0.003700,16.475000,0,140,3,143,0,0
8405,0.003200,16.720200,0,140,3,143,0,0
8406,0.003700,16.830700,0,140,3,143,0,0
8407,0.003600,16.612700,0,140,3,143,0,0
8408,0.005300,16.334900,0,140,3,143,0,0
8409,1.065600,17.208600,1746,139,4,143,0,11
8410,0.003900,16.593800,0,139,4,143,0,0
8411,0.003800,16.809000,0,139,4,143,0,0
8412,0.003700,16.949500,0,139,4,143,0,0
8413,0.003100,16.374900,0,139,4,143,0,0
8414,0.003200,16.373600,0,139,4,143,0,0
8415,0.003600,17.324600,0,139,4,143,0,0
8416,0.003300,16.801400,0,139,4,143,0,0
8417,0.003400,16.990000,0,139,4,143,0,0
8418,0.003200,16.243900,0,139,4,143,0,0
8419,1.078100,16.726300,1782,143,0,143,0,11
8420,0.004100,16.080000,0,143,0,143,0,0
8421,1.016900,17.137300,1752,143,0,143,0,11
8422,0.003100,16.732100,0,143,0,143,0,0
8423,0.003900,16.983100,0,143,0,143,0,0
8424,0.003500,16.527900,0,143,0,143,0,0
8425,0.003400,17.004700,0,143,0,143,0,0
8426,0.004000,16.002200,0,143,0,143,0,0
8427,0.004300,17.337800,0,143,0,143,0,0
8428,0.004200,16.619400,0,143,0,143,0,0
8429,0.003400,17.054100,0,143,0,143,0,0
8430,0.003000,15.960100,0,143,0,143,0,0
8431,0.003900,16.729000,0,143,0,143,0,0
8432,0.003800,16.453400,0,143,0,143,0,0
8433,1.060100,17.235100,1752,142,1,143,0,11
8434,0.003000,16.660200,0,142,1,143,0,0
8435,0.003700,16.675000,0,142,1,143,0,0
8436,0.003900,16.589500,0,142,1,143,0,0
8437,0.003900,16.672000,0,142,1,143,0,0
8438,0.003300,16.237100,0,142,1,143,0,0
8439,0.003800,17.291500,0,142,1,143,0,0
8440,0.005000,16.953700,0,142,1,143,0,0
8441,0.003700,16.360600,0,142,1,143,0,0
8442,0.003300,16.636100,0,142,1,143,0,0
8443,0.003300,16.435600,0,142,1,143,0,0
8444,0.003200,16.355200,0,142,1,143,0,0
8445,1.039200,17.056900,1752,141,2,143,0,11
8446,0.003800,17.181300,0,141,2,143,0,0
8447,0.003900,16.548600,0,141,2,143,0,0
8448,0.004100,16.691100,0,141,2,143,0,0
8449,0.003300,16.357100,0,141,2,143,0,0
8450,0.003000,16.194800,0,141,2,143,0,0
8451,0.004400,17.300600,0,141,2,143,0,0
8452,0.003100,16.379700,0,141,2,143,0,0
8453,0.005800,16.743900,0,141,2,143,0,0
8454,0.003300,16.961000,0,141,2,143,0,0
8455,0.004900,16.958200,0,141,2,143,0,0
8456,0.003800,15.788700,0,141,2,143,0,0
8457,1.055800,17.261500,1752,140,3,143,0,11
8458,0.003400,16.778700,0,140,3,143,0,0
8459,0.003700,16.358800,0,140,3,143,0,0
8460,0.002100,16.310000,0,140,3,143,0,0
8461,0.002300,16.731700,0,140,3,143,0,0
8462,0.002700,16.457400,0,140,3,143,0,0
8463,0.004800,16.775700,0,140,3,143,0,0
8464,0.001800,16.811600,0,140,3,143,0,0
8465,0.005700,16.936900,0,140,3,143,0,0
8466,0.001900,16.535500,0,140,3,143,0,0
8467,0.002700,16.648000,0,140,3,143,0,0
8468,0.004000,16.664200,0,140,3,143,0,0
8469,1.020700,16.877600,1752,139,4,143,0,11
8470,0.003700,16.867700,0,139,4,143,0,0
8471,0.003100,16.619300,0,139,4,143,0,0
8472,0.003400,16.920900,0,139,4,143,0,0
8473,0.004200,16.803800,0,139,4,143,0,0
8474,0.003300,15.963400,0,139,4,143,0,0
8475,0.003400,17.217300,0,139,4,143,0,0
8476,0.003500,16.533900,0,139,4,143,0,0
8477,0.004000,16.885900,0,139,4,143,0,0
8478,0.003500,16.927000,0,139,4,143,0,0
8479,0.985500,16.357200,1782,143,0,143,0,11
8480,0.003900,16.334400,0,143,0,143,0,0
8481,1.063200,17.216200,1758,143,0,143,0,11
8482,0.003500,16.981200,0,143,0,143,0,0
8483,0.003300,16.399800,0,143,0,143,0,0
8484,0.003300,16.748700,0,143,0,143,0,0
8485,0.003500,16.694900,0,143,0,143,0,0
8486,0.004400,16.292800,0,143,0,143,0,0
8487,0.003900,17.006300,0,143,0,143,0,0
8488,0.003400,16.724500,0,143,0,143,0,0
8489,0.003400,16.958000,0,143,0,143,0,0
8490,0.004800,16.789000,0,143,0,143,0,0
8491,0.003600,16.680600,0,143,0,143,0,0
8492,0.004300,16.012100,0,143,0,143,0,0
8493,0.993900,16.957600,1758,142,1,143,0,11
8494,0.003600,17.153100,0,142,1,143,0,0
8495,0.001800,16.365100,0,142,1,143,0,0
8496,0.001700,16.638500,0,142,1,143,0,0
8497,0.001900,16.667400,0,142,1,143,0,0
8498,0.004200,16.888600,0,142,1,143,0,0
8499,0.002300,16.284900,0,142,1,143,0,0
8500,0.001700,16.815300,0,142,1,143,0,0
8501,0.001600,16.664200,0,142,1,143,0,0
8502,0.005800,16.935500,0,142,1,143,0,0
8503,0.001800,16.457600,0,142,1,143,0,0
8504,0.002900,16.792000,0,142,1,143,0,0
8505,0.359600,16.341700,1758,141,2,143,0,11
8506,0.001900,17.182600,0,141,2,143,0,0
8507,0.001900,16.415700,0,141,2,143,0,0
8508,0.002300,16.574600,0,141,2,143,0,0
8509,0.003300,17.284600,0,141,2,143,0,0
8510,0.003800,16.531400,0,141,2,143,0,0
8511,0.003500,16.261700,0,141,2,143,0,0
8512,0.004800,17.423400,0,141,2,143,0,0
8513,0.003700,16.537600,0,141,2,143,0,0
8514,0.003300,16.450100,0,141,2,143,0,0
8515,0.004700,16.757800,0,141,2,143,0,0
8516,1.247200,16.517800,1758,140,3,143,0,11
8517,0.003300,16.398800,0,140,3,143,0,0
8518,0.002500,16.855800,0,140,3,143,0,0
8519,0.001700,16.749900,0,140,3,143,0,0
8520,0.002300,16.663400,0,140,3,143,0,0
8521,0.001800,16.674700,0,140,3,143,0,0
8522,0.001900,16.716000,0,140,3,143,0,0
8523,0.002100,16.465200,0,140,3,143,0,0
8524,0.001700,16.878600,0,140,3,143,0,0
8525,0.001800,16.713200,0,140,3,143,0,0
8526,0.001700,16.655100,0,140,3,143,0,0
8527,0.001600,16.747100,0,140,3,143,0,0
8528,0.329300,16.534200,1758,139,4,143,0,11
8529,0.003400,16.655900,0,139,4,143,0,0
8530,0.001700,16.736900,0,139,4,143,0,0
8531,0.002400,16.728000,0,139,4,143,0,0
8532,0.002000,16.676300,0,139,4,143,0,0
8533,0.002300,16.616600,0,139,4,143,0,0
8534,0.001800,16.704500,0,139,4,143,0,0
8535,0.002000,16.403800,0,139,4,143,0,0
8536,0.002300,16.923500,0,139,4,143,0,0
8537,0.001800,16.748800,0,139,4,143,0,0
8538,0.001700,16.607700,0,139,4,143,0,0
8539,0.001800,16.706200,0,139,4,143,0,0
8540,0.350600,16.635400,1758,138,5,143,0,11
8541,0.002500,16.389100,0,138,5,143,0,0
8542,0.319500,16.902400,1782,143,0,143,0,11
8543,0.001800,16.737600,0,143,0,143,0,0
8544,0.002400,16.742300,0,143,0,143,0,0
8545,0.001800,16.541100,0,143,0,143,0,0
8546,0.002000,16.702600,0,143,0,143,0,0
8547,0.002500,16.383300,0,143,0,143,0,0
8548,0.001700,16.934600,0,143,0,143,0,0
8549,0.001800,16.594600,0,143,0,143,0,0
8550,0.002300,16.657500,0,143,0,143,0,0
8551,0.002300,16.627800,0,143,0,143,0,0
8552,0.389800,16.750200,1764,143,0,143,0,11
8553,0.001700,16.435300,0,143,0,143,0,0
8554,0.002000,17.036100,0,143,0,143,0,0
8555,0.002700,17.230500,0,143,0,143,0,0
8556,0.001900,16.472100,0,143,0,143,0,0
8557,0.001800,16.560100,0,143,0,143,0,0
8558,0.002900,17.105200,0,143,0,143,0,0
8559,0.003600,16.173400,0,143,0,143,0,0
8560,0.001900,16.792700,0,143,0,143,0,0
8561,0.002200,16.694700,0,143,0,143,0,0
8562,0.003100,16.917000,0,143,0,143,0,0
8563,0.003900,16.852400,0,143,0,143,0,0
8564,0.932100,16.743200,1764,142,1,143,0,11
8565,0.001800,16.182900,0,142,1,143,0,0
8566,0.003200,17.346100,0,142,1,143,0,0
8567,0.002200,16.379200,0,142,1,143,0,0
8568,0.003300,16.799100,0,142,1,143,0,0
8569,0.003700,16.949300,0,142,1,143,0,0
8570,0.003400,16.517700,0,142,1,143,0,0
8571,0.003600,16.332700,0,142,1,143,0,0
8572,0.003500,16.898300,0,142,1,143,0,0
8573,0.004200,17.783700,0,142,1,143,0,0
8574,0.002800,16.026100,0,142,1,143,0,0
8575,0.001900,16.484900,0,142,1,143,0,0
8576,0.340000,16.481700,1764,141,2,143,0,11
8577,0.001800,16.511900,0,141,2,143,0,0
8578,0.002700,17.116700,0,141,2,143,0,0
8579,0.003000,16.797500,0,141,2,143,0,0
8580,0.003000,16.789800,0,141,2,143,0,0
8581,0.001700,16.279300,0,141,2,143,0,0
8582,0.003900,16.961500,0,141,2,143,0,0
8583,0.002300,16.162200,0,141,2,143,0,0
8584,0.002200,16.949800,0,141,2,143,0,0
8585,0.003000,16.643100,0,141,2,143,0,0
8586,0.002300,16.655800,0,141,2,143,0,0
8587,0.002800,16.796100,0,141,2,143,0,0
8588,0.526100,16.492500,1764,140,3,143,0,11
8589,0.002700,16.515900,0,140,3,143,0,0
8590,0.002200,16.908000,0,140,3,143,0,0
8591,0.003000,16.675600,0,140,3,143,0,0
8592,0.001800,16.804300,0,140,3,143,0,0
8593,0.003400,16.694600,0,140,3,143,0,0
8594,0.003500,16.883900,0,140,3,143,0,0
8595,0.003500,16.169500,0,140,3,143,0,0
8596,0.003400,17.239400,0,140,3,143,0,0
8597,0.003800,16.494400,0,140,3,143,0,0
8598,0.004300,16.918600,0,140,3,143,0,0
8599,0.004500,18.703700,0,140,3,143,0,0
8600,0.713600,14.147800,1764,139,4,143,0,11
8601,0.003500,16.437800,0,139,4,143,0,0
8602,0.003300,17.330500,0,139,4,143,0,0
8603,0.003100,16.348400,0,139,4,143,0,0
8604,0.004800,16.863300,0,139,4,143,0,0
8605,0.004500,16.937400,0,139,4,143,0,0
8606,0.003600,16.534300,0,139,4,143,0,0
8607,0.004000,16.187000,0,139,4,143,0,0
8608,0.005500,17.681200,0,139,4,143,0,0
8609,0.004500,16.801400,0,139,4,143,0,0
8610,0.004500,16.269700,0,139,4,143,0,0
8611,0.003500,16.310300,0,139,4,143,0,0
8612,0.579300,16.255000,3390,142,1,143,0,21
8613,0.002000,16.556800,0,142,1,143,0,0
8614,0.001900,17.013700,0,142,1,143,0,0
8615,0.001800,16.442300,0,142,1,143,0,0
8616,0.001700,16.723200,0,142,1,143,0,0
8617,0.003500,17.148100,0,142,1,143,0,0
8618,0.003700,16.839700,0,142,1,143,0,0
8619,0.003600,16.496200,0,142,1,143,0,0
8620,0.002700,16.437600,0,142,1,143,0,0
8621,0.002100,16.583000,0,142,1,143,0,0
8622,0.001900,16.436800,0,142,1,143,0,0
8623,0.001700,16.649900,0,142,1,143,0,0
8624,0.328600,16.706600,1770,142,1,143,0,11
8625,0.001800,16.492300,0,142,1,143,0,0
8626,0.001800,17.327600,0,142,1,143,0,0
8627,0.001900,16.210000,0,142,1,143,0,0
8628,0.001700,16.588500,0,142,1,143,0,0
8629,0.001600,16.678600,0,142,1,143,0,0
8630,0.001600,16.678600,0,142,1,143,0,0
8631,0.001800,16.519500,0,142,1,143,0,0
8632,0.003500,17.126700,0,142,1,143,0,0
8633,0.002400,16.783000,0,142,1,143,0,0
8634,0.001800,16.483600,0,142,1,143,0,0
8635,0.001900,16.713500,0,142,1,143,0,0
8636,0.350000,16.550000,1770,141,2,143,0,11
8637,0.001900,16.514300,0,141,2,143,0,0
8638,0.001900,16.880900,0,141,2,143,0,0
8639,0.002400,16.702400,0,141,2,143,0,0
8640,0.001700,16.627500,0,141,2,143,0,0
8641,0.001700,16.684600,0,141,2,143,0,0
8642,0.001600,16.640400,0,141,2,143,0,0
8643,0.002000,16.465800,0,141,2,143,0,0
8644,0.001700,16.892200,0,141,2,143,0,0
8645,0.002600,16.847400,0,141,2,143,0,0
8646,0.003000,16.957200,0,141,2,143,0,0
8647,0.003300,16.896400,0,141,2,143,0,0
8648,1.277900,16.574300,1770,140,3,143,0,11
8649,0.003200,15.986800,0,140,3,143,0,0
8650,0.004800,17.386300,0,140,3,143,0,0
8651,0.001800,16.075800,0,140,3,143,0,0
8652,0.003900,17.062500,0,140,3,143,0,0
8653,0.003200,16.477300,0,140,3,143,0,0
8654,0.003900,16.932700,0,140,3,143,0,0
8655,0.003400,16.177100,0,140,3,143,0,0
8656,0.002600,17.037200,0,140,3,143,0,0
8657,0.002300,16.392400,0,140,3,143,0,0
8658,0.003300,17.004700,0,140,3,143,0,0
8659,0.003500,16.521600,0,140,3,143,0,0
8660,1.349100,16.948600,1770,139,4,143,0,11
8661,0.003200,16.169200,0,139,4,143,0,0
8662,0.004800,17.352200,0,139,4,143,0,0
8663,0.002700,16.213400,0,139,4,143,0,0
8664,0.002000,16.452800,0,139,4,143,0,0
8665,0.002400,16.706100,0,139,4,143,0,0
8666,0.001800,16.612600,0,139,4,143,0,0
8667,0.002100,16.536400,0,139,4,143,0,0
8668,0.002000,16.857900,0,139,4,143,0,0
8669,0.002300,16.657600,0,139,4,143,0,0
8670,0.001900,16.733300,0,139,4,143,0,0
8671,0.001900,16.737300,0,139,4,143,0,0
8672,0.431200,16.638500,1770,138,5,143,0,11
8673,0.002400,16.388000,0,138,5,143,0,0
8674,0.004000,17.412100,0,138,5,143,0,0
8675,0.004700,16.825200,0,138,5,143,0,0
8676,0.004400,17.365600,0,138,5,143,0,0
8677,0.003600,16.634600,0,138,5,143,0,0
8678,0.003900,16.736000,0,138,5,143,0,0
8679,0.006200,16.811200,0,138,5,143,0,0
8680,0.004800,16.025000,0,138,5,143,0,0
8681,0.003300,17.186900,0,138,5,143,0,0
8682,0.002500,16.407000,0,138,5,143,0,0
8683,0.004200,17.101600,0,138,5,143,0,0
8684,1.120600,16.477500,1770,137,6,143,0,11
8685,0.004100,17.014300,0,137,6,143,0,0
8686,0.004200,16.679100,0,137,6,143,0,0
8687,0.003000,16.301500,0,137,6,143,0,0
8688,0.003800,16.646200,0,137,6,143,0,0
8689,0.003300,16.810600,0,137,6,143,0,0
8690,0.003600,16.484200,0,137,6,143,0,0
8691,0.003600,16.752400,0,137,6,143,0,0
8692,0.004100,16.215400,0,137,6,143,0,0
8693,0.010200,17.163700,0,137,6,143,0,0
8694,0.003800,16.546900,0,137,6,143,0,0
8695,0.003300,16.888200,0,137,6,143,0,0
8696,1.204100,16.649900,1770,136,7,143,0,11
8697,1.320700,16.637800,1848,143,0,143,0,11
8698,0.003800,16.285200,0,143,0,143,0,0
8699,0.003600,17.012600,0,143,0,143,0,0
8700,0.003900,16.693500,0,143,0,143,0,0
8701,0.002700,16.140200,0,143,0,143,0,0
8702,0.002700,16.673100,0,143,0,143,0,0
8703,0.003000,16.733300,0,143,0,143,0,0
8704,0.003400,16.517000,0,143,0,143,0,0
8705,0.003600,17.178000,0,143,0,143,0,0
8706,0.003300,16.784000,0,143,0,143,0,0
8707,0.002300,16.334000,0,143,0,143,0,0
8708,0.509600,16.576100,1782,143,0,143,0,11
8709,0.005300,17.287400,0,143,0,143,0,0
8710,0.004700,15.998700,0,143,0,143,0,0
8711,0.003600,17.703000,0,143,0,143,0,0
8712,0.003800,16.182000,0,143,0,143,0,0
8713,0.002500,16.297200,0,143,0,143,0,0
8714,0.002100,16.718000,0,143,0,143,0,0
8715,0.004400,17.030700,0,143,0,143,0,0
8716,0.003400,15.945400,0,143,0,143,0,0
8717,0.002800,16.877900,0,143,0,143,0,0
8718,0.004300,17.230200,0,143,0,143,0,0
8719,0.004500,16.646500,0,143,0,143,0,0
8720,1.262200,16.672300,1782,142,1,143,0,11
8721,0.004900,16.652900,0,142,1,143,0,0
8722,0.003900,16.035400,0,142,1,143,0,0
8723,0.004600,17.370300,0,142,1,143,0,0
8724,0.003800,16.514600,0,142,1,143,0,0
8725,0.003300,16.699500,0,142,1,143,0,0
8726,0.004100,16.622000,0,142,1,143,0,0
8727,0.003800,16.623000,0,142,1,143,0,0
8728,0.004900,16.335000,0,142,1,143,0,0
8729,0.003600,17.133600,0,142,1,143,0,0
8730,0.003300,16.652300,0,142,1,143,0,0
8731,0.003100,16.718800,0,142,1,143,0,0
8732,1.015400,16.836000,1782,141,2,143,0,11
8733,0.003400,16.576300,0,141,2,143,0,0
8734,0.003800,16.163800,0,141,2,143,0,0
8735,0.005100,17.414100,0,141,2,143,0,0
8736,0.003800,16.648000,0,141,2,143,0,0
8737,0.003900,16.644400,0,141,2,143,0,0
8738,0.004100,16.618000,0,141,2,143,0,0
8739,0.003900,16.674400,0,141,2,143,0,0
8740,0.004500,16.161200,0,141,2,143,0,0
8741,0.004000,17.230700,0,141,2,143,0,0
8742,0.003500,16.588300,0,141,2,143,0,0
8743,0.004000,16.767200,0,141,2,143,0,0
8744,1.044100,16.561200,1782,140,3,143,0,11
8745,0.004100,16.802500,0,140,3,143,0,0
8746,0.003600,16.496000,0,140,3,143,0,0
8747,0.004900,16.783600,0,140,3,143,0,0
8748,0.003600,16.595400,0,140,3,143,0,0
8749,0.003400,16.761500,0,140,3,143,0,0
8750,0.004600,16.765200,0,140,3,143,0,0
8751,0.003900,16.447000,0,140,3,143,0,0
8752,0.003600,16.105800,0,140,3,143,0,0
8753,0.003700,17.236300,0,140,3,143,0,0
8754,0.003300,16.546600,0,140,3,143,0,0
8755,0.003400,16.822200,0,140,3,143,0,0
8756,1.027900,16.674500,1782,139,4,143,0,11
8757,0.003300,16.581500,0,139,4,143,0,0
8758,0.004100,16.241100,0,139,4,143,0,0
8759,0.004700,17.182800,0,139,4,143,0,0
8760,0.003800,17.057200,0,139,4,143,0,0
8761,0.004100,16.539700,0,139,4,143,0,0
8762,0.003300,16.231200,0,139,4,143,0,0
8763,0.003400,17.033500,0,139,4,143,0,0
8764,0.003600,15.891900,0,139,4,143,0,0
8765,0.003400,17.131700,0,139,4,143,0,0
8766,0.004200,16.866200,0,139,4,143,0,0
8767,0.003800,16.533300,0,139,4,143,0,0
8768,1.197700,16.910600,1782,138,5,143,0,11
8769,0.003200,16.265500,0,138,5,143,0,0
8770,0.003300,16.252200,0,138,5,143,0,0
8771,0.002700,17.153100,0,138,5,143,0,0
8772,0.004800,16.841700,0,138,5,143,0,0
8773,0.003400,16.701200,0,138,5,143,0,0
8774,0.003200,16.632000,0,138,5,143,0,0
8775,0.005000,16.628900,0,138,5,143,0,0
8776,0.004500,16.215100,0,138,5,143,0,0
8777,0.003500,17.117200,0,138,5,143,0,0
8778,0.003700,16.491300,0,138,5,143,0,0
8779,0.003500,16.847300,0,138,5,143,0,0
8780,1.032100,16.377500,1782,137,6,143,0,11
8781,0.003800,16.925500,0,137,6,143,0,0
8782,0.005000,16.217200,0,137,6,143,0,0
8783,0.003300,17.246300,0,137,6,143,0,0
8784,0.003500,16.603600,0,137,6,143,0,0
8785,0.003600,16.669300,0,137,6,143,0,0
8786,0.004900,16.896200,0,137,6,143,0,0
8787,0.003100,16.125700,0,137,6,143,0,0
8788,0.004000,16.642700,0,137,6,143,0,0
8789,0.003800,16.837300,0,137,6,143,0,0
8790,0.003300,16.887600,0,137,6,143,0,0
8791,0.004500,16.777200,0,137,6,143,0,0
8792,0.987600,16.328200,1782,136,7,143,0,11
8793,0.003500,17.027600,0,136,7,143,0,0
8794,0.004900,16.006100,0,136,7,143,0,0
8795,0.004400,17.489600,0,136,7,143,0,0
8796,0.003600,16.415900,0,136,7,143,0,0
8797,0.004500,16.702700,0,136,7,143,0,0
8798,0.004500,16.377300,0,136,7,143,0,0
8799,0.002700,16.513100,0,136,7,143,0,0
8800,0.005200,16.658800,0,136,7,143,0,0
8801,0.002000,16.880800,0,136,7,143,0,0
8802,0.002800,16.718300,0,136,7,143,0,0
8803,0.002800,16.830300,0,136,7,143,0,0
8804,0.545300,16.495900,1782,135,8,143,0,11
8805,0.002000,16.650300,0,135,8,143,0,0
8806,0.001800,16.399300,0,135,8,143,0,0
8807,0.002300,16.741800,0,135,8,143,0,0
8808,0.002800,16.919600,0,135,8,143,0,0
8809,0.001800,16.440800,0,135,8,143,0,0
8810,0.005700,17.285700,0,135,8,143,0,0
8811,0.002400,16.126100,0,135,8,143,0,0
8812,0.005100,16.722200,0,135,8,143,0,0
8813,0.006700,19.491300,0,135,8,143,0,0
8814,0.003600,15.200000,0,135,8,143,0,0
8815,0.002700,16.515700,0,135,8,143,0,0
8816,0.619400,16.526500,1782,134,9,143,0,11
8817,0.003700,16.695800,0,134,9,143,0,0
8818,0.005600,16.457600,0,134,9,143,0,0
8819,0.001900,16.705400,0,134,9,143,0,0
8820,0.002500,16.904900,0,134,9,143,0,0
8821,0.001800,16.328900,0,134,9,143,0,0
8822,0.003400,16.937600,0,134,9,143,0,0
8823,0.001900,16.581500,0,134,9,143,0,0
8824,0.002600,16.348400,0,134,9,143,0,0
8825,0.002200,17.049200,0,134,9,143,0,0
8826,0.001700,16.594800,0,134,9,143,0,0
8827,0.001900,16.563000,0,134,9,143,0,0
8828,0.632900,18.499100,1782,133,10,143,0,11
8829,0.015000,15.268000,0,133,10,143,0,0
8830,0.002400,16.139700,0,133,10,143,0,0
8831,0.001800,16.852600,0,133,10,143,0,0
8832,0.020300,17.200200,0,133,10,143,0,0
8833,0.002600,16.187700,0,133,10,143,0,0
8834,0.002600,16.702700,0,133,10,143,0,0
8835,0.001800,16.484900,0,133,10,143,0,0
8836,0.002000,16.541100,0,133,10,143,0,0
8837,0.001900,16.752100,0,133,10,143,0,0
8838,0.003900,19.362200,0,133,10,143,0,0
8839,0.003000,14.393200,0,133,10,143,0,0
8840,0.423200,16.595700,1782,132,11,143,0,11
8841,0.018000,16.644700,0,132,11,143,0,0
8842,0.012100,18.263800,0,132,11,143,0,0
8843,0.013500,15.818100,0,132,11,143,0,0
8844,0.017700,17.036400,0,132,11,143,0,0
8845,0.002300,15.434000,0,132,11,143,0,0
8846,0.002700,16.847500,0,132,11,143,0,0
8847,0.001800,16.741000,0,132,11,143,0,0
8848,0.002700,18.049100,0,132,11,143,0,0
8849,0.001900,15.282700,0,132,11,143,0,0
8850,0.002900,18.800200,0,132,11,143,0,0
8851,0.001900,14.636800,0,132,11,143,0,0
8852,1.286400,18.199000,1782,132,11,143,0,11
8853,0.002800,17.082900,0,132,11,143,0,0
8854,0.004400,14.641200,0,132,11,143,0,0
8855,0.020000,16.995800,0,132,11,143,0,0
8856,0.002000,16.460000,0,132,11,143,0,0
8857,0.001800,16.547500,0,132,11,143,0,0
8858,0.002300,18.747300,0,132,11,143,0,0
8859,0.002500,16.451000,0,132,11,143,0,0
8860,0.002200,16.461700,0,132,11,143,0,0
8861,0.002000,15.163900,0,132,11,143,0,0
8862,0.004300,19.131800,0,132,11,143,0,0
8863,0.001900,14.375900,0,132,11,143,0,0
8864,0.611900,16.990800,1782,132,11,143,0,11
8865,0.002700,16.350800,0,132,11,143,0,0
8866,0.002800,16.653500,0,132,11,143,0,0
8867,0.001900,16.491500,0,132,11,143,0,0
8868,0.002600,17.034800,0,132,11,143,0,0
8869,0.002700,16.298000,0,132,11,143,0,0
8870,0.003200,16.912300,0,132,11,143,0,0
8871,0.002500,16.540600,0,132,11,143,0,0
8872,0.004200,16.779900,0,132,11,143,0,0
8873,0.002400,16.758200,0,132,11,143,0,0
8874,0.001900,16.377000,0,132,11,143,0,0
8875,0.001700,16.812200,0,132,11,143,0,0
8876,0.363700,17.091900,1782,132,11,143,0,11
8877,0.003100,16.827300,0,132,11,143,0,0
8878,0.004600,16.138600,0,132,11,143,0,0
8879,0.001900,16.698300,0,132,11,143,0,0
8880,0.024100,17.258500,0,132,11,143,0,0
8881,0.002000,16.221100,0,132,11,143,0,0
8882,0.002000,18.897100,0,132,11,143,0,0
8883,0.002500,14.293400,0,132,11,143,0,0
8884,0.002300,16.361400,0,132,11,143,0,0
8885,0.003800,17.048300,0,132,11,143,0,0
8886,0.002000,16.589200,0,132,11,143,0,0
8887,0.002300,16.557700,0,132,11,143,0,0
8888,0.444500,16.886600,1782,132,11,143,0,11
8889,0.001900,16.655100,0,132,11,143,0,0
8890,0.002600,16.481600,0,132,11,143,0,0
8891,0.004300,17.112700,0,132,11,143,0,0
8892,0.001800,16.249400,0,132,11,143,0,0
8893,0.010200,17.456700,0,132,11,143,0,0
8894,0.006300,17.622600,0,132,11,143,0,0
8895,0.009000,17.466100,0,132,11,143,0,0
8896,0.002000,15.520200,0,132,11,143,0,0
8897,0.004600,16.700800,0,132,11,143,0,0
8898,0.002200,16.735400,0,132,11,143,0,0
8899,0.001900,16.515200,0,132,11,143,0,0
8900,0.335300,16.629800,1782,132,11,143,0,11
8901,0.002000,16.750800,0,132,11,143,0,0
8902,0.002500,16.785200,0,132,11,143,0,0
8903,0.003800,16.610900,0,132,11,143,0,0
8904,0.002600,16.809600,0,132,11,143,0,0
8905,0.004400,17.181600,0,132,11,143,0,0
8906,0.002100,16.022300,0,132,11,143,0,0
8907,0.001800,16.567000,0,132,11,143,0,0
8908,0.002000,16.694100,0,132,11,143,0,0
8909,0.002800,16.555300,0,132,11,143,0,0
8910,0.001900,16.779300,0,132,11,143,0,0
8911,0.003000,16.600900,0,132,11,143,0,0
8912,0.332700,16.662800,1782,132,11,143,0,11
8913,0.002500,16.706800,0,132,11,143,0,0
8914,0.002400,16.732500,0,132,11,143,0,0
8915,0.002400,16.500200,0,132,11,143,0,0
8916,0.002100,16.772000,0,132,11,143,0,0
8917,0.001800,16.693800,0,132,11,143,0,0
8918,0.002100,16.648600,0,132,11,143,0,0
8919,0.001900,16.685700,0,132,11,143,0,0
8920,0.002300,16.690300,0,132,11,143,0,0
8921,0.002800,16.511500,0,132,11,143,0,0
8922,0.002600,16.847000,0,132,11,143,0,0
8923,0.001900,16.578100,0,132,11,143,0,0
8924,0.354900,16.704700,1782,132,11,143,0,11
8925,0.002500,16.649900,0,132,11,143,0,0
8926,0.002600,16.986200,0,132,11,143,0,0
8927,0.002800,16.190800,0,132,11,143,0,0
8928,0.002500,16.842800,0,132,11,143,0,0
8929,0.002400,16.577900,0,132,11,143,0,0
8930,0.003000,17.404800,0,132,11,143,0,0
8931,0.002400,16.271400,0,132,11,143,0,0
8932,0.002300,16.647600,0,132,11,143,0,0
8933,0.002000,16.547200,0,132,11,143,0,0
8934,0.001700,16.781700,0,132,11,143,0,0
8935,0.002200,16.776200,0,132,11,143,0,0
8936,0.345600,16.760400,1782,132,11,143,0,11
8937,0.002500,16.487700,0,132,11,143,0,0
8938,0.001800,16.671600,0,132,11,143,0,0
8939,0.002100,16.520500,0,132,11,143,0,0
8940,0.002400,16.962400,0,132,11,143,0,0
8941,0.002700,16.704300,0,132,11,143,0,0
8942,0.007200,18.583600,0,132,11,143,0,0
8943,0.002500,15.181500,0,132,11,143,0,0
8944,0.003900,18.472900,0,132,11,143,0,0
8945,0.002600,14.081500,0,132,11,143,0,0
8946,0.002500,16.898300,0,132,11,143,0,0
8947,0.002700,16.673200,0,132,11,143,0,0
8948,0.758700,17.608600,1782,132,11,143,0,11
8949,0.002800,15.865500,0,132,11,143,0,0
8950,0.002900,16.705600,0,132,11,143,0,0
8951,0.002300,16.338800,0,132,11,143,0,0
8952,0.003600,18.150200,0,132,11,143,0,0
8953,0.002600,15.327000,0,132,11,143,0,0
8954,0.002000,16.744700,0,132,11,143,0,0
8955,0.008000,17.168100,0,132,11,143,0,0
8956,0.002900,18.221900,0,132,11,143,0,0
8957,0.003700,16.800700,0,132,11,143,0,0
8958,0.001700,16.077700,0,132,11,143,0,0
8959,0.002200,16.903900,0,132,11,143,0,0
8960,0.994600,16.954100,1782,132,11,143,0,11
8961,0.003400,16.955400,0,132,11,143,0,0
8962,0.003800,16.545800,0,132,11,143,0,0
8963,0.003900,16.558700,0,132,11,143,0,0
8964,0.004000,16.264500,0,132,11,143,0,0
8965,0.003500,17.067600,0,132,11,143,0,0
8966,0.004800,17.080100,0,132,11,143,0,0
8967,0.005200,16.515000,0,132,11,143,0,0
8968,0.004600,17.129600,0,132,11,143,0,0
8969,0.004100,16.761500,0,132,11,143,0,0
8970,0.004200,15.766000,0,132,11,143,0,0
8971,0.003300,17.097500,0,132,11,143,0,0
8972,1.024400,16.661400,1782,132,11,143,0,11
8973,0.003300,16.675800,0,132,11,143,0,0
8974,0.003800,16.843600,0,132,11,143,0,0
8975,0.003500,16.750500,0,132,11,143,0,0
8976,0.003600,16.049000,0,132,11,143,0,0
8977,0.003400,17.300600,0,132,11,143,0,0
8978,0.003600,16.780200,0,132,11,143,0,0
8979,0.004100,16.653100,0,132,11,143,0,0
8980,0.003800,16.673300,0,132,11,143,0,0
8981,0.003400,16.972500,0,132,11,143,0,0
8982,0.003200,15.509800,0,132,11,143,0,0
8983,0.002900,17.057900,0,132,11,143,0,0
8984,0.345700,16.555200,1782,132,11,143,0,11
8985,0.002000,16.612000,0,132,11,143,0,0
8986,0.003200,17.385500,0,132,11,143,0,0
8987,0.003400,16.306100,0,132,11,143,0,0
8988,0.002600,16.082700,0,132,11,143,0,0
8989,0.003400,17.620900,0,132,11,143,0,0
8990,0.002300,16.013900,0,132,11,143,0,0
8991,0.002500,16.597800,0,132,11,143,0,0
8992,0.003800,16.946000,0,132,11,143,0,0
8993,0.001900,16.311100,0,132,11,143,0,0
8994,0.001900,16.533600,0,132,11,143,0,0
8995,0.002600,16.838200,0,132,11,143,0,0
8996,0.456100,16.802100,1782,132,11,143,0,11
8997,0.001800,16.479800,0,132,11,143,0,0
8998,0.003100,16.861500,0,132,11,143,0,0
8999,0.002000,16.511000,0,132,11,143,0,0
9000,0.002500,16.498700,0,132,11,143,0,0
9001,0.001700,16.879400,0,132,11,143,0,0
9002,0.001800,16.835800,0,132,11,143,0,0
9003,0.002600,16.654700,0,132,11,143,0,0
9004,0.002000,16.556100,0,132,11,143,0,0
9005,0.003600,16.967900,0,132,11,143,0,0
9006,0.001800,16.201900,0,132,11,143,0,0
9007,0.001800,16.851300,0,132,11,143,0,0
9008,0.380300,16.673300,1782,132,11,143,0,11
9009,0.001900,16.639700,0,132,11,143,0,0
9010,0.002100,16.858700,0,132,11,143,0,0
9011,0.002500,16.644700,0,132,11,143,0,0
9012,0.003700,16.716800,0,132,11,143,0,0
9013,0.002400,16.511500,0,132,11,143,0,0
9014,0.001700,16.629600,0,132,11,143,0,0
9015,0.002700,16.757500,0,132,11,143,0,0
9016,0.002500,16.925000,0,132,11,143,0,0
9017,0.002300,16.331200,0,132,11,143,0,0
9018,0.002100,16.449700,0,132,11,143,0,0
9019,0.020600,17.376800,0,132,11,143,0,0
9020,0.368100,16.251600,1782,132,11,143,0,11
9021,0.003200,17.006800,0,132,11,143,0,0
9022,0.001700,16.421000,0,132,11,143,0,0
9023,0.001700,16.705100,0,132,11,143,0,0
9024,0.002400,16.380400,0,132,11,143,0,0
9025,0.002000,16.847700,0,132,11,143,0,0
9026,0.002100,16.713800,0,132,11,143,0,0
9027,0.002800,16.675700,0,132,11,143,0,0
9028,0.002000,16.607500,0,132,11,143,0,0
9029,0.001800,16.653600,0,132,11,143,0,0
9030,0.001900,16.529700,0,132,11,143,0,0
9031,0.001900,16.847600,0,132,11,143,0,0
9032,0.340100,16.791200,1782,132,11,143,0,11
9033,0.002600,16.677700,0,132,11,143,0,0
9034,0.002400,16.481900,0,132,11,143,0,0
9035,0.002000,16.691800,0,132,11,143,0,0
9036,0.002200,16.497500,0,132,11,143,0,0
9037,0.001900,16.812300,0,132,11,143,0,0
9038,0.001700,16.685800,0,132,11,143,0,0
9039,0.002800,16.692000,0,132,11,143,0,0
9040,0.002000,16.657400,0,132,11,143,0,0
9041,0.002300,16.793100,0,132,11,143,0,0
9042,0.002500,16.352300,0,132,11,143,0,0
9043,0.001900,16.900300,0,132,11,143,0,0
9044,0.344500,16.735700,1782,132,11,143,0,11
9045,0.001700,16.534800,0,132,11,143,0,0
9046,0.002600,17.078100,0,132,11,143,0,0
9047,0.001700,16.317200,0,132,11,143,0,0
9048,0.001800,16.433400,0,132,11,143,0,0
9049,0.001700,16.862200,0,132,11,143,0,0
9050,0.001900,16.713100,0,132,11,143,0,0
9051,0.002300,16.655200,0,132,11,143,0,0
9052,0.001900,16.672500,0,132,11,143,0,0
9053,0.001700,16.600000,0,132,11,143,0,0
9054,0.001900,16.498900,0,132,11,143,0,0
9055,0.002700,16.932600,0,132,11,143,0,0
9056,0.374400,16.611700,1782,132,11,143,0,11
9057,0.001600,16.636900,0,132,11,143,0,0
9058,0.002000,16.885300,0,132,11,143,0,0
9059,0.002900,16.724000,0,132,11,143,0,0
9060,0.002300,16.281200,0,132,11,143,0,0
9061,0.002200,16.829900,0,132,11,143,0,0
9062,0.002300,16.646300,0,132,11,143,0,0
9063,0.001900,16.714900,0,132,11,143,0,0
9064,0.001700,16.617000,0,132,11,143,0,0
9065,0.001600,16.697000,0,132,11,143,0,0
9066,0.001800,16.470200,0,132,11,143,0,0
9067,0.002400,16.892100,0,132,11,143,0,0
9068,0.315800,16.672700,1782,132,11,143,0,11
9069,0.001700,16.645700,0,132,11,143,0,0
9070,0.005800,16.814000,0,132,11,143,0,0
9071,0.001900,16.548100,0,132,11,143,0,0
9072,0.002100,16.461000,0,132,11,143,0,0
9073,0.001700,16.928400,0,132,11,143,0,0
9074,0.001800,16.575000,0,132,11,143,0,0
9075,0.001700,16.773500,0,132,11,143,0,0
9076,0.002000,16.641200,0,132,11,143,0,0
9077,0.001700,16.608700,0,132,11,143,0,0
9078,0.002600,16.461100,0,132,11,143,0,0
9079,0.001700,16.861500,0,132,11,143,0,0
9080,0.831600,16.897000,1782,132,11,143,0,11
9081,0.003500,16.811700,0,132,11,143,0,0
9082,1.028000,16.576000,1716,143,0,143,0,11
9083,0.003600,16.979000,0,143,0,143,0,0
9084,0.003200,16.076500,0,143,0,143,0,0
9085,0.001900,16.674400,0,143,0,143,0,0
9086,0.001800,16.732800,0,143,0,143,0,0
9087,0.001800,16.624900,0,143,0,143,0,0
9088,0.002400,16.712000,0,143,0,143,0,0
9089,0.001800,16.550300,0,143,0,143,0,0
9090,0.002400,16.507200,0,143,0,143,0,0
9091,0.002900,17.054100,0,143,0,143,0,0
9092,0.426400,16.935800,1770,143,0,143,0,11
9093,0.002600,16.214800,0,143,0,143,0,0
9094,0.002100,16.620500,0,143,0,143,0,0
9095,0.001700,16.759000,0,143,0,143,0,0
9096,0.003200,16.653600,0,143,0,143,0,0
9097,0.003500,17.220200,0,143,0,143,0,0
9098,0.003800,16.499500,0,143,0,143,0,0
9099,0.005600,17.308800,0,143,0,143,0,0
9100,0.002800,15.852700,0,143,0,143,0,0
9101,0.002200,16.570500,0,143,0,143,0,0
9102,0.003600,16.590700,0,143,0,143,0,0
9103,0.004100,17.297300,0,143,0,143,0,0
9104,1.016100,16.510700,1770,142,1,143,0,11
9105,0.003200,16.774400,0,142,1,143,0,0
9106,0.003400,17.150300,0,142,1,143,0,0
9107,0.003100,16.057200,0,142,1,143,0,0
9108,0.003300,16.391900,0,142,1,143,0,0
9109,0.003400,17.105800,0,142,1,143,0,0
9110,0.004800,16.647900,0,142,1,143,0,0
9111,0.004100,16.959800,0,142,1,143,0,0
9112,0.003800,16.527700,0,142,1,143,0,0
9113,0.001700,16.091000,0,142,1,143,0,0
9114,0.003500,16.676100,0,142,1,143,0,0
9115,0.003200,17.110500,0,142,1,143,0,0
9116,0.395900,16.422200,1770,141,2,143,0,11
9117,0.004400,17.097900,0,141,2,143,0,0
9118,0.001700,16.320000,0,141,2,143,0,0
9119,0.002400,16.866000,0,141,2,143,0,0
9120,0.001800,16.396600,0,141,2,143,0,0
9121,0.002400,17.748700,0,141,2,143,0,0
9122,0.001900,16.580100,0,141,2,143,0,0
9123,0.002000,16.682700,0,141,2,143,0,0
9124,0.003000,16.789400,0,141,2,143,0,0
9125,0.001700,16.501600,0,141,2,143,0,0
9126,0.002400,16.458300,0,141,2,143,0,0
9127,0.001700,16.902400,0,141,2,143,0,0
9128,0.378400,16.734800,1770,140,3,143,0,11
9129,0.002000,16.678900,0,140,3,143,0,0
9130,0.003200,16.631700,0,140,3,143,0,0
9131,0.001900,16.687700,0,140,3,143,0,0
9132,0.002100,16.476700,0,140,3,143,0,0
9133,0.002300,16.942900,0,140,3,143,0,0
9134,0.004300,16.831900,0,140,3,143,0,0
9135,0.002300,16.418100,0,140,3,143,0,0
9136,0.002800,16.699000,0,140,3,143,0,0
9137,0.001900,16.593200,0,140,3,143,0,0
9138,0.002900,16.497600,0,140,3,143,0,0
9139,0.002300,16.841800,0,140,3,143,0,0
9140,0.595200,16.883500,1770,139,4,143,0,11
9141,0.001700,16.444700,0,139,4,143,0,0
9142,0.002900,16.730100,0,139,4,143,0,0
9143,0.003200,16.729200,0,139,4,143,0,0
9144,0.002600,16.422000,0,139,4,143,0,0
9145,0.003500,17.031000,0,139,4,143,0,0
9146,0.003300,16.707000,0,139,4,143,0,0
9147,0.003100,16.780100,0,139,4,143,0,0
9148,0.002500,16.362200,0,139,4,143,0,0
9149,0.003000,16.585100,0,139,4,143,0,0
9150,0.004600,16.576000,0,139,4,143,0,0
9151,0.002900,16.806100,0,139,4,143,0,0
9152,0.425800,16.652500,1770,138,5,143,0,11
9153,0.002900,16.594000,0,138,5,143,0,0
9154,0.003500,17.082600,0,138,5,143,0,0
9155,0.002500,16.411000,0,138,5,143,0,0
9156,0.002900,16.554500,0,138,5,143,0,0
9157,0.003700,17.904700,0,138,5,143,0,0
9158,0.004900,16.070000,0,138,5,143,0,0
9159,0.003900,16.430700,0,138,5,143,0,0
9160,0.003800,16.854500,0,138,5,143,0,0
9161,0.002400,16.471100,0,138,5,143,0,0
9162,0.003200,16.277600,0,138,5,143,0,0
9163,0.001800,16.963400,0,138,5,143,0,0
9164,0.457400,16.826500,1770,137,6,143,0,11
9165,0.002100,16.366400,0,137,6,143,0,0
9166,0.002500,17.394400,0,137,6,143,0,0
9167,0.001900,15.955800,0,137,6,143,0,0
9168,0.505500,16.687400,1716,143,0,143,0,11
9169,0.002900,43.895800,0,143,0,143,0,0
9170,0.003000,15.773300,0,143,0,143,0,0
9171,0.002900,16.971900,0,143,0,143,0,0
9172,0.004000,18.458400,0,143,0,143,0,0
9173,0.003900,15.410600,0,143,0,143,0,0
9174,0.354400,16.055800,1764,143,0,143,0,11
9175,0.002300,16.568600,0,143,0,143,0,0
9176,0.001700,16.513600,0,143,0,143,0,0
9177,0.002400,16.829400,0,143,0,143,0,0
9178,0.002700,17.116900,0,143,0,143,0,0
9179,0.002500,16.242300,0,143,0,143,0,0
9180,0.001800,16.688200,0,143,0,143,0,0
9181,0.003300,16.868400,0,143,0,143,0,0
9182,0.002400,16.240900,0,143,0,143,0,0
9183,0.002300,16.914400,0,143,0,143,0,0
9184,0.001700,16.648000,0,143,0,143,0,0
9185,0.002300,16.645400,0,143,0,143,0,0
9186,0.361100,16.701100,1764,142,1,143,0,11
9187,0.002900,16.738000,0,142,1,143,0,0
9188,0.002600,16.353700,0,142,1,143,0,0
9189,0.001700,16.941800,0,142,1,143,0,0
9190,0.001800,16.594700,0,142,1,143,0,0
9191,0.002200,16.876000,0,142,1,143,0,0
9192,0.001800,16.640500,0,142,1,143,0,0
9193,0.004200,17.303700,0,142,1,143,0,0
9194,0.004400,16.147400,0,142,1,143,0,0
9195,0.005500,16.936800,0,142,1,143,0,0
9196,0.007200,17.254100,0,142,1,143,0,0
9197,0.002300,15.773100,0,142,1,143,0,0
9198,0.498500,16.830100,1764,141,2,143,0,11
9199,0.003200,18.388900,0,141,2,143,0,0
9200,0.003500,14.666400,0,141,2,143,0,0
9201,0.003300,17.265600,0,141,2,143,0,0
9202,0.001700,16.136800,0,141,2,143,0,0
9203,0.001700,16.630400,0,141,2,143,0,0
9204,0.014100,18.519900,0,141,2,143,0,0
9205,0.002000,16.786700,0,141,2,143,0,0
9206,0.002000,14.470600,0,141,2,143,0,0
9207,0.002500,17.007000,0,141,2,143,0,0
9208,0.001800,16.505800,0,141,2,143,0,0
9209,0.019800,17.069700,0,141,2,143,0,0
9210,0.715000,16.708600,1764,140,3,143,0,11
9211,0.002400,16.346700,0,140,3,143,0,0
9212,0.002800,16.443400,0,140,3,143,0,0
9213,0.002500,17.090900,0,140,3,143,0,0
9214,0.003600,16.819100,0,140,3,143,0,0
9215,0.008200,17.450200,0,140,3,143,0,0
9216,0.004700,16.209300,0,140,3,143,0,0
9217,0.003900,16.733300,0,140,3,143,0,0
9218,0.003800,15.968100,0,140,3,143,0,0
9219,0.004000,17.338900,0,140,3,143,0,0
9220,0.003900,16.315500,0,140,3,143,0,0
9221,0.003900,16.975500,0,140,3,143,0,0
9222,1.169800,16.571600,1764,139,4,143,0,11
9223,0.003300,16.658300,0,139,4,143,0,0
9224,0.003600,16.356700,0,139,4,143,0,0
9225,0.019700,17.864400,0,139,4,143,0,0
9226,0.004100,15.799700,0,139,4,143,0,0
9227,0.004200,16.970600,0,139,4,143,0,0
9228,0.003900,16.671000,0,139,4,143,0,0
9229,0.003600,17.310800,0,139,4,143,0,0
9230,0.003800,15.297300,0,139,4,143,0,0
9231,0.003500,17.006900,0,139,4,143,0,0
9232,0.003700,16.908100,0,139,4,143,0,0
9233,0.003900,16.658300,0,139,4,143,0,0
9234,1.099800,16.568000,1764,138,5,143,0,11
9235,1.309500,16.920300,1716,143,0,143,0,11
9236,0.006000,16.165800,0,143,0,143,0,0
9237,0.004700,16.780500,0,143,0,143,0,0
9238,0.004100,16.675700,0,143,0,143,0,0
9239,0.003300,17.132900,0,143,0,143,0,0
9240,0.003000,15.995800,0,143,0,143,0,0
9241,0.002300,16.420200,0,143,0,143,0,0
9242,0.001800,16.513300,0,143,0,143,0,0
9243,0.002700,18.807700,0,143,0,143,0,0
9244,0.003700,16.951000,0,143,0,143,0,0
9245,0.020300,15.057900,0,143,0,143,0,0
9246,0.366300,16.075000,1758,143,0,143,0,11
9247,0.001700,16.595100,0,143,0,143,0,0
9248,0.002500,17.702100,0,143,0,143,0,0
9249,0.002000,15.705600,0,143,0,143,0,0
9250,0.002200,16.716400,0,143,0,143,0,0
9251,0.001800,16.602500,0,143,0,143,0,0
9252,0.002000,16.775200,0,143,0,143,0,0
9253,0.001800,16.861000,0,143,0,143,0,0
9254,0.002600,16.548400,0,143,0,143,0,0
9255,0.007600,18.676000,0,143,0,143,0,0
9256,0.002200,14.866900,0,143,0,143,0,0
9257,0.002000,16.738600,0,143,0,143,0,0
9258,0.341600,16.636800,1758,142,1,143,0,11
9259,0.001800,16.512800,0,142,1,143,0,0
9260,0.002100,16.525400,0,142,1,143,0,0
9261,0.001800,16.857600,0,142,1,143,0,0
9262,0.002400,16.683400,0,142,1,143,0,0
9263,0.002400,16.631400,0,142,1,143,0,0
9264,0.001700,16.660500,0,142,1,143,0,0
9265,0.001700,16.667100,0,142,1,143,0,0
9266,0.002000,16.533800,0,142,1,143,0,0
9267,0.001800,16.853000,0,142,1,143,0,0
9268,0.002000,16.607400,0,142,1,143,0,0
9269,0.002500,16.805400,0,142,1,143,0,0
9270,0.384300,16.627800,1758,141,2,143,0,11
9271,0.002200,16.725800,0,141,2,143,0,0
9272,0.001800,16.586000,0,141,2,143,0,0
9273,0.002200,16.553600,0,141,2,143,0,0
9274,0.002000,16.821400,0,141,2,143,0,0
9275,0.001800,16.621600,0,141,2,143,0,0
9276,0.002500,16.750000,0,141,2,143,0,0
9277,0.001700,16.619500,0,141,2,143,0,0
9278,0.002000,16.679300,0,141,2,143,0,0
9279,0.002500,16.757000,0,141,2,143,0,0
9280,0.001800,16.584700,0,141,2,143,0,0
9281,0.001700,16.627300,0,141,2,143,0,0
9282,0.426600,16.768700,1758,140,3,143,0,11
9283,0.001800,16.535200,0,140,3,143,0,0
9284,0.002200,16.676500,0,140,3,143,0,0
9285,0.002300,16.770900,0,140,3,143,0,0
9286,0.001700,16.580900,0,140,3,143,0,0
9287,0.002300,16.735500,0,140,3,143,0,0
9288,0.002700,16.716100,0,140,3,143,0,0
9289,0.001900,16.589300,0,140,3,143,0,0
9290,0.002000,16.700500,0,140,3,143,0,0
9291,0.002600,16.471600,0,140,3,143,0,0
9292,0.001900,17.091000,0,140,3,143,0,0
9293,0.002600,16.524900,0,140,3,143,0,0
9294,0.359600,16.774400,1758,139,4,143,0,11
9295,0.002100,16.544100,0,139,4,143,0,0
9296,0.002500,16.698800,0,139,4,143,0,0
9297,0.002000,16.470300,0,139,4,143,0,0
9298,0.001800,16.812900,0,139,4,143,0,0
9299,0.347800,16.676400,1716,143,0,143,0,11
9300,0.001800,16.649700,0,143,0,143,0,0
9301,0.001700,16.768100,0,143,0,143,0,0
9302,0.001800,16.607600,0,143,0,143,0,0
9303,0.001900,16.538300,0,143,0,143,0,0
9304,0.003200,17.143800,0,143,0,143,0,0
9305,0.004700,16.937600,0,143,0,143,0,0
9306,1.017800,16.504300,1752,143,0,143,0,11
9307,0.002000,16.221500,0,143,0,143,0,0
9308,0.001800,16.653200,0,143,0,143,0,0
9309,0.002000,16.496900,0,143,0,143,0,0
9310,0.002500,16.840900,0,143,0,143,0,0
9311,0.003100,16.841700,0,143,0,143,0,0
9312,0.002000,16.464600,0,143,0,143,0,0
9313,0.002200,16.668200,0,143,0,143,0,0
9314,0.002400,16.701900,0,143,0,143,0,0
9315,0.002500,16.547300,0,143,0,143,0,0
9316,0.003000,16.834600,0,143,0,143,0,0
9317,0.002200,16.643600,0,143,0,143,0,0
9318,0.339600,16.592000,1752,142,1,143,0,11
9319,0.004000,16.762700,0,142,1,143,0,0
9320,0.001700,16.607800,0,142,1,143,0,0
9321,0.001800,16.492700,0,142,1,143,0,0
9322,0.002000,16.862400,0,142,1,143,0,0
9323,0.003000,16.961500,0,142,1,143,0,0
9324,0.001800,16.327600,0,142,1,143,0,0
9325,0.002300,16.650500,0,142,1,143,0,0
9326,0.001800,16.672000,0,142,1,143,0,0
9327,0.002500,16.530100,0,142,1,143,0,0
9328,0.002200,16.850100,0,142,1,143,0,0
9329,0.003300,16.695500,0,142,1,143,0,0
9330,0.336400,16.616200,1752,141,2,143,0,11
9331,0.001800,16.669100,0,141,2,143,0,0
9332,0.002100,16.667900,0,141,2,143,0,0
9333,0.001800,16.511100,0,141,2,143,0,0
9334,0.002000,16.842100,0,141,2,143,0,0
9335,0.001900,16.616500,0,141,2,143,0,0
9336,0.002400,16.848500,0,141,2,143,0,0
9337,0.002500,16.525200,0,141,2,143,0,0
9338,0.001800,16.678100,0,141,2,143,0,0
9339,0.002500,16.495600,0,141,2,143,0,0
9340,0.002000,16.806100,0,141,2,143,0,0
9341,0.002400,16.647800,0,141,2,143,0,0
9342,0.390300,16.684000,1752,140,3,143,0,11
9343,0.002000,16.801300,0,140,3,143,0,0
9344,0.001700,16.627900,0,140,3,143,0,0
9345,0.002400,16.658500,0,140,3,143,0,0
9346,0.001700,16.572300,0,140,3,143,0,0
9347,0.001600,16.701700,0,140,3,143,0,0
9348,0.001800,16.618800,0,140,3,143,0,0
9349,0.002400,16.704800,0,140,3,143,0,0
9350,0.002400,16.718100,0,140,3,143,0,0
9351,0.002700,16.467700,0,140,3,143,0,0
9352,0.001800,16.806600,0,140,3,143,0,0
9353,0.002400,16.661200,0,140,3,143,0,0
9354,0.338800,16.780500,1752,139,4,143,0,11
9355,0.002000,16.772200,0,139,4,143,0,0
9356,0.003600,16.926400,0,139,4,143,0,0
9357,0.003600,16.356500,0,139,4,143,0,0
9358,0.001700,16.621600,0,139,4,143,0,0
9359,0.308100,16.624700,1716,143,0,143,0,11
9360,0.002200,16.838900,0,143,0,143,0,0
9361,0.002600,16.500800,0,143,0,143,0,0
9362,0.002400,16.576300,0,143,0,143,0,0
9363,0.002500,16.521600,0,143,0,143,0,0
9364,0.002800,17.027200,0,143,0,143,0,0
9365,0.002700,16.859600,0,143,0,143,0,0
9366,0.376400,16.262100,1746,143,0,143,0,11
9367,0.002300,16.809500,0,143,0,143,0,0
9368,0.001900,16.711900,0,143,0,143,0,0
9369,0.002500,16.394300,0,143,0,143,0,0
9370,0.002900,17.216100,0,143,0,143,0,0
9371,0.003500,16.607400,0,143,0,143,0,0
9372,0.003300,16.774000,0,143,0,143,0,0
9373,0.002100,16.452100,0,143,0,143,0,0
9374,0.003500,16.849000,0,143,0,143,0,0
9375,0.002600,16.212400,0,143,0,143,0,0
9376,0.003600,17.278100,0,143,0,143,0,0
9377,0.004200,16.695600,0,143,0,143,0,0
9378,1.084200,16.845800,1746,142,1,143,0,11
9379,0.002000,16.034400,0,142,1,143,0,0
9380,0.002000,16.602700,0,142,1,143,0,0
9381,0.002800,16.485900,0,142,1,143,0,0
9382,0.002600,17.029400,0,142,1,143,0,0
9383,0.001800,16.481100,0,142,1,143,0,0
9384,0.003600,17.194800,0,142,1,143,0,0
9385,0.001900,16.191500,0,142,1,143,0,0
9386,0.003800,17.076500,0,142,1,143,0,0
9387,0.004900,16.351100,0,142,1,143,0,0
9388,0.003400,17.116500,0,142,1,143,0,0
9389,0.003600,16.578200,0,142,1,143,0,0
9390,1.861600,16.897600,1746,141,2,143,0,11
9391,0.003400,16.586400,0,141,2,143,0,0
9392,0.003800,16.480400,0,141,2,143,0,0
9393,0.004200,16.274100,0,141,2,143,0,0
9394,0.003700,17.249100,0,141,2,143,0,0
9395,0.003300,16.595300,0,141,2,143,0,0
9396,0.003200,16.473800,0,141,2,143,0,0
9397,0.003500,16.801500,0,141,2,143,0,0
9398,0.006000,17.013400,0,141,2,143,0,0
9399,0.004300,15.894000,0,141,2,143,0,0
9400,0.003800,17.120200,0,141,2,143,0,0
9401,0.003300,16.542900,0,141,2,143,0,0
9402,1.067800,17.021700,1746,140,3,143,0,11
9403,0.004700,16.484500,0,140,3,143,0,0
9404,0.003700,16.473500,0,140,3,143,0,0
9405,0.004300,16.860200,0,140,3,143,0,0
9406,0.003700,16.598800,0,140,3,143,0,0
9407,0.003900,16.729800,0,140,3,143,0,0
9408,0.003300,16.573600,0,140,3,143,0,0
9409,0.003300,16.629000,0,140,3,143,0,0
9410,0.003300,16.817700,0,140,3,143,0,0
9411,0.004100,16.491900,0,140,3,143,0,0
9412,0.004300,17.266800,0,140,3,143,0,0
9413,0.004100,16.557100,0,140,3,143,0,0
9414,0.962900,16.796700,1746,139,4,143,0,11
9415,0.005300,16.601400,0,139,4,143,0,0
9416,0.003100,16.281500,0,139,4,143,0,0
9417,0.004400,16.452000,0,139,4,143,0,0
9418,0.003700,17.165200,0,139,4,143,0,0
9419,0.914900,16.787000,1716,143,0,143,0,11
9420,0.001700,16.182800,0,143,0,143,0,0
9421,0.003400,17.240900,0,143,0,143,0,0
9422,0.003700,16.539800,0,143,0,143,0,0
9423,0.002000,16.086100,0,143,0,143,0,0
9424,0.003600,17.298900,0,143,0,143,0,0
9425,0.001800,16.242300,0,143,0,143,0,0
9426,0.969700,17.871900,1740,143,0,143,0,11
9427,0.003100,16.581200,0,143,0,143,0,0
9428,0.003900,16.555700,0,143,0,143,0,0
9429,0.004200,16.333300,0,143,0,143,0,0
9430,0.003100,16.898800,0,143,0,143,0,0
9431,0.003400,16.885900,0,143,0,143,0,0
9432,0.003600,16.740800,0,143,0,143,0,0
9433,0.003300,16.676300,0,143,0,143,0,0
9434,0.003600,16.624500,0,143,0,143,0,0
9435,0.005000,16.762200,0,143,0,143,0,0
9436,0.004100,16.603900,0,143,0,143,0,0
9437,0.007400,19.273000,0,143,0,143,0,0
9438,1.346900,16.489100,1740,142,1,143,0,11
9439,0.002700,16.330700,0,142,1,143,0,0
9440,0.003000,16.951200,0,142,1,143,0,0
9441,0.002100,16.529400,0,142,1,143,0,0
9442,0.002700,16.201100,0,142,1,143,0,0
9443,0.002400,16.844200,0,142,1,143,0,0
9444,0.001800,16.564400,0,142,1,143,0,0
9445,0.003000,16.671900,0,142,1,143,0,0
9446,0.002200,16.782300,0,142,1,143,0,0
9447,0.002300,16.917400,0,142,1,143,0,0
9448,0.002000,16.146400,0,142,1,143,0,0
9449,0.002400,16.876700,0,142,1,143,0,0
9450,0.328200,16.609500,1740,141,2,143,0,11
9451,0.002400,16.652300,0,141,2,143,0,0
9452,0.002300,16.669000,0,141,2,143,0,0
9453,0.002400,16.659900,0,141,2,143,0,0
9454,0.002100,16.548900,0,141,2,143,0,0
9455,0.002700,16.919500,0,141,2,143,0,0
9456,0.002400,16.808700,0,141,2,143,0,0
9457,0.001900,16.688300,0,141,2,143,0,0
9458,0.001700,16.671300,0,141,2,143,0,0
9459,0.002200,16.606800,0,141,2,143,0,0
9460,0.002400,16.528100,0,141,2,143,0,0
9461,0.004300,17.162300,0,141,2,143,0,0
9462,0.421500,16.460100,1740,140,3,143,0,11
9463,0.001600,16.587100,0,140,3,143,0,0
9464,0.001800,16.697500,0,140,3,143,0,0
9465,0.002000,16.808000,0,140,3,143,0,0
9466,0.002000,16.301300,0,140,3,143,0,0
9467,0.003100,18.735400,0,140,3,143,0,0
9468,0.002400,14.933700,0,140,3,143,0,0
9469,0.002300,16.703100,0,140,3,143,0,0
9470,0.002000,16.610200,0,140,3,143,0,0
9471,0.002300,16.582700,0,140,3,143,0,0
9472,0.002000,16.477800,0,140,3,143,0,0
9473,0.004400,17.357800,0,140,3,143,0,0
9474,0.964600,16.617800,1740,139,4,143,0,11
9475,0.003100,16.415400,0,139,4,143,0,0
9476,0.002300,16.710600,0,139,4,143,0,0
9477,0.002400,16.509300,0,139,4,143,0,0
9478,0.002200,16.435800,0,139,4,143,0,0
9479,0.001900,16.854600,0,139,4,143,0,0
9480,0.002400,16.755300,0,139,4,143,0,0
9481,0.003500,16.762500,0,139,4,143,0,0
9482,0.955700,16.907300,1716,143,0,143,0,11
9483,0.002700,16.537000,0,143,0,143,0,0
9484,0.001900,16.221000,0,143,0,143,0,0
9485,0.001900,16.844700,0,143,0,143,0,0
9486,1.366900,19.059600,1734,143,0,143,0,11
9487,0.003200,14.558300,0,143,0,143,0,0
9488,0.004000,17.010400,0,143,0,143,0,0
9489,0.004000,16.405500,0,143,0,143,0,0
9490,0.004800,16.338600,0,143,0,143,0,0
9491,0.004800,17.284000,0,143,0,143,0,0
9492,0.003400,16.394200,0,143,0,143,0,0
9493,0.004200,17.167800,0,143,0,143,0,0
9494,0.004700,16.360800,0,143,0,143,0,0
9495,0.004300,16.757800,0,143,0,143,0,0
9496,0.002900,16.219100,0,143,0,143,0,0
9497,0.001800,16.604200,0,143,0,143,0,0
9498,0.348300,16.634500,1734,142,1,143,0,11
9499,0.001900,16.642200,0,142,1,143,0,0
9500,0.001900,16.699400,0,142,1,143,0,0
9501,0.002100,16.638800,0,142,1,143,0,0
9502,0.002600,16.500800,0,142,1,143,0,0
9503,0.005100,17.774000,0,142,1,143,0,0
9504,0.007800,16.215800,0,142,1,143,0,0
9505,0.002600,16.517900,0,142,1,143,0,0
9506,0.006600,16.679000,0,142,1,143,0,0
9507,0.003000,16.757400,0,142,1,143,0,0
9508,0.002900,16.347300,0,142,1,143,0,0
9509,0.003000,16.755300,0,142,1,143,0,0
9510,0.670000,16.790800,1734,141,2,143,0,11
9511,0.003300,16.518100,0,141,2,143,0,0
9512,0.002600,16.725800,0,141,2,143,0,0
9513,0.004300,16.719300,0,141,2,143,0,0
9514,0.003500,16.405600,0,141,2,143,0,0
9515,0.005100,17.797200,0,141,2,143,0,0
9516,0.004200,16.353400,0,141,2,143,0,0
9517,0.004600,16.359000,0,141,2,143,0,0
9518,0.003500,16.460600,0,141,2,143,0,0
9519,0.003500,16.466000,0,141,2,143,0,0
9520,0.002300,16.416600,0,141,2,143,0,0
9521,0.004700,17.164400,0,141,2,143,0,0
9522,0.695600,16.570100,1734,140,3,143,0,11
9523,0.005200,16.776100,0,140,3,143,0,0
9524,0.003500,16.485200,0,140,3,143,0,0
9525,0.003100,17.091200,0,140,3,143,0,0
9526,0.003600,16.058400,0,140,3,143,0,0
9527,0.004500,16.939400,0,140,3,143,0,0
9528,0.003400,16.614600,0,140,3,143,0,0
9529,0.003600,16.826900,0,140,3,143,0,0
9530,0.003500,16.539000,0,140,3,143,0,0
9531,0.006200,17.040000,0,140,3,143,0,0
9532,0.002600,16.048100,0,140,3,143,0,0
9533,0.003100,16.880300,0,140,3,143,0,0
9534,0.665400,16.642600,1734,139,4,143,0,11
9535,0.002700,16.586300,0,139,4,143,0,0
9536,0.003700,16.754400,0,139,4,143,0,0
9537,0.004300,16.696800,0,139,4,143,0,0
9538,0.005300,16.554400,0,139,4,143,0,0
9539,0.004200,16.741200,0,139,4,143,0,0
9540,0.001700,16.440000,0,139,4,143,0,0
9541,0.002300,16.947300,0,139,4,143,0,0
9542,0.008100,16.996900,0,139,4,143,0,0
9543,0.004700,16.516600,0,139,4,143,0,0
9544,0.002800,16.143900,0,139,4,143,0,0
9545,0.002100,16.866400,0,139,4,143,0,0
9546,0.337100,16.561200,1734,138,5,143,0,11
9547,0.002100,16.710800,0,138,5,143,0,0
9548,0.002400,16.735300,0,138,5,143,0,0
9549,0.002900,16.635300,0,138,5,143,0,0
9550,0.003400,16.510400,0,138,5,143,0,0
9551,0.004900,17.236900,0,138,5,143,0,0
9552,0.589100,16.505300,1716,143,0,143,0,11
9553,0.001800,16.400700,0,143,0,143,0,0
9554,0.002100,16.628000,0,143,0,143,0,0
9555,0.002300,16.903300,0,143,0,143,0,0
9556,0.002300,16.305400,0,143,0,143,0,0
9557,0.002700,16.830600,0,143,0,143,0,0
9558,0.774400,16.781900,1728,143,0,143,0,11
9559,0.015600,16.657700,0,143,0,143,0,0
9560,0.003900,17.130300,0,143,0,143,0,0
9561,0.002900,16.273200,0,143,0,143,0,0
9562,0.002600,16.493400,0,143,0,143,0,0
9563,0.002000,16.687200,0,143,0,143,0,0
9564,0.002900,16.706800,0,143,0,143,0,0
9565,0.002500,16.725500,0,143,0,143,0,0
9566,0.003300,16.680200,0,143,0,143,0,0
9567,0.004500,16.624700,0,143,0,143,0,0
9568,0.001900,16.479800,0,143,0,143,0,0
9569,0.002500,16.877500,0,143,0,143,0,0
9570,0.603700,16.613400,1728,142,1,143,0,11
9571,0.002900,16.900200,0,142,1,143,0,0
9572,0.002400,16.436500,0,142,1,143,0,0
9573,0.002700,16.755000,0,142,1,143,0,0
9574,0.002600,16.423400,0,142,1,143,0,0
9575,0.005400,17.292200,0,142,1,143,0,0
9576,0.006500,17.001600,0,142,1,143,0,0
9577,0.003600,15.973200,0,142,1,143,0,0
9578,0.005800,16.737100,0,142,1,143,0,0
9579,0.003100,16.583400,0,142,1,143,0,0
9580,0.002900,16.358500,0,142,1,143,0,0
9581,0.002400,16.855300,0,142,1,143,0,0
9582,0.590700,16.835700,1728,141,2,143,0,11
9583,0.001700,16.399700,0,141,2,143,0,0
9584,0.002400,16.617000,0,141,2,143,0,0
9585,0.001800,16.971500,0,141,2,143,0,0
9586,0.002100,16.253400,0,141,2,143,0,0
9587,0.002700,16.865200,0,141,2,143,0,0
9588,0.001800,16.623800,0,141,2,143,0,0
9589,0.002700,16.751000,0,141,2,143,0,0
9590,0.002300,16.563500,0,141,2,143,0,0
9591,0.002500,16.668600,0,141,2,143,0,0
9592,0.003300,16.703400,0,141,2,143,0,0
9593,0.004100,17.288000,0,141,2,143,0,0
9594,1.180500,16.340200,1728,140,3,143,0,11
9595,0.002300,16.417300,0,140,3,143,0,0
9596,0.004300,17.331800,0,140,3,143,0,0
9597,0.004400,16.944200,0,140,3,143,0,0
9598,0.003500,16.011900,0,140,3,143,0,0
9599,0.002300,16.673200,0,140,3,143,0,0
9600,0.002200,16.734900,0,140,3,143,0,0
9601,0.002900,16.613200,0,140,3,143,0,0
9602,0.002700,16.697800,0,140,3,143,0,0
9603,0.004000,17.119300,0,140,3,143,0,0
9604,0.003700,16.523700,0,140,3,143,0,0
9605,0.004700,17.719500,0,140,3,143,0,0
9606,1.049600,15.923900,1728,139,4,143,0,11
9607,0.003600,16.901800,0,139,4,143,0,0
9608,0.002300,16.040800,0,139,4,143,0,0
9609,0.002100,16.637600,0,139,4,143,0,0
9610,0.003600,16.554600,0,139,4,143,0,0
9611,0.004400,17.421700,0,139,4,143,0,0
9612,0.005400,16.434100,0,139,4,143,0,0
9613,0.002600,16.391800,0,139,4,143,0,0
9614,0.004100,16.861300,0,139,4,143,0,0
9615,0.020800,16.518100,0,139,4,143,0,0
9616,0.003300,16.295400,0,139,4,143,0,0
9617,0.002700,17.034400,0,139,4,143,0,0
9618,0.357500,16.579500,1728,138,5,143,0,11
9619,0.003600,17.148900,0,138,5,143,0,0
9620,0.003300,16.965600,0,138,5,143,0,0
9621,0.002700,16.325000,0,138,5,143,0,0
9622,0.009200,16.326100,0,138,5,143,0,0
9623,0.013200,17.721700,0,138,5,143,0,0
9624,0.003600,15.736800,0,138,5,143,0,0
9625,0.003900,16.560600,0,138,5,143,0,0
9626,0.002700,16.878200,0,138,5,143,0,0
9627,0.003200,16.492000,0,138,5,143,0,0
9628,0.002200,16.624000,0,138,5,143,0,0
9629,0.006300,16.937200,0,138,5,143,0,0
9630,0.460300,16.583400,1728,137,6,143,0,11
9631,0.001900,16.663400,0,137,6,143,0,0
9632,0.002000,16.722200,0,137,6,143,0,0
9633,0.002000,16.670100,0,137,6,143,0,0
9634,0.002900,16.447100,0,137,6,143,0,0
9635,0.002300,17.093100,0,137,6,143,0,0
9636,0.002500,16.953400,0,137,6,143,0,0
9637,1.218400,17.060800,1716,143,0,143,0,11
9638,0.003600,16.418300,0,143,0,143,0,0
9639,0.003400,16.813900,0,143,0,143,0,0
9640,0.003600,16.095000,0,143,0,143,0,0
9641,0.022400,17.427300,0,143,0,143,0,0
9642,0.599300,16.196500,1722,143,0,143,0,11
9643,0.002000,16.389900,0,143,0,143,0,0
9644,0.003900,16.902500,0,143,0,143,0,0
9645,0.004100,17.473600,0,143,0,143,0,0
9646,0.002200,15.440800,0,143,0,143,0,0
9647,0.002600,17.021300,0,143,0,143,0,0
9648,0.002800,16.624300,0,143,0,143,0,0
9649,0.002200,16.636600,0,143,0,143,0,0
9650,0.003800,17.183400,0,143,0,143,0,0
9651,0.002600,16.106800,0,143,0,143,0,0
9652,0.003700,16.505700,0,143,0,143,0,0
9653,0.002900,16.740100,0,143,0,143,0,0
9654,0.427800,16.736200,1722,142,1,143,0,11
9655,0.002800,16.659000,0,142,1,143,0,0
9656,0.004500,17.031700,0,142,1,143,0,0
9657,0.002600,16.252900,0,142,1,143,0,0
9658,0.004000,16.580200,0,142,1,143,0,0
9659,0.002200,16.759600,0,142,1,143,0,0
9660,0.004900,16.835300,0,142,1,143,0,0
9661,0.001900,16.459800,0,142,1,143,0,0
9662,0.004100,17.218400,0,142,1,143,0,0
9663,0.002400,16.298000,0,142,1,143,0,0
9664,0.002600,16.554500,0,142,1,143,0,0
9665,0.002000,16.664000,0,142,1,143,0,0
9666,0.700500,16.889800,1722,141,2,143,0,11
9667,0.002400,16.424400,0,141,2,143,0,0
9668,0.004300,17.188800,0,141,2,143,0,0
9669,0.002000,16.199900,0,141,2,143,0,0
9670,0.004000,16.639800,0,141,2,143,0,0
9671,0.003100,17.098400,0,141,2,143,0,0
9672,0.003700,16.658400,0,141,2,143,0,0
9673,0.002800,16.436000,0,141,2,143,0,0
9674,0.004200,17.210100,0,141,2,143,0,0
9675,0.003600,16.531700,0,141,2,143,0,0
9676,0.003000,15.868400,0,141,2,143,0,0
9677,0.003200,19.281300,0,141,2,143,0,0
9678,0.524300,15.976800,1722,140,3,143,0,11
9679,0.002700,16.426400,0,140,3,143,0,0
9680,0.002700,18.542700,0,140,3,143,0,0
9681,0.002100,14.789100,0,140,3,143,0,0
9682,0.002300,18.407800,0,140,3,143,0,0
9683,0.002100,16.369500,0,140,3,143,0,0
9684,0.014100,16.174100,0,140,3,143,0,0
9685,0.007800,15.525500,0,140,3,143,0,0
9686,0.016900,17.271600,0,140,3,143,0,0
9687,0.001700,16.223400,0,140,3,143,0,0
9688,0.018800,17.594400,0,140,3,143,0,0
9689,0.002700,15.585600,0,140,3,143,0,0
9690,0.753100,18.270600,1722,139,4,143,0,11
9691,0.002300,15.164400,0,139,4,143,0,0
9692,0.002800,18.408500,0,139,4,143,0,0
9693,0.004300,15.141500,0,139,4,143,0,0
9694,0.002000,16.497400,0,139,4,143,0,0
9695,0.003200,16.369700,0,139,4,143,0,0
9696,0.002400,18.725700,0,139,4,143,0,0
9697,0.001800,14.796100,0,139,4,143,0,0
9698,0.010800,17.737900,0,139,4,143,0,0
9699,0.002500,17.535300,0,139,4,143,0,0
9700,0.002200,16.658200,0,139,4,143,0,0
9701,0.005500,15.010800,0,139,4,143,0,0
9702,0.766100,19.026400,1722,138,5,143,0,11
9703,0.002300,16.151500,0,138,5,143,0,0
9704,0.002400,16.642500,0,138,5,143,0,0
9705,0.003500,14.999900,0,138,5,143,0,0
9706,0.005900,18.053400,0,138,5,143,0,0
9707,0.001800,14.682900,0,138,5,143,0,0
9708,0.002500,17.336700,0,138,5,143,0,0
9709,0.003700,16.671700,0,138,5,143,0,0
9710,0.002000,18.072300,0,138,5,143,0,0
9711,0.001700,14.780200,0,138,5,143,0,0
9712,0.028100,18.102600,0,138,5,143,0,0
9713,0.002100,16.876300,0,138,5,143,0,0
9714,0.905300,17.330500,1722,137,6,143,0,11
9715,0.001800,14.410400,0,137,6,143,0,0
9716,0.003100,17.267000,0,137,6,143,0,0
9717,0.002000,16.470500,0,137,6,143,0,0
9718,0.002800,18.241700,0,137,6,143,0,0
9719,0.002400,16.339500,0,137,6,143,0,0
9720,0.002000,16.859600,0,137,6,143,0,0
9721,0.001700,14.895900,0,137,6,143,0,0
9722,0.002400,18.485600,0,137,6,143,0,0
9723,0.018500,16.548200,0,137,6,143,0,0
9724,0.002400,16.832000,0,137,6,143,0,0
9725,0.002100,14.679300,0,137,6,143,0,0
9726,0.435900,18.792300,1722,136,7,143,0,11
9727,0.001900,14.739500,0,136,7,143,0,0
9728,0.011600,17.154400,0,136,7,143,0,0
9729,0.005500,16.713800,0,136,7,143,0,0
9730,0.003900,16.801100,0,136,7,143,0,0
9731,0.003700,16.430500,0,136,7,143,0,0
9732,0.003600,17.204600,0,136,7,143,0,0
9733,0.004000,16.519600,0,136,7,143,0,0
9734,0.003700,16.546400,0,136,7,143,0,0
9735,0.002500,16.661100,0,136,7,143,0,0
9736,0.002800,16.513400,0,136,7,143,0,0
9737,0.008200,16.574800,0,136,7,143,0,0
9738,1.101300,17.276700,1722,135,8,143,0,11
9739,0.003100,16.843000,0,135,8,143,0,0
9740,0.003200,16.523000,0,135,8,143,0,0
9741,0.003200,16.467700,0,135,8,143,0,0
9742,0.022100,18.297500,0,135,8,143,0,0
9743,0.005000,14.852400,0,135,8,143,0,0
9744,0.003500,17.139300,0,135,8,143,0,0
9745,0.003900,16.868300,0,135,8,143,0,0
9746,0.003600,16.405100,0,135,8,143,0,0
9747,0.003100,16.512400,0,135,8,143,0,0
9748,0.003600,16.925100,0,135,8,143,0,0
9749,0.003400,15.981900,0,135,8,143,0,0
9750,1.607400,18.223600,1722,134,9,143,0,11
9751,0.004000,15.398100,0,134,9,143,0,0
9752,0.015400,17.095500,0,134,9,143,0,0
9753,0.003300,16.317200,0,134,9,143,0,0
9754,0.005000,18.504900,0,134,9,143,0,0
9755,0.004500,14.663000,0,134,9,143,0,0
9756,0.005300,17.027700,0,134,9,143,0,0
9757,0.004500,16.823100,0,134,9,143,0,0
9758,0.017900,17.348300,0,134,9,143,0,0
9759,0.001700,15.404500,0,134,9,143,0,0
9760,0.003000,18.077000,0,134,9,143,0,0
9761,0.002000,15.040500,0,134,9,143,0,0
9762,1.532000,18.424300,1722,133,10,143,0,11
9763,0.003800,15.636900,0,133,10,143,0,0
9764,0.019200,17.038700,0,133,10,143,0,0
9765,0.003400,17.137700,0,133,10,143,0,0
9766,0.014400,16.926800,0,133,10,143,0,0
9767,0.003900,15.227100,0,133,10,143,0,0
9768,0.023600,18.808400,0,133,10,143,0,0
9769,0.004300,15.270600,0,133,10,143,0,0
9770,0.003100,16.475800,0,133,10,143,0,0
9771,0.003600,16.455200,0,133,10,143,0,0
9772,0.016800,17.876400,0,133,10,143,0,0
9773,0.003900,15.181800,0,133,10,143,0,0
9774,1.604300,18.408200,1722,132,11,143,0,11
9775,0.003500,15.616800,0,132,11,143,0,0
9776,0.016100,16.730100,0,132,11,143,0,0
9777,0.003300,16.278500,0,132,11,143,0,0
9778,0.016700,17.103900,0,132,11,143,0,0
9779,0.003300,15.838000,0,132,11,143,0,0
9780,0.004000,19.467700,0,132,11,143,0,0
9781,0.003400,14.691500,0,132,11,143,0,0
9782,0.002800,17.208600,0,132,11,143,0,0
9783,0.003200,15.808500,0,132,11,143,0,0
9784,0.002200,17.454300,0,132,11,143,0,0
9785,0.002000,15.604600,0,132,11,143,0,0
9786,0.535000,17.413600,1722,132,11,143,0,11
9787,0.002400,16.220700,0,132,11,143,0,0
9788,0.002700,17.504500,0,132,11,143,0,0
9789,0.002400,15.660700,0,132,11,143,0,0
9790,0.002500,17.115500,0,132,11,143,0,0
9791,0.002400,16.066100,0,132,11,143,0,0
9792,0.002700,17.434200,0,132,11,143,0,0
9793,0.001800,16.066800,0,132,11,143,0,0
9794,0.003100,17.455800,0,132,11,143,0,0
9795,0.002100,16.040900,0,132,11,143,0,0
9796,0.002100,18.493500,0,132,11,143,0,0
9797,0.001900,14.522900,0,132,11,143,0,0
9798,0.453500,18.827300,1722,132,11,143,0,11
9799,0.001700,14.745600,0,132,11,143,0,0
9800,0.003400,18.329600,0,132,11,143,0,0
9801,0.003900,15.241000,0,132,11,143,0,0
9802,0.002500,17.264400,0,132,11,143,0,0
9803,0.002000,15.747600,0,132,11,143,0,0
9804,0.001900,17.381800,0,132,11,143,0,0
9805,0.002400,16.339000,0,132,11,143,0,0
9806,0.003600,16.972200,0,132,11,143,0,0
9807,0.003500,16.679600,0,132,11,143,0,0
9808,0.002400,16.980500,0,132,11,143,0,0
9809,0.002000,15.899600,0,132,11,143,0,0
9810,0.498500,17.242200,1722,132,11,143,0,11
9811,0.002400,16.294600,0,132,11,143,0,0
9812,0.003300,16.819200,0,132,11,143,0,0
9813,0.002200,16.434000,0,132,11,143,0,0
9814,0.002200,17.754000,0,132,11,143,0,0
9815,0.002900,15.571600,0,132,11,143,0,0
9816,0.003000,17.573500,0,132,11,143,0,0
9817,0.001800,15.830100,0,132,11,143,0,0
9818,0.001800,16.933900,0,132,11,143,0,0
9819,0.003600,17.277800,0,132,11,143,0,0
9820,0.012800,17.883700,0,132,11,143,0,0
9821,0.001900,14.425200,0,132,11,143,0,0
9822,1.077900,19.113000,1722,132,11,143,0,11
9823,0.003900,15.133200,0,132,11,143,0,0
9824,0.003800,16.607900,0,132,11,143,0,0
9825,0.003900,16.987900,0,132,11,143,0,0
9826,0.003400,17.670400,0,132,11,143,0,0
9827,0.003500,14.867800,0,132,11,143,0,0
9828,0.003400,18.686400,0,132,11,143,0,0
9829,0.838600,15.071700,1782,143,0,143,0,11
9830,0.016000,17.048100,0,143,0,143,0,0
9831,0.001700,15.885600,0,143,0,143,0,0
9832,0.003400,17.002800,0,143,0,143,0,0
9833,0.002800,16.278500,0,143,0,143,0,0
9834,0.456300,17.391100,1722,143,0,143,0,11
9835,0.001900,16.103000,0,143,0,143,0,0
9836,0.002400,16.853200,0,143,0,143,0,0
9837,0.003300,16.425000,0,143,0,143,0,0
9838,0.002900,17.402400,0,143,0,143,0,0
9839,0.002100,15.777200,0,143,0,143,0,0
9840,0.002800,17.745300,0,143,0,143,0,0
9841,0.001900,15.755600,0,143,0,143,0,0
9842,0.004100,16.897600,0,143,0,143,0,0
9843,0.001900,16.551100,0,143,0,143,0,0
9844,0.003500,16.741900,0,143,0,143,0,0
9845,0.004500,16.500000,0,143,0,143,0,0
9846,0.592300,17.208800,1722,142,1,143,0,11
9847,0.001900,16.149300,0,142,1,143,0,0
9848,0.002700,17.223300,0,142,1,143,0,0
9849,0.002100,16.215600,0,142,1,143,0,0
9850,0.002400,16.895000,0,142,1,143,0,0
9851,0.002000,16.149100,0,142,1,143,0,0
9852,0.002500,17.240200,0,142,1,143,0,0
9853,0.004500,16.673000,0,142,1,143,0,0
9854,0.002000,16.703500,0,142,1,143,0,0
9855,0.002300,16.321700,0,142,1,143,0,0
9856,0.002600,16.838200,0,142,1,143,0,0
9857,0.002300,16.466800,0,142,1,143,0,0
9858,0.750600,17.666000,1722,141,2,143,0,11
9859,0.001900,16.185400,0,141,2,143,0,0
9860,0.002500,16.839600,0,141,2,143,0,0
9861,0.001900,16.507900,0,141,2,143,0,0
9862,0.002500,16.710200,0,141,2,143,0,0
9863,0.001700,16.569400,0,141,2,143,0,0
9864,0.002400,16.568000,0,141,2,143,0,0
9865,0.002900,16.994800,0,141,2,143,0,0
9866,0.003000,17.240800,0,141,2,143,0,0
9867,0.004000,16.407800,0,141,2,143,0,0
9868,0.002700,17.088300,0,141,2,143,0,0
9869,0.001900,16.086900,0,141,2,143,0,0
9870,0.438200,16.585200,1722,140,3,143,0,11
9871,0.001900,16.782000,0,140,3,143,0,0
9872,0.002200,16.695400,0,140,3,143,0,0
9873,0.001700,16.533600,0,140,3,143,0,0
9874,0.002800,17.195600,0,140,3,143,0,0
9875,0.001900,16.145400,0,140,3,143,0,0
9876,0.003900,16.734500,0,140,3,143,0,0
9877,0.001800,16.604200,0,140,3,143,0,0
9878,0.002300,16.682800,0,140,3,143,0,0
9879,0.001900,16.624600,0,140,3,143,0,0
9880,0.002700,16.797200,0,140,3,143,0,0
9881,0.001700,16.526700,0,140,3,143,0,0
9882,0.340900,16.523500,1722,139,4,143,0,11
9883,0.002200,16.838400,0,139,4,143,0,0
9884,0.002600,16.891800,0,139,4,143,0,0
9885,0.001700,16.751100,0,139,4,143,0,0
9886,0.002100,16.494300,0,139,4,143,0,0
9887,0.002500,16.550200,0,139,4,143,0,0
9888,0.002100,16.593400,0,139,4,143,0,0
9889,0.001800,16.714900,0,139,4,143,0,0
9890,0.002600,16.705600,0,139,4,143,0,0
9891,0.002300,16.609400,0,139,4,143,0,0
9892,0.005000,17.109300,0,139,4,143,0,0
9893,0.001800,16.256300,0,139,4,143,0,0
9894,0.343000,16.537900,1722,138,5,143,0,11
9895,0.002800,16.925800,0,138,5,143,0,0
9896,0.001800,16.613800,0,138,5,143,0,0
9897,0.001800,16.576300,0,138,5,143,0,0
9898,0.002000,16.792100,0,138,5,143,0,0
9899,0.002400,16.729400,0,138,5,143,0,0
9900,0.001800,16.428600,0,138,5,143,0,0
9901,0.002300,16.712100,0,138,5,143,0,0
9902,0.001900,16.710900,0,138,5,143,0,0
9903,0.001800,16.626200,0,138,5,143,0,0
9904,0.002700,16.806800,0,138,5,143,0,0
9905,0.001800,16.509900,0,138,5,143,0,0
9906,0.331600,16.529400,1722,137,6,143,0,11
9907,0.001900,16.921400,0,137,6,143,0,0
9908,0.002200,16.789000,0,137,6,143,0,0
9909,0.001800,16.493100,0,137,6,143,0,0
9910,0.002000,16.746400,0,137,6,143,0,0
9911,0.002000,16.687900,0,137,6,143,0,0
9912,0.001900,16.442300,0,137,6,143,0,0
9913,0.002800,17.061900,0,137,6,143,0,0
9914,0.002400,16.804200,0,137,6,143,0,0
9915,0.002800,17.243300,0,137,6,143,0,0
9916,0.002200,15.959000,0,137,6,143,0,0
9917,0.001800,16.521800,0,137,6,143,0,0
9918,0.440100,16.603300,1722,136,7,143,0,11
9919,0.002100,16.760300,0,136,7,143,0,0
9920,0.002800,17.103800,0,136,7,143,0,0
9921,0.001900,16.228200,0,136,7,143,0,0
9922,0.001800,16.743600,0,136,7,143,0,0
9923,0.001600,16.647900,0,136,7,143,0,0
9924,0.002800,16.488900,0,136,7,143,0,0
9925,0.001700,16.826700,0,136,7,143,0,0
9926,0.001800,16.680800,0,136,7,143,0,0
9927,0.002400,16.592100,0,136,7,143,0,0
9928,0.003800,17.212700,0,136,7,143,0,0
9929,0.001700,16.127100,0,136,7,143,0,0
9930,0.342900,16.501200,1722,135,8,143,0,11
9931,0.002400,16.857200,0,135,8,143,0,0
9932,0.005500,17.014200,0,135,8,143,0,0
9933,0.001700,16.325500,0,135,8,143,0,0
9934,0.002100,16.795600,0,135,8,143,0,0
9935,0.001900,16.506800,0,135,8,143,0,0
9936,0.002700,16.618200,0,135,8,143,0,0
9937,0.001800,16.805400,0,135,8,143,0,0
9938,0.001800,16.787600,0,135,8,143,0,0
9939,0.001700,16.513500,0,135,8,143,0,0
9940,0.001800,16.618300,0,135,8,143,0,0
9941,0.001800,16.717400,0,135,8,143,0,0
9942,0.362600,16.460800,1722,134,9,143,0,11
9943,0.001700,16.844300,0,134,9,143,0,0
9944,0.002200,16.745500,0,134,9,143,0,0
9945,0.001700,17.206400,0,134,9,143,0,0
9946,0.002800,16.236300,0,134,9,143,0,0
9947,0.001800,16.550300,0,134,9,143,0,0
9948,0.003600,16.650600,0,134,9,143,0,0
9949,0.002300,16.652100,0,134,9,143,0,0
9950,0.003000,17.177700,0,134,9,143,0,0
9951,0.003500,16.479200,0,134,9,143,0,0
9952,0.003700,17.654900,0,134,9,143,0,0
9953,0.890300,16.659200,1722,133,10,143,0,11
9954,0.003900,16.081400,0,133,10,143,0,0
9955,0.003200,16.310200,0,133,10,143,0,0
9956,0.003700,17.031200,0,133,10,143,0,0
9957,0.003300,16.534900,0,133,10,143,0,0
9958,0.004600,17.329600,0,133,10,143,0,0
9959,0.004900,16.774500,0,133,10,143,0,0
9960,0.004900,16.163800,0,133,10,143,0,0
9961,0.004100,16.903200,0,133,10,143,0,0
9962,0.003400,16.650200,0,133,10,143,0,0
9963,0.005100,16.821100,0,133,10,143,0,0
9964,0.003500,16.611700,0,133,10,143,0,0
9965,1.050200,16.303900,1722,132,11,143,0,11
9966,0.003800,16.369100,0,132,11,143,0,0
9967,0.004300,17.077700,0,132,11,143,0,0
9968,0.003500,16.918200,0,132,11,143,0,0
9969,0.003400,16.721200,0,132,11,143,0,0
9970,0.004900,16.691300,0,132,11,143,0,0
9971,0.004100,16.741500,0,132,11,143,0,0
9972,0.004600,16.627200,0,132,11,143,0,0
9973,0.003300,16.553300,0,132,11,143,0,0
9974,0.003500,16.877900,0,132,11,143,0,0
9975,0.025200,18.996400,0,132,11,143,0,0
9976,0.004100,14.359500,0,132,11,143,0,0
9977,1.023200,16.581100,1722,132,11,143,0,11
9978,0.003600,16.328700,0,132,11,143,0,0
9979,0.003600,17.176200,0,132,11,143,0,0
9980,0.004500,17.222900,0,132,11,143,0,0
9981,0.003400,16.226800,0,132,11,143,0,0
9982,0.003100,16.987300,0,132,11,143,0,0
9983,0.002200,16.050600,0,132,11,143,0,0
9984,0.001800,16.500100,0,132,11,143,0,0
9985,0.006300,17.519700,0,132,11,143,0,0
9986,0.004600,16.530700,0,132,11,143,0,0
9987,0.003400,16.742400,0,132,11,143,0,0
9988,0.007500,16.915400,0,132,11,143,0,0
9989,1.077000,16.316800,1722,132,11,143,0,11
9990,0.003700,16.214000,0,132,11,143,0,0
9991,0.001700,16.604500,0,132,11,143,0,0
9992,0.003800,16.988800,0,132,11,143,0,0
9993,0.002500,16.631500,0,132,11,143,0,0
9994,0.002900,16.650500,0,132,11,143,0,0
9995,0.002000,16.483100,0,132,11,143,0,0
9996,0.004100,16.814100,0,132,11,143,0,0
9997,0.002400,16.454800,0,132,11,143,0,0
9998,0.002100,16.929300,0,132,11,143,0,0
9999,0.003100,16.794800,0,132,11,143,0,0
10000,0.003700,17.001100,0,132,11,143,0,0
10001,0.504500,16.072300,1722,132,11,143,0,11
10002,0.002100,16.529800,0,132,11,143,0,0
10003,0.001900,17.269700,0,132,11,143,0,0
10004,0.002300,16.037700,0,132,11,143,0,0
10005,0.002300,16.931800,0,132,11,143,0,0
10006,0.001900,16.379000,0,132,11,143,0,0
10007,0.002400,16.678700,0,132,11,143,0,0
10008,0.002400,16.631000,0,132,11,143,0,0
10009,0.004300,16.885100,0,132,11,143,0,0
10010,0.001600,16.479000,0,132,11,143,0,0
10011,0.001800,16.658700,0,132,11,143,0,0
10012,0.001700,16.670500,0,132,11,143,0,0
10013,0.373700,16.722000,1722,132,11,143,0,11
10014,0.002400,16.470500,0,132,11,143,0,0
10015,0.002000,16.829100,0,132,11,143,0,0
10016,0.002700,16.753500,0,132,11,143,0,0
10017,0.002000,16.683200,0,132,11,143,0,0
10018,0.001800,16.565200,0,132,11,143,0,0
10019,0.002300,16.697400,0,132,11,143,0,0
10020,0.002300,16.477200,0,132,11,143,0,0
10021,0.003500,16.987700,0,132,11,143,0,0
10022,0.352900,16.558800,1782,143,0,143,0,11
10023,0.001900,16.671200,0,143,0,143,0,0
10024,0.001800,17.011100,0,143,0,143,0,0
10025,0.373300,16.265200,1728,143,0,143,0,11
10026,0.002400,16.514000,0,143,0,143,0,0
10027,0.001600,16.819500,0,143,0,143,0,0
10028,0.003000,16.708500,0,143,0,143,0,0
10029,0.001700,16.657700,0,143,0,143,0,0
10030,0.002300,16.615200,0,143,0,143,0,0
10031,0.001800,16.755000,0,143,0,143,0,0
10032,0.002600,16.476200,0,143,0,143,0,0
10033,0.001600,16.798400,0,143,0,143,0,0
10034,0.002000,16.720600,0,143,0,143,0,0
10035,0.003100,16.863400,0,143,0,143,0,0
10036,0.002400,16.412000,0,143,0,143,0,0
10037,0.347200,16.668600,1728,142,1,143,0,11
10038,0.002100,16.544400,0,142,1,143,0,0
10039,0.002300,16.885100,0,142,1,143,0,0
10040,0.001900,16.700300,0,142,1,143,0,0
10041,0.002300,16.575200,0,142,1,143,0,0
10042,0.001800,16.659000,0,142,1,143,0,0
10043,0.001800,16.723900,0,142,1,143,0,0
10044,0.002300,16.422000,0,142,1,143,0,0
10045,0.001800,16.882200,0,142,1,143,0,0
10046,0.002800,16.977300,0,142,1,143,0,0
10047,0.002900,16.593400,0,142,1,143,0,0
10048,0.001800,16.392500,0,142,1,143,0,0
10049,0.338200,16.931500,1728,141,2,143,0,11
10050,0.002500,16.256200,0,141,2,143,0,0
10051,0.001700,16.826400,0,141,2,143,0,0
10052,0.001800,16.667500,0,141,2,143,0,0
10053,0.002000,16.829500,0,141,2,143,0,0
10054,0.001800,16.529600,0,141,2,143,0,0
10055,0.002100,16.817000,0,141,2,143,0,0
10056,0.002300,16.331800,0,141,2,143,0,0
10057,0.003600,17.060100,0,141,2,143,0,0
10058,0.002000,16.564600,0,141,2,143,0,0
10059,0.001700,16.563800,0,141,2,143,0,0
10060,0.002500,16.690200,0,141,2,143,0,0
10061,0.429300,17.470000,1728,140,3,143,0,11
10062,0.002500,15.703400,0,140,3,143,0,0
10063,0.001800,16.948200,0,140,3,143,0,0
10064,0.002300,16.640600,0,140,3,143,0,0
10065,0.001700,16.922400,0,140,3,143,0,0
10066,0.003800,16.897800,0,140,3,143,0,0
10067,0.003700,16.839000,0,140,3,143,0,0
10068,0.002200,15.969900,0,140,3,143,0,0
10069,0.002200,16.976800,0,140,3,143,0,0
10070,0.002300,16.505400,0,140,3,143,0,0
10071,0.001700,16.745200,0,140,3,143,0,0
10072,0.001600,16.602600,0,140,3,143,0,0
10073,0.567400,16.610900,1728,139,4,143,0,11
10074,0.002200,16.579500,0,139,4,143,0,0
10075,0.001800,16.863200,0,139,4,143,0,0
10076,0.001700,16.665200,0,139,4,143,0,0
10077,0.001700,16.688700,0,139,4,143,0,0
10078,0.001800,16.608100,0,139,4,143,0,0
10079,0.003700,17.135600,0,139,4,143,0,0
10080,0.003800,16.150700,0,139,4,143,0,0
10081,0.001600,16.966100,0,139,4,143,0,0
10082,0.002800,16.511700,0,139,4,143,0,0
10083,0.003700,17.015000,0,139,4,143,0,0
10084,0.003400,16.794100,0,139,4,143,0,0
10085,1.330900,16.582100,1728,138,5,143,0,11
10086,0.003700,16.221000,0,138,5,143,0,0
10087,0.003800,17.387800,0,138,5,143,0,0
10088,0.002800,16.219600,0,138,5,143,0,0
10089,0.001700,16.445500,0,138,5,143,0,0
10090,0.002100,16.820800,0,138,5,143,0,0
10091,0.002300,16.493900,0,138,5,143,0,0
10092,0.003100,16.588900,0,138,5,143,0,0
10093,0.003600,17.343700,0,138,5,143,0,0
10094,0.002000,16.145000,0,138,5,143,0,0
10095,0.003500,16.885300,0,138,5,143,0,0
10096,0.002400,16.549300,0,138,5,143,0,0
10097,1.053000,16.682300,1728,137,6,143,0,11
10098,0.003600,16.811000,0,137,6,143,0,0
10099,0.004100,16.855500,0,137,6,143,0,0
10100,0.003500,16.908500,0,137,6,143,0,0
10101,0.001700,16.109800,0,137,6,143,0,0
10102,0.001900,16.651100,0,137,6,143,0,0
10103,0.001800,16.655200,0,137,6,143,0,0
10104,0.002000,16.468600,0,137,6,143,0,0
10105,0.002200,16.870700,0,137,6,143,0,0
10106,0.001700,16.609200,0,137,6,143,0,0
10107,0.002400,16.662100,0,137,6,143,0,0
10108,0.338400,16.672400,1782,143,0,143,0,11
10109,0.326800,16.674100,1734,143,0,143,0,11
10110,0.002000,16.550700,0,143,0,143,0,0
10111,0.001800,17.052300,0,143,0,143,0,0
10112,0.003100,16.608400,0,143,0,143,0,0
10113,0.004200,16.973200,0,143,0,143,0,0
10114,0.001700,16.305900,0,143,0,143,0,0
10115,0.001700,16.527000,0,143,0,143,0,0
10116,0.001900,16.530000,0,143,0,143,0,0
10117,0.001700,16.885700,0,143,0,143,0,0
10118,0.006200,17.055600,0,143,0,143,0,0
10119,0.001800,16.196500,0,143,0,143,0,0
10120,0.002200,16.773600,0,143,0,143,0,0
10121,0.442000,16.633900,1734,142,1,143,0,11
10122,0.002600,16.434400,0,142,1,143,0,0
10123,0.002200,16.908400,0,142,1,143,0,0
10124,0.002800,16.760800,0,142,1,143,0,0
10125,0.002100,16.763400,0,142,1,143,0,0
10126,0.002000,16.584300,0,142,1,143,0,0
10127,0.002500,16.488700,0,142,1,143,0,0
10128,0.003200,16.496800,0,142,1,143,0,0
10129,0.002300,16.834500,0,142,1,143,0,0
10130,0.002300,16.636200,0,142,1,143,0,0
10131,0.001700,16.678400,0,142,1,143,0,0
10132,0.003800,17.219000,0,142,1,143,0,0
10133,0.322000,16.126400,1734,141,2,143,0,11
10134,0.002700,16.503600,0,141,2,143,0,0
10135,0.001700,17.002600,0,141,2,143,0,0
10136,0.005300,17.650000,0,141,2,143,0,0
10137,0.003500,16.486300,0,141,2,143,0,0
10138,0.004400,16.503300,0,141,2,143,0,0
10139,0.001900,17.006000,0,141,2,143,0,0
10140,0.002300,16.676600,0,141,2,143,0,0
10141,0.002300,16.372100,0,141,2,143,0,0
10142,0.003700,17.042500,0,141,2,143,0,0
10143,0.001900,16.519000,0,141,2,143,0,0
10144,0.001900,16.578800,0,141,2,143,0,0
10145,0.361200,16.732600,1734,140,3,143,0,11
10146,0.003000,16.740600,0,140,3,143,0,0
10147,0.001900,16.361100,0,140,3,143,0,0
10148,0.002200,17.240500,0,140,3,143,0,0
10149,0.002000,16.298600,0,140,3,143,0,0
10150,0.003100,16.780300,0,140,3,143,0,0
10151,0.001900,16.587300,0,140,3,143,0,0
10152,0.002500,16.857300,0,140,3,143,0,0
10153,0.003200,16.415700,0,140,3,143,0,0
10154,0.003200,16.928600,0,140,3,143,0,0
10155,0.076600,18.040400,0,140,3,143,0,0
10156,0.002400,15.436300,0,140,3,143,0,0
10157,0.377500,16.611700,1734,139,4,143,0,11
10158,0.002000,16.580000,0,139,4,143,0,0
10159,0.002900,16.479300,0,139,4,143,0,0
10160,0.002100,16.842300,0,139,4,143,0,0
10161,0.003900,16.924800,0,139,4,143,0,0
10162,0.002600,16.555300,0,139,4,143,0,0
10163,0.003400,16.951300,0,139,4,143,0,0
10164,0.002700,16.681800,0,139,4,143,0,0
10165,0.002200,16.523900,0,139,4,143,0,0
10166,0.004000,16.937600,0,139,4,143,0,0
10167,0.003500,16.816200,0,139,4,143,0,0
10168,0.002100,16.625200,0,139,4,143,0,0
10169,0.936200,16.738900,1734,138,5,143,0,11
10170,0.003200,16.675900,0,138,5,143,0,0
10171,0.003500,16.172200,0,138,5,143,0,0
10172,0.003300,17.161900,0,138,5,143,0,0
10173,0.004500,16.907400,0,138,5,143,0,0
10174,0.005200,16.846800,0,138,5,143,0,0
10175,0.004000,16.385500,0,138,5,143,0,0
10176,0.003900,16.716200,0,138,5,143,0,0
10177,0.938500,16.059600,1782,143,0,143,0,11
10178,0.003800,17.114400,0,143,0,143,0,0
10179,0.007100,17.295400,0,143,0,143,0,0
10180,0.003700,16.661500,0,143,0,143,0,0
10181,1.055100,17.140000,1740,143,0,143,0,11
10182,0.003100,16.405100,0,143,0,143,0,0
10183,0.004000,16.000500,0,143,0,143,0,0
10184,0.003400,17.346000,0,143,0,143,0,0
10185,0.003300,16.837000,0,143,0,143,0,0
10186,0.003600,16.099400,0,143,0,143,0,0
10187,0.003600,17.035800,0,143,0,143,0,0
10188,0.004700,16.730300,0,143,0,143,0,0
10189,0.005200,16.148700,0,143,0,143,0,0
10190,0.003800,16.785600,0,143,0,143,0,0
10191,0.005500,17.299900,0,143,0,143,0,0
10192,0.002800,16.121600,0,143,0,143,0,0
10193,0.583400,16.500500,1740,142,1,143,0,11
10194,0.003000,16.796300,0,142,1,143,0,0
10195,0.003600,16.311400,0,142,1,143,0,0
10196,0.004000,17.133300,0,142,1,143,0,0
10197,0.003800,16.913400,0,142,1,143,0,0
10198,0.003500,16.546300,0,142,1,143,0,0
10199,0.003800,16.835300,0,142,1,143,0,0
10200,0.004500,16.436600,0,142,1,143,0,0
10201,0.005200,17.533600,0,142,1,143,0,0
10202,0.004000,16.777300,0,142,1,143,0,0
10203,0.003600,16.278500,0,142,1,143,0,0
10204,0.003700,16.798500,0,142,1,143,0,0
10205,1.011100,16.557500,1740,141,2,143,0,11
10206,0.003400,16.542700,0,141,2,143,0,0
10207,0.002500,16.169500,0,141,2,143,0,0
10208,0.001800,16.737300,0,141,2,143,0,0
10209,0.001700,16.705400,0,141,2,143,0,0
10210,0.003500,17.087700,0,141,2,143,0,0
10211,0.003500,16.700100,0,141,2,143,0,0
10212,0.002600,16.398400,0,141,2,143,0,0
10213,0.006000,16.695300,0,141,2,143,0,0
10214,0.003400,17.178700,0,141,2,143,0,0
10215,0.005100,16.506400,0,141,2,143,0,0
10216,0.003800,17.625800,0,141,2,143,0,0
10217,1.062600,15.738100,1740,140,3,143,0,11
10218,0.003900,16.691000,0,140,3,143,0,0
10219,0.003500,16.322200,0,140,3,143,0,0
10220,0.001700,16.799500,0,140,3,143,0,0
10221,0.003800,16.898600,0,140,3,143,0,0
10222,0.003900,17.036200,0,140,3,143,0,0
10223,0.004000,16.749900,0,140,3,143,0,0
10224,0.003900,16.690500,0,140,3,143,0,0
10225,0.005000,16.283500,0,140,3,143,0,0
10226,0.003900,17.366000,0,140,3,143,0,0
10227,0.004400,16.455500,0,140,3,143,0,0
10228,0.004000,16.661300,0,140,3,143,0,0
10229,0.948500,16.445000,1740,139,4,143,0,11
10230,0.003200,16.692100,0,139,4,143,0,0
10231,0.003000,16.295500,0,139,4,143,0,0
10232,0.002500,16.894700,0,139,4,143,0,0
10233,0.003700,16.980800,0,139,4,143,0,0
10234,0.003600,16.369800,0,139,4,143,0,0
10235,0.003700,16.694900,0,139,4,143,0,0
10236,0.003400,16.952800,0,139,4,143,0,0
10237,0.003600,16.115700,0,139,4,143,0,0
10238,0.003800,17.376800,0,139,4,143,0,0
10239,0.003200,16.491900,0,139,4,143,0,0
10240,1.293600,16.686200,1782,143,0,143,0,11
10241,1.090500,16.691100,1746,143,0,143,0,11
10242,0.003300,16.419600,0,143,0,143,0,0
10243,0.003500,16.329900,0,143,0,143,0,0
10244,0.003400,17.035400,0,143,0,143,0,0
10245,0.003300,17.226900,0,143,0,143,0,0
10246,0.003800,16.438500,0,143,0,143,0,0
10247,0.003400,16.625700,0,143,0,143,0,0
10248,0.004400,16.751400,0,143,0,143,0,0
10249,0.004200,16.060300,0,143,0,143,0,0
10250,0.004000,17.027900,0,143,0,143,0,0
10251,0.003700,16.837800,0,143,0,143,0,0
10252,0.006800,16.853000,0,143,0,143,0,0
10253,0.340400,16.059200,1746,142,1,143,0,11
10254,0.003800,17.053800,0,142,1,143,0,0
10255,0.003400,16.053900,0,142,1,143,0,0
10256,0.004600,17.310800,0,142,1,143,0,0
10257,0.001900,16.353000,0,142,1,143,0,0
10258,0.001900,16.359900,0,142,1,143,0,0
10259,0.003100,16.807100,0,142,1,143,0,0
10260,0.001700,16.591600,0,142,1,143,0,0
10261,0.002400,16.424500,0,142,1,143,0,0
10262,0.001700,16.839400,0,142,1,143,0,0
10263,0.001700,16.715000,0,142,1,143,0,0
10264,0.003800,16.922000,0,142,1,143,0,0
10265,0.364100,16.355900,1746,141,2,143,0,11
10266,0.001600,16.623400,0,141,2,143,0,0
10267,0.002000,16.516500,0,141,2,143,0,0
10268,0.002200,16.901300,0,141,2,143,0,0
10269,0.002400,16.738700,0,141,2,143,0,0
10270,0.001900,16.597400,0,141,2,143,0,0
10271,0.003400,17.125400,0,141,2,143,0,0
10272,0.002300,16.368900,0,141,2,143,0,0
10273,0.002000,16.301000,0,141,2,143,0,0
10274,0.002300,16.775000,0,141,2,143,0,0
10275,0.001900,16.677800,0,141,2,143,0,0
10276,0.002300,16.686700,0,141,2,143,0,0
10277,0.356200,16.650700,1746,140,3,143,0,11
10278,0.001700,16.707100,0,140,3,143,0,0
10279,0.002100,16.482800,0,140,3,143,0,0
10280,0.002300,16.809200,0,140,3,143,0,0
10281,0.002000,16.826600,0,140,3,143,0,0
10282,0.002900,16.521300,0,140,3,143,0,0
10283,0.001800,16.647100,0,140,3,143,0,0
10284,0.001800,16.670600,0,140,3,143,0,0
10285,0.002100,16.573200,0,140,3,143,0,0
10286,0.001900,16.783900,0,140,3,143,0,0
10287,0.002400,16.673100,0,140,3,143,0,0
10288,0.002100,16.716300,0,140,3,143,0,0
10289,0.344400,16.600500,1746,139,4,143,0,11
10290,0.001800,16.730000,0,139,4,143,0,0
10291,0.001700,16.458900,0,139,4,143,0,0
10292,0.002400,16.932600,0,139,4,143,0,0
10293,0.002300,16.548000,0,139,4,143,0,0
10294,0.002500,16.667200,0,139,4,143,0,0
10295,0.001800,16.663100,0,139,4,143,0,0
10296,0.001800,16.738000,0,139,4,143,0,0
10297,0.002200,16.447600,0,139,4,143,0,0
10298,0.001900,16.984800,0,139,4,143,0,0
10299,0.002200,16.686200,0,139,4,143,0,0
10300,0.415500,16.551100,1782,143,0,143,0,11
10301,0.332800,16.676600,1752,143,0,143,0,11
10302,0.002400,16.673600,0,143,0,143,0,0
10303,0.001900,17.399800,0,143,0,143,0,0
10304,0.001900,16.401200,0,143,0,143,0,0
10305,0.001800,17.015900,0,143,0,143,0,0
10306,0.002100,16.605100,0,143,0,143,0,0
10307,0.001900,16.529200,0,143,0,143,0,0
10308,0.002600,16.647200,0,143,0,143,0,0
10309,0.001700,16.714900,0,143,0,143,0,0
10310,0.002300,16.453800,0,143,0,143,0,0
10311,0.002400,16.819600,0,143,0,143,0,0
10312,0.001600,16.661300,0,143,0,143,0,0
10313,0.389100,16.759700,1752,142,1,143,0,11
10314,0.002600,16.665800,0,142,1,143,0,0
10315,0.001500,16.676200,0,142,1,143,0,0
10316,0.002300,16.445400,0,142,1,143,0,0
10317,0.001700,16.806900,0,142,1,143,0,0
10318,0.001800,16.665300,0,142,1,143,0,0
10319,0.002000,16.702800,0,142,1,143,0,0
10320,0.001900,16.748800,0,142,1,143,0,0
10321,0.002700,16.733000,0,142,1,143,0,0
10322,0.002400,16.329500,0,142,1,143,0,0
10323,0.002000,16.899700,0,142,1,143,0,0
10324,0.002100,16.709600,0,142,1,143,0,0
10325,0.331700,16.551400,1752,141,2,143,0,11
10326,0.002200,16.719100,0,141,2,143,0,0
10327,0.002400,16.667800,0,141,2,143,0,0
10328,0.002400,16.443600,0,141,2,143,0,0
10329,0.002000,16.853100,0,141,2,143,0,0
10330,0.003000,16.756700,0,141,2,143,0,0
10331,0.002700,16.787000,0,141,2,143,0,0
10332,0.001800,16.493200,0,141,2,143,0,0
10333,0.002400,16.653400,0,141,2,143,0,0
10334,0.002200,16.487200,0,141,2,143,0,0
10335,0.002200,16.884700,0,141,2,143,0,0
10336,0.002000,16.723900,0,141,2,143,0,0
10337,0.316200,16.569800,1752,140,3,143,0,11
10338,0.002500,16.745200,0,140,3,143,0,0
10339,0.001800,16.578200,0,140,3,143,0,0
10340,0.003700,16.706900,0,140,3,143,0,0
10341,0.002800,17.008600,0,140,3,143,0,0
10342,0.002300,16.379600,0,140,3,143,0,0
10343,0.002200,16.715100,0,140,3,143,0,0
10344,0.002500,16.778700,0,140,3,143,0,0
10345,0.002200,16.596900,0,140,3,143,0,0
10346,0.001700,16.397100,0,140,3,143,0,0
10347,0.002400,16.780100,0,140,3,143,0,0
10348,0.002600,16.813500,0,140,3,143,0,0
10349,0.377000,17.025200,1752,139,4,143,0,11
10350,0.002200,16.615300,0,139,4,143,0,0
10351,0.002300,16.629800,0,139,4,143,0,0
10352,0.002400,16.438500,0,139,4,143,0,0
10353,0.002900,16.953800,0,139,4,143,0,0
10354,0.002000,16.632400,0,139,4,143,0,0
10355,0.001800,16.661200,0,139,4,143,0,0
10356,0.001900,16.587500,0,139,4,143,0,0
10357,0.001800,16.634500,0,139,4,143,0,0
10358,0.002100,16.680900,0,139,4,143,0,0
10359,0.001700,16.651700,0,139,4,143,0,0
10360,0.001700,16.685400,0,139,4,143,0,0
10361,0.775100,16.796100,3378,142,1,143,0,21
10362,0.001700,16.658900,0,142,1,143,0,0
10363,0.002300,16.559600,0,142,1,143,0,0
10364,0.002200,16.527300,0,142,1,143,0,0
10365,0.001900,16.984400,0,142,1,143,0,0
10366,0.001800,16.459400,0,142,1,143,0,0
10367,0.002400,16.660100,0,142,1,143,0,0
10368,0.002500,16.828300,0,142,1,143,0,0
10369,0.002500,16.510800,0,142,1,143,0,0
10370,0.002500,16.514900,0,142,1,143,0,0
10371,0.002600,17.120300,0,142,1,143,0,0
10372,0.002400,16.408500,0,142,1,143,0,0
10373,0.414300,16.655600,1758,142,1,143,0,11
10374,0.002100,16.719500,0,142,1,143,0,0
10375,0.001900,16.733900,0,142,1,143,0,0
10376,0.001800,16.781700,0,142,1,143,0,0
10377,0.001700,16.657800,0,142,1,143,0,0
10378,0.001700,16.677600,0,142,1,143,0,0
10379,0.003500,16.682700,0,142,1,143,0,0
10380,0.001900,16.735300,0,142,1,143,0,0
10381,0.001700,16.559000,0,142,1,143,0,0
10382,0.001900,16.568900,0,142,1,143,0,0
10383,0.001900,16.798700,0,142,1,143,0,0
10384,0.001700,16.684600,0,142,1,143,0,0
10385,0.390500,16.704800,1758,141,2,143,0,11
10386,0.001900,16.661100,0,141,2,143,0,0
10387,0.002000,16.670500,0,141,2,143,0,0
10388,0.001900,16.469700,0,141,2,143,0,0
10389,0.001700,16.831600,0,141,2,143,0,0
10390,0.001900,16.685700,0,141,2,143,0,0
10391,0.002700,16.652700,0,141,2,143,0,0
10392,0.002400,16.655700,0,141,2,143,0,0
10393,0.002300,16.690300,0,141,2,143,0,0
10394,0.004000,16.610000,0,141,2,143,0,0
10395,0.003800,17.330500,0,141,2,143,0,0
10396,0.001800,16.069600,0,141,2,143,0,0
10397,0.554300,18.839000,1758,140,3,143,0,11
10398,0.003000,16.664100,0,140,3,143,0,0
10399,0.001700,14.547600,0,140,3,143,0,0
10400,0.002400,16.517800,0,140,3,143,0,0
10401,0.002300,16.835700,0,140,3,143,0,0
10402,0.003100,16.850100,0,140,3,143,0,0
10403,0.002500,16.660600,0,140,3,143,0,0
10404,0.001800,16.468700,0,140,3,143,0,0
10405,0.001800,16.731600,0,140,3,143,0,0
10406,0.003500,16.492000,0,140,3,143,0,0
10407,0.026100,17.264400,0,140,3,143,0,0
10408,0.002300,16.294700,0,140,3,143,0,0
10409,0.336700,16.596800,1758,139,4,143,0,11
10410,0.001800,16.639200,0,139,4,143,0,0
10411,0.002300,16.645400,0,139,4,143,0,0
10412,0.003200,16.789300,0,139,4,143,0,0
10413,0.003200,17.025300,0,139,4,143,0,0
10414,0.002600,16.860800,0,139,4,143,0,0
10415,0.002600,16.118900,0,139,4,143,0,0
10416,0.001700,16.570700,0,139,4,143,0,0
10417,0.001800,16.667200,0,139,4,143,0,0
10418,0.002100,16.566300,0,139,4,143,0,0
10419,0.001800,16.856700,0,139,4,143,0,0
10420,0.004100,16.921800,0,139,4,143,0,0
10421,0.384400,16.490800,1758,138,5,143,0,11
10422,0.002700,16.875900,0,138,5,143,0,0
10423,0.003100,17.091700,0,138,5,143,0,0
10424,0.920700,16.653800,1782,143,0,143,0,11
10425,0.004200,17.454400,0,143,0,143,0,0
10426,0.003000,16.424800,0,143,0,143,0,0
10427,0.003000,16.668000,0,143,0,143,0,0
10428,0.002300,16.350100,0,143,0,143,0,0
10429,0.002400,16.759600,0,143,0,143,0,0
10430,0.002600,16.388200,0,143,0,143,0,0
10431,0.003800,17.067300,0,143,0,143,0,0
10432,0.003400,16.768700,0,143,0,143,0,0
10433,0.869600,17.142500,1764,143,0,143,0,11
10434,0.002500,16.498700,0,143,0,143,0,0
10435,0.003200,16.518600,0,143,0,143,0,0
10436,0.002500,16.630700,0,143,0,143,0,0
10437,0.003600,17.838500,0,143,0,143,0,0
10438,0.002900,16.985400,0,143,0,143,0,0
10439,0.004500,16.906200,0,143,0,143,0,0
10440,0.003800,16.526900,0,143,0,143,0,0
10441,0.003100,16.558800,0,143,0,143,0,0
10442,0.003700,16.915800,0,143,0,143,0,0
10443,0.003100,15.972800,0,143,0,143,0,0
10444,0.002900,16.811400,0,143,0,143,0,0
10445,1.016800,16.907600,1764,142,1,143,0,11
10446,0.002700,16.435900,0,142,1,143,0,0
10447,0.002300,16.614900,0,142,1,143,0,0
10448,0.003200,16.891500,0,142,1,143,0,0
10449,0.004200,16.373100,0,142,1,143,0,0
10450,0.005600,17.232700,0,142,1,143,0,0
10451,0.003200,16.317700,0,142,1,143,0,0
10452,0.002800,16.902700,0,142,1,143,0,0
10453,0.003100,16.638100,0,142,1,143,0,0
10454,0.004500,16.648500,0,142,1,143,0,0
10455,0.001900,16.056200,0,142,1,143,0,0
10456,0.002500,16.971400,0,142,1,143,0,0
10457,0.939400,16.930900,1764,141,2,143,0,11
10458,0.002500,16.725100,0,141,2,143,0,0
10459,0.002200,16.949300,0,141,2,143,0,0
10460,0.002700,16.711200,0,141,2,143,0,0
10461,0.003800,16.558000,0,141,2,143,0,0
10462,0.003200,17.014500,0,141,2,143,0,0
10463,0.005100,16.914100,0,141,2,143,0,0
10464,0.004500,16.992900,0,141,2,143,0,0
10465,0.005500,16.526000,0,141,2,143,0,0
10466,0.003200,16.453100,0,141,2,143,0,0
10467,0.003800,16.220300,0,141,2,143,0,0
10468,0.004100,16.979100,0,141,2,143,0,0
10469,0.971500,16.589100,1764,140,3,143,0,11
10470,0.004100,16.869100,0,140,3,143,0,0
10471,0.004000,16.495100,0,140,3,143,0,0
10472,0.003200,16.635000,0,140,3,143,0,0
10473,0.003900,16.354700,0,140,3,143,0,0
10474,0.003800,17.164400,0,140,3,143,0,0
10475,0.002900,16.392100,0,140,3,143,0,0
10476,0.002700,16.809100,0,140,3,143,0,0
10477,0.005700,17.311400,0,140,3,143,0,0
10478,0.003600,16.224100,0,140,3,143,0,0
10479,0.004100,16.309100,0,140,3,143,0,0
10480,0.004900,17.372200,0,140,3,143,0,0
10481,0.554700,16.086800,1764,139,4,143,0,11
10482,0.002200,16.683100,0,139,4,143,0,0
10483,0.002900,16.775100,0,139,4,143,0,0
10484,0.001600,16.553300,0,139,4,143,0,0
10485,0.004200,17.114800,0,139,4,143,0,0
10486,0.003600,16.449000,0,139,4,143,0,0
10487,0.004100,16.959400,0,139,4,143,0,0
10488,0.004500,16.709200,0,139,4,143,0,0
10489,0.003200,16.565200,0,139,4,143,0,0
10490,0.005400,16.818900,0,139,4,143,0,0
10491,0.006600,16.335700,0,139,4,143,0,0
10492,0.008500,16.999700,0,139,4,143,0,0
10493,1.820800,16.532600,3390,142,1,143,0,21
10494,0.003600,16.964500,0,142,1,143,0,0
10495,0.003300,16.320400,0,142,1,143,0,0
10496,0.002100,16.321400,0,142,1,143,0,0
10497,0.002200,16.439200,0,142,1,143,0,0
10498,0.002900,18.021300,0,142,1,143,0,0
10499,0.003900,16.902000,0,142,1,143,0,0
10500,0.003200,16.718300,0,142,1,143,0,0
10501,0.004000,16.494300,0,142,1,143,0,0
10502,0.003600,16.710900,0,142,1,143,0,0
10503,0.003900,16.149400,0,142,1,143,0,0
10504,0.003600,17.197000,0,142,1,143,0,0
10505,1.138600,16.663000,1770,142,1,143,0,11
10506,0.003500,16.782600,0,142,1,143,0,0
10507,0.003500,16.573900,0,142,1,143,0,0
10508,0.003900,16.959200,0,142,1,143,0,0
10509,0.003900,15.815600,0,142,1,143,0,0
10510,0.004000,17.154800,0,142,1,143,0,0
10511,0.005000,16.878300,0,142,1,143,0,0
10512,0.003000,16.269400,0,142,1,143,0,0
10513,0.002300,16.675100,0,142,1,143,0,0
10514,0.003100,16.943000,0,142,1,143,0,0
10515,0.003700,16.179300,0,142,1,143,0,0
10516,0.003900,17.158700,0,142,1,143,0,0
10517,1.033500,16.649300,1770,141,2,143,0,11
10518,0.003300,16.833400,0,141,2,143,0,0
10519,0.004400,16.940500,0,141,2,143,0,0
10520,0.002700,16.539800,0,141,2,143,0,0
10521,0.003300,16.202700,0,141,2,143,0,0
10522,0.003500,17.176300,0,141,2,143,0,0
10523,0.004900,16.792000,0,141,2,143,0,0
10524,0.003400,16.654000,0,141,2,143,0,0
10525,0.003900,16.487600,0,141,2,143,0,0
10526,0.003700,16.714000,0,141,2,143,0,0
10527,0.004100,16.241900,0,141,2,143,0,0
10528,0.003500,17.280300,0,141,2,143,0,0
10529,0.970400,16.738700,1770,140,3,143,0,11
10530,0.003300,16.595800,0,140,3,143,0,0
10531,0.005300,16.617900,0,140,3,143,0,0
10532,0.003200,16.473300,0,140,3,143,0,0
10533,0.003700,16.280500,0,140,3,143,0,0
10534,0.003600,17.440400,0,140,3,143,0,0
10535,0.003800,16.433200,0,140,3,143,0,0
10536,0.004100,16.743900,0,140,3,143,0,0
10537,0.003600,16.937300,0,140,3,143,0,0
10538,0.003800,16.331300,0,140,3,143,0,0
10539,0.004000,16.175700,0,140,3,143,0,0
10540,0.003400,17.119600,0,140,3,143,0,0
10541,1.059500,16.712400,1770,139,4,143,0,11
10542,0.003400,16.892900,0,139,4,143,0,0
10543,0.004800,16.649500,0,139,4,143,0,0
10544,0.004800,16.540200,0,139,4,143,0,0
10545,0.003400,16.711200,0,139,4,143,0,0
10546,0.003100,16.834900,0,139,4,143,0,0
10547,0.002300,16.474800,0,139,4,143,0,0
10548,0.003200,16.968500,0,139,4,143,0,0
10549,0.003700,16.937500,0,139,4,143,0,0
10550,0.003700,16.777200,0,139,4,143,0,0
10551,0.003400,16.006600,0,139,4,143,0,0
10552,0.003500,17.201700,0,139,4,143,0,0
10553,1.121500,16.741300,1770,138,5,143,0,11
10554,0.002300,16.140300,0,138,5,143,0,0
10555,0.003200,17.024700,0,138,5,143,0,0
10556,0.003300,16.495100,0,138,5,143,0,0
10557,0.003400,16.415400,0,138,5,143,0,0
10558,0.004100,17.241400,0,138,5,143,0,0
10559,0.002900,16.409900,0,138,5,143,0,0
10560,0.002300,16.501000,0,138,5,143,0,0
10561,0.002800,16.689500,0,138,5,143,0,0
10562,0.002600,16.530900,0,138,5,143,0,0
10563,0.003800,16.627900,0,138,5,143,0,0
10564,0.003300,17.222900,0,138,5,143,0,0
10565,0.949600,16.683300,1770,137,6,143,0,11
10566,0.003200,16.349900,0,137,6,143,0,0
10567,0.004000,17.114200,0,137,6,143,0,0
10568,0.003600,16.394900,0,137,6,143,0,0
10569,0.003900,16.314600,0,137,6,143,0,0
10570,0.004000,16.960500,0,137,6,143,0,0
10571,0.005000,16.871500,0,137,6,143,0,0
10572,0.003900,16.675200,0,137,6,143,0,0
10573,0.003600,16.695700,0,137,6,143,0,0
10574,0.004400,16.636400,0,137,6,143,0,0
10575,0.003800,16.127500,0,137,6,143,0,0
10576,0.004000,17.179100,0,137,6,143,0,0
10577,0.956700,16.542700,1770,136,7,143,0,11
10578,0.985300,16.949500,1848,143,0,143,0,11
10579,0.003500,16.621400,0,143,0,143,0,0
10580,0.003400,16.628800,0,143,0,143,0,0
10581,0.004000,16.638800,0,143,0,143,0,0
10582,0.005200,16.299900,0,143,0,143,0,0
10583,0.003700,17.248700,0,143,0,143,0,0
10584,0.003100,16.378200,0,143,0,143,0,0
10585,0.003200,16.875700,0,143,0,143,0,0
10586,0.004000,16.951500,0,143,0,143,0,0
10587,0.003800,16.472300,0,143,0,143,0,0
10588,0.004700,16.093300,0,143,0,143,0,0
10589,2.793100,17.386500,1782,143,0,143,0,11
10590,0.005100,16.409200,0,143,0,143,0,0
10591,0.003100,16.601800,0,143,0,143,0,0
10592,0.003900,16.884800,0,143,0,143,0,0
10593,0.004400,16.603900,0,143,0,143,0,0
10594,0.003500,16.109000,0,143,0,143,0,0
10595,0.004100,17.164700,0,143,0,143,0,0
10596,0.002400,16.205200,0,143,0,143,0,0
10597,0.018300,16.794500,0,143,0,143,0,0
10598,0.004500,17.109000,0,143,0,143,0,0
10599,0.003500,16.710900,0,143,0,143,0,0
10600,0.003900,16.048200,0,143,0,143,0,0
10601,0.987200,17.023500,1782,142,1,143,0,11
10602,0.003300,17.186900,0,142,1,143,0,0
10603,0.003200,16.571700,0,142,1,143,0,0
10604,0.003500,16.700000,0,142,1,143,0,0
10605,0.013600,18.503700,0,142,1,143,0,0
10606,0.001800,14.083100,0,142,1,143,0,0
10607,0.002800,18.742300,0,142,1,143,0,0
10608,0.001600,14.760600,0,142,1,143,0,0
10609,0.003000,18.567900,0,142,1,143,0,0
10610,0.002000,14.771100,0,142,1,143,0,0
10611,0.003900,18.666600,0,142,1,143,0,0
10612,0.002700,14.663800,0,142,1,143,0,0
10613,1.166700,17.795300,1782,141,2,143,0,11
10614,0.001600,15.553300,0,141,2,143,0,0
10615,0.002800,18.419000,0,141,2,143,0,0
10616,0.002200,14.976000,0,141,2,143,0,0
10617,0.002100,18.556300,0,141,2,143,0,0
10618,0.001800,14.564600,0,141,2,143,0,0
10619,0.002700,17.041000,0,141,2,143,0,0
10620,0.001700,16.522600,0,141,2,143,0,0
10621,0.015800,18.052500,0,141,2,143,0,0
10622,0.003700,15.665200,0,141,2,143,0,0
10623,0.003300,16.875200,0,141,2,143,0,0
10624,0.002200,15.997900,0,141,2,143,0,0
10625,1.484900,17.825800,1782,140,3,143,0,11
10626,0.003200,16.111600,0,140,3,143,0,0
10627,0.003200,16.604100,0,140,3,143,0,0
10628,0.002900,16.707900,0,140,3,143,0,0
10629,0.003100,17.136500,0,140,3,143,0,0
10630,0.002600,15.841000,0,140,3,143,0,0
10631,0.003400,17.404500,0,140,3,143,0,0
10632,0.003600,16.418100,0,140,3,143,0,0
10633,0.003500,16.849300,0,140,3,143,0,0
10634,0.003200,16.678100,0,140,3,143,0,0
10635,0.003400,16.618500,0,140,3,143,0,0
10636,0.005900,16.408500,0,140,3,143,0,0
10637,1.004600,17.117000,1782,139,4,143,0,11
10638,0.003600,16.294000,0,139,4,143,0,0
10639,0.003200,16.865300,0,139,4,143,0,0
10640,0.003800,16.749700,0,139,4,143,0,0
10641,0.002300,17.802000,0,139,4,143,0,0
10642,0.004000,14.939500,0,139,4,143,0,0
10643,0.003600,17.098800,0,139,4,143,0,0
10644,0.004400,16.853700,0,139,4,143,0,0
10645,0.006700,17.126000,0,139,4,143,0,0
10646,0.004300,16.274200,0,139,4,143,0,0
10647,0.003400,16.781300,0,139,4,143,0,0
10648,0.004800,16.037000,0,139,4,143,0,0
10649,0.821500,16.863900,1782,138,5,143,0,11
10650,0.001800,16.353400,0,138,5,143,0,0
10651,0.003100,18.727000,0,138,5,143,0,0
10652,0.002500,16.495300,0,138,5,143,0,0
10653,0.002200,16.393100,0,138,5,143,0,0
10654,0.002700,15.213500,0,138,5,143,0,0
10655,0.002000,18.313800,0,138,5,143,0,0
10656,0.002100,15.214300,0,138,5,143,0,0
10657,0.002200,18.016100,0,138,5,143,0,0
10658,0.004100,16.947000,0,138,5,143,0,0
10659,0.001800,16.162700,0,138,5,143,0,0
10660,0.002300,15.353700,0,138,5,143,0,0
10661,1.614800,18.249900,1782,137,6,143,0,11
10662,0.002100,16.405400,0,137,6,143,0,0
10663,0.003300,17.466000,0,137,6,143,0,0
10664,0.004400,14.987600,0,137,6,143,0,0
10665,0.002000,18.065600,0,137,6,143,0,0
10666,0.001900,15.004100,0,137,6,143,0,0
10667,0.015800,19.390700,0,137,6,143,0,0
10668,0.002600,16.750700,0,137,6,143,0,0
10669,0.001900,15.709800,0,137,6,143,0,0
10670,0.002400,16.055500,0,137,6,143,0,0
10671,0.002900,18.422300,0,137,6,143,0,0
10672,0.003100,14.488900,0,137,6,143,0,0
10673,1.761100,18.581700,1782,136,7,143,0,11
10674,0.003700,15.357700,0,136,7,143,0,0
10675,0.004700,18.431800,0,136,7,143,0,0
10676,0.004500,15.267200,0,136,7,143,0,0
10677,0.011700,18.172900,0,136,7,143,0,0
10678,0.003100,16.065100,0,136,7,143,0,0
10679,0.003000,17.141200,0,136,7,143,0,0
10680,0.003300,14.996700,0,136,7,143,0,0
10681,0.003600,18.455400,0,136,7,143,0,0
10682,0.003600,15.013400,0,136,7,143,0,0
10683,0.003400,18.329500,0,136,7,143,0,0
10684,0.004800,14.627900,0,136,7,143,0,0
10685,1.369700,18.704000,1782,135,8,143,0,11
10686,0.003400,14.997300,0,135,8,143,0,0
10687,0.005100,18.902300,0,135,8,143,0,0
10688,0.002300,13.963800,0,135,8,143,0,0
10689,0.003100,17.303900,0,135,8,143,0,0
10690,0.002400,16.216700,0,135,8,143,0,0
10691,0.002300,16.975500,0,135,8,143,0,0
10692,0.003200,16.854100,0,135,8,143,0,0
10693,0.018600,17.651500,0,135,8,143,0,0
10694,0.004700,15.888600,0,135,8,143,0,0
10695,0.005400,17.374700,0,135,8,143,0,0
10696,0.003400,15.442600,0,135,8,143,0,0
10697,1.141100,18.645300,1782,134,9,143,0,11
10698,0.003800,15.283300,0,134,9,143,0,0
10699,0.003900,17.868600,0,134,9,143,0,0
10700,0.004800,16.617700,0,134,9,143,0,0
10701,0.003900,16.537000,0,134,9,143,0,0
10702,0.003300,16.581700,0,134,9,143,0,0
10703,0.003600,16.913000,0,134,9,143,0,0
10704,0.003300,16.442600,0,134,9,143,0,0
10705,0.002600,16.115300,0,134,9,143,0,0
10706,0.002400,16.537300,0,134,9,143,0,0
10707,0.001700,16.656800,0,134,9,143,0,0
10708,0.003700,17.016800,0,134,9,143,0,0
10709,1.053700,16.952500,1782,133,10,143,0,11
10710,0.003500,16.819800,0,133,10,143,0,0
10711,0.003600,16.902200,0,133,10,143,0,0
10712,0.003600,16.088000,0,133,10,143,0,0
10713,0.003400,16.979700,0,133,10,143,0,0
10714,0.001800,16.028500,0,133,10,143,0,0
10715,0.002400,16.413900,0,133,10,143,0,0
10716,0.003100,17.446100,0,133,10,143,0,0
10717,0.003500,17.418200,0,133,10,143,0,0
10718,0.003700,15.872100,0,133,10,143,0,0
10719,0.002800,17.009500,0,133,10,143,0,0
10720,0.003200,16.086000,0,133,10,143,0,0
10721,0.949400,16.519000,1782,132,11,143,0,11
10722,0.003400,16.962200,0,132,11,143,0,0
10723,0.003500,16.795200,0,132,11,143,0,0
10724,0.003900,16.613900,0,132,11,143,0,0
10725,0.003400,17.296700,0,132,11,143,0,0
10726,0.003100,15.771900,0,132,11,143,0,0
10727,0.003700,17.367400,0,132,11,143,0,0
10728,0.003500,16.617700,0,132,11,143,0,0
10729,0.004000,16.611900,0,132,11,143,0,0
10730,0.001800,16.007100,0,132,11,143,0,0
10731,0.001800,16.660200,0,132,11,143,0,0
