sample,streaming_ms,frame_interval_ms,gc_allocated_in_frame_bytes,active,pooled,owned
0,12.997700,NaN,18084,121,22,143
1,0.002500,16.740500,0,121,22,143
2,0.002400,17.001900,0,121,22,143
3,0.002700,16.923900,0,121,22,143
4,0.003400,16.620100,0,121,22,143
5,0.003900,16.600600,0,121,22,143
6,0.003200,16.667200,0,121,22,143
7,0.004900,18.500500,0,121,22,143
8,0.003400,15.342100,0,121,22,143
9,0.002200,15.973000,0,121,22,143
10,0.002000,16.786900,0,121,22,143
11,0.003000,16.855800,0,121,22,143
12,0.949300,16.935500,1614,132,11,143
13,0.003200,16.533400,0,132,11,143
14,0.002500,17.188500,0,132,11,143
15,0.002700,16.696100,0,132,11,143
16,0.003800,16.703800,0,132,11,143
17,0.004100,16.642600,0,132,11,143
18,0.020200,19.181100,0,132,11,143
19,0.003800,13.619500,0,132,11,143
20,0.003100,17.058100,0,132,11,143
21,0.004100,17.019400,0,132,11,143
22,0.002200,16.326200,0,132,11,143
23,0.003500,16.345800,0,132,11,143
24,0.898200,17.145800,1614,132,11,143
25,0.002400,16.112600,0,132,11,143
26,0.003200,19.385300,0,132,11,143
27,0.004100,16.169600,0,132,11,143
28,0.001900,14.507400,0,132,11,143
29,0.002800,17.079700,0,132,11,143
30,0.002600,16.915100,0,132,11,143
31,0.002800,16.034800,0,132,11,143
32,0.002900,17.301500,0,132,11,143
33,0.003500,16.806400,0,132,11,143
34,0.003500,16.561400,0,132,11,143
35,0.002600,16.563500,0,132,11,143
36,1.392300,17.431600,1614,132,11,143
37,0.003300,15.364100,0,132,11,143
38,0.002700,17.499100,0,132,11,143
39,0.003400,16.459300,0,132,11,143
40,0.003900,16.554100,0,132,11,143
41,0.003800,16.898100,0,132,11,143
42,0.001900,16.328600,0,132,11,143
43,0.001800,16.140900,0,132,11,143
44,0.629000,18.164500,0,132,11,143
45,0.003400,16.243400,0,132,11,143
46,0.003300,16.442200,0,132,11,143
47,0.002100,16.278800,0,132,11,143
48,0.893400,16.748800,1614,132,11,143
49,0.002800,16.261500,0,132,11,143
50,0.003100,17.051700,0,132,11,143
51,0.002800,16.663000,0,132,11,143
52,0.008300,16.519700,0,132,11,143
53,0.002600,16.760200,0,132,11,143
54,0.001700,16.497700,0,132,11,143
55,0.001400,16.398400,0,132,11,143
56,0.002500,17.039300,0,132,11,143
57,0.004900,16.832700,0,132,11,143
58,0.006400,16.474600,0,132,11,143
59,0.002600,16.563800,0,132,11,143
60,0.375700,16.739200,1680,132,11,143
61,0.396400,16.633200,1590,143,0,143
62,0.001600,16.381400,0,143,0,143
63,0.003100,16.907800,0,143,0,143
64,0.006200,16.677400,0,143,0,143
65,0.003300,16.878300,0,143,0,143
66,0.003400,16.797400,0,143,0,143
67,0.001700,16.348500,0,143,0,143
68,0.001500,16.387500,0,143,0,143
69,0.017300,17.010600,0,143,0,143
70,0.002600,16.521100,0,143,0,143
71,0.002100,17.581500,0,143,0,143
72,1.259900,16.636500,1674,143,0,143
73,0.004100,16.807400,0,143,0,143
74,0.004300,15.928100,0,143,0,143
75,0.002100,17.144900,0,143,0,143
76,0.001800,16.812600,0,143,0,143
77,0.002800,16.779900,0,143,0,143
78,0.002800,16.696300,0,143,0,143
79,0.001800,16.506700,0,143,0,143
80,0.003500,16.354100,0,143,0,143
81,0.002600,18.471900,0,143,0,143
82,0.002800,15.350600,0,143,0,143
83,0.002800,16.523000,0,143,0,143
84,1.264800,16.872400,1674,142,1,143
85,0.003900,17.044300,0,142,1,143
86,0.003200,15.897100,0,142,1,143
87,0.002900,17.549700,0,142,1,143
88,0.002000,16.000000,0,142,1,143
89,0.001700,16.656200,0,142,1,143
90,0.002600,16.618900,0,142,1,143
91,0.002300,16.913700,0,142,1,143
92,0.002800,16.235000,0,142,1,143
93,0.002300,17.061600,0,142,1,143
94,0.001900,16.442000,0,142,1,143
95,0.001700,16.567600,0,142,1,143
96,0.347300,16.675100,1674,141,2,143
97,0.002000,17.027500,0,141,2,143
98,0.002700,16.077300,0,141,2,143
99,0.003700,17.243700,0,141,2,143
100,0.004100,16.573800,0,141,2,143
101,0.001600,16.536500,0,141,2,143
102,0.002100,16.713000,0,141,2,143
103,0.001900,16.669600,0,141,2,143
104,0.002700,16.517000,0,141,2,143
105,0.001600,16.689400,0,141,2,143
106,0.001900,16.837900,0,141,2,143
107,0.001800,16.387500,0,141,2,143
108,0.474300,16.892700,1674,140,3,143
109,0.001700,16.640300,0,140,3,143
110,0.001900,16.498200,0,140,3,143
111,0.003200,16.850600,0,140,3,143
112,0.002500,16.808700,0,140,3,143
113,0.002000,16.653200,0,140,3,143
114,0.001500,16.508100,0,140,3,143
115,0.001600,16.418500,0,140,3,143
116,0.002100,16.634600,0,140,3,143
117,0.002700,17.163500,0,140,3,143
118,0.002800,16.825100,0,140,3,143
119,0.003200,16.594900,0,140,3,143
120,0.843200,16.627900,1674,139,4,143
121,0.002800,16.520300,0,139,4,143
122,0.003500,16.532000,0,139,4,143
123,0.003300,17.056800,0,139,4,143
124,0.446200,16.430700,1620,143,0,143
125,0.001900,16.695100,0,143,0,143
126,0.003100,16.882500,0,143,0,143
127,0.002900,16.503600,0,143,0,143
128,0.002900,16.359400,0,143,0,143
129,0.003200,17.317300,0,143,0,143
130,0.002600,16.673800,0,143,0,143
131,0.002700,16.472300,0,143,0,143
132,1.047700,16.803500,1668,143,0,143
133,0.002600,16.535900,0,143,0,143
134,0.004000,16.196600,0,143,0,143
135,0.003800,17.695100,0,143,0,143
136,0.004000,16.235700,0,143,0,143
137,0.003300,16.592600,0,143,0,143
138,0.003000,16.888300,0,143,0,143
139,0.002600,16.516600,0,143,0,143
140,0.003200,16.198300,0,143,0,143
141,0.002700,17.020600,0,143,0,143
142,0.003700,16.809000,0,143,0,143
143,0.002800,16.615000,0,143,0,143
144,1.215500,16.672400,1668,142,1,143
145,0.013800,18.544200,0,142,1,143
146,0.003500,14.359500,0,142,1,143
147,0.003000,17.817000,0,142,1,143
148,0.002500,16.019600,0,142,1,143
149,0.002700,16.773800,0,142,1,143
150,0.002600,16.422700,0,142,1,143
151,0.003400,16.715700,0,142,1,143
152,0.002900,16.190000,0,142,1,143
153,0.003500,17.229900,0,142,1,143
154,0.005400,16.772600,0,142,1,143
155,0.002800,16.651600,0,142,1,143
156,1.118600,16.653900,1668,141,2,143
157,0.003000,16.627600,0,141,2,143
158,0.003000,16.081300,0,141,2,143
159,0.002800,17.129900,0,141,2,143
160,0.002700,16.922700,0,141,2,143
161,0.003400,16.637900,0,141,2,143
162,0.002900,16.574400,0,141,2,143
163,0.003400,16.850200,0,141,2,143
164,0.003100,15.908200,0,141,2,143
165,0.002400,17.251900,0,141,2,143
166,0.002900,16.367400,0,141,2,143
167,0.002800,16.738200,0,141,2,143
168,0.976900,16.803400,1668,140,3,143
169,0.003200,16.530300,0,140,3,143
170,0.003300,16.274100,0,140,3,143
171,0.003800,17.292600,0,140,3,143
172,0.002600,16.456600,0,140,3,143
173,0.003300,16.864000,0,140,3,143
174,0.003900,16.701600,0,140,3,143
175,0.003700,16.670400,0,140,3,143
176,0.003500,16.078600,0,140,3,143
177,0.004400,18.830500,0,140,3,143
178,0.003400,15.962900,0,140,3,143
179,0.004600,16.713300,0,140,3,143
180,1.459300,16.398900,1668,139,4,143
181,0.003400,16.845500,0,139,4,143
182,0.003200,15.966400,0,139,4,143
183,0.003100,17.172300,0,139,4,143
184,0.002700,16.822200,0,139,4,143
185,0.003100,16.592200,0,139,4,143
186,0.003800,16.851100,0,139,4,143
187,0.003200,16.791500,0,139,4,143
188,0.003700,15.815700,0,139,4,143
189,0.002700,17.328000,0,139,4,143
190,0.004200,16.475000,0,139,4,143
191,0.003100,16.601500,0,139,4,143
192,1.183000,16.806900,1668,138,5,143
193,0.614200,16.406400,1650,143,0,143
194,0.004700,16.360200,0,143,0,143
195,0.002000,16.831900,0,143,0,143
196,0.002200,16.708200,0,143,0,143
197,0.002000,16.654800,0,143,0,143
198,0.004500,17.179700,0,143,0,143
199,0.003800,16.509800,0,143,0,143
200,0.002800,16.148300,0,143,0,143
201,0.003900,19.510000,0,143,0,143
202,0.003400,14.828600,0,143,0,143
203,0.003100,16.455600,0,143,0,143
204,1.178700,16.629300,1662,143,0,143
205,0.003100,16.769400,0,143,0,143
206,0.004700,16.436200,0,143,0,143
207,0.001500,16.788500,0,143,0,143
208,0.007900,17.497700,0,143,0,143
209,0.008600,16.380200,0,143,0,143
210,0.001500,16.220500,0,143,0,143
211,0.004100,17.159500,0,143,0,143
212,0.003700,16.013300,0,143,0,143
213,0.001300,16.431600,0,143,0,143
214,0.002900,16.905100,0,143,0,143
215,0.002500,16.952200,0,143,0,143
216,0.773000,16.590100,1662,142,1,143
217,0.005700,16.654200,0,142,1,143
218,0.005300,16.417300,0,142,1,143
219,0.002500,16.846200,0,142,1,143
220,0.003900,16.802200,0,142,1,143
221,0.003200,16.417400,0,142,1,143
222,0.002800,16.908200,0,142,1,143
223,0.002500,16.615500,0,142,1,143
224,0.002900,16.418700,0,142,1,143
225,0.003200,17.146700,0,142,1,143
226,0.003900,16.818100,0,142,1,143
227,0.003000,16.495400,0,142,1,143
228,1.080900,16.633100,1662,141,2,143
229,0.003400,16.750600,0,141,2,143
230,0.003600,16.226800,0,141,2,143
231,0.003200,16.991000,0,141,2,143
232,0.002700,16.707400,0,141,2,143
233,0.002500,16.682700,0,141,2,143
234,0.002700,16.799700,0,141,2,143
235,0.003200,16.514300,0,141,2,143
236,0.004000,16.615500,0,141,2,143
237,0.003500,17.003000,0,141,2,143
238,0.003500,16.544700,0,141,2,143
239,0.002700,16.340400,0,141,2,143
240,1.083600,17.081300,1662,140,3,143
241,0.002800,16.480300,0,140,3,143
242,0.003700,16.149400,0,140,3,143
243,0.003000,17.170100,0,140,3,143
244,0.003600,16.731300,0,140,3,143
245,0.004200,16.734700,0,140,3,143
246,0.003000,16.571600,0,140,3,143
247,0.003800,18.739300,0,140,3,143
248,0.003400,14.302500,0,140,3,143
249,0.003400,17.503600,0,140,3,143
250,0.003300,16.239600,0,140,3,143
251,0.003700,16.909100,0,140,3,143
252,1.589800,16.784200,1662,139,4,143
253,0.003200,16.417000,0,139,4,143
254,0.002900,16.094300,0,139,4,143
255,0.002800,17.382200,0,139,4,143
256,0.003400,16.398100,0,139,4,143
257,0.002800,16.837700,0,139,4,143
258,0.002700,16.728000,0,139,4,143
259,0.003800,16.757200,0,139,4,143
260,0.003600,16.034000,0,139,4,143
261,0.004200,16.845400,0,139,4,143
262,0.003400,16.985700,0,139,4,143
263,0.003600,16.623300,0,139,4,143
264,1.159800,16.472900,1662,138,5,143
265,0.002900,16.778500,0,138,5,143
266,0.003500,16.262300,0,138,5,143
267,0.003800,18.056900,0,138,5,143
268,0.002800,16.115900,0,138,5,143
269,0.002800,16.088400,0,138,5,143
270,0.003200,16.570100,0,138,5,143
271,0.002200,16.679000,0,138,5,143
272,0.015900,16.602400,0,138,5,143
273,0.002800,16.887400,0,138,5,143
274,0.003300,16.952700,0,138,5,143
275,0.002700,16.593400,0,138,5,143
276,1.417000,16.844700,1662,137,6,143
277,0.002700,16.542100,0,137,6,143
278,1.511400,16.286700,1650,143,0,143
279,0.004500,17.293200,0,143,0,143
280,0.003100,16.428800,0,143,0,143
281,0.002700,16.485900,0,143,0,143
282,0.002700,16.881700,0,143,0,143
283,0.002800,16.429700,0,143,0,143
284,0.003000,16.357700,0,143,0,143
285,0.002500,17.247700,0,143,0,143
286,0.004400,16.743500,0,143,0,143
287,0.003100,16.713400,0,143,0,143
288,1.254000,16.461100,1656,143,0,143
289,0.003800,16.889800,0,143,0,143
290,0.005000,16.023000,0,143,0,143
291,0.003100,16.985000,0,143,0,143
292,0.003000,16.825100,0,143,0,143
293,0.003300,16.829300,0,143,0,143
294,0.003500,16.632200,0,143,0,143
295,0.002900,16.554700,0,143,0,143
296,0.002700,16.183300,0,143,0,143
297,0.002900,19.018500,0,143,0,143
298,0.004400,14.940400,0,143,0,143
299,0.004100,16.558900,0,143,0,143
300,1.536000,16.807700,1656,142,1,143
301,0.002400,16.681100,0,142,1,143
302,0.004300,16.120700,0,142,1,143
303,0.002700,16.984800,0,142,1,143
304,0.003300,17.059700,0,142,1,143
305,0.004100,16.760600,0,142,1,143
306,0.003300,16.512700,0,142,1,143
307,0.002400,16.484800,0,142,1,143
308,0.002100,16.098800,0,142,1,143
309,0.002900,17.120000,0,142,1,143
310,0.003100,17.022400,0,142,1,143
311,0.002400,16.558900,0,142,1,143
312,1.610100,17.324800,1656,141,2,143
313,0.002400,15.847200,0,141,2,143
314,0.003700,16.361000,0,141,2,143
315,0.003000,17.113800,0,141,2,143
316,0.002400,16.754600,0,141,2,143
317,0.004400,16.781400,0,141,2,143
318,0.014000,16.780800,0,141,2,143
319,0.003000,16.174300,0,141,2,143
320,0.003500,16.342300,0,141,2,143
321,0.003500,17.012800,0,141,2,143
322,0.003600,18.312900,0,141,2,143
323,0.002700,14.889400,0,141,2,143
324,1.793200,17.263700,1656,140,3,143
325,0.002700,16.456800,0,140,3,143
326,0.004500,16.319400,0,140,3,143
327,0.002600,17.238500,0,140,3,143
328,0.003700,16.365200,0,140,3,143
329,0.002500,16.606400,0,140,3,143
330,0.013900,17.304900,0,140,3,143
331,0.003400,16.124000,0,140,3,143
332,0.003900,16.182800,0,140,3,143
333,0.003800,17.293000,0,140,3,143
334,0.002500,16.677500,0,140,3,143
335,0.002900,16.511000,0,140,3,143
336,1.739000,16.723300,1656,139,4,143
337,0.003100,16.877200,0,139,4,143
338,0.003300,15.847500,0,139,4,143
339,0.002500,17.243400,0,139,4,143
340,0.002600,16.894600,0,139,4,143
341,0.004300,16.533800,0,139,4,143
342,0.016000,16.912000,0,139,4,143
343,0.002700,16.336600,0,139,4,143
344,0.003300,16.330100,0,139,4,143
345,0.003300,17.125400,0,139,4,143
346,0.002600,16.778200,0,139,4,143
347,0.003100,16.776300,0,139,4,143
348,1.649500,17.255400,1656,138,5,143
349,0.002600,15.872500,0,138,5,143
350,0.004500,16.348800,0,138,5,143
351,0.003800,17.234000,0,138,5,143
352,0.013000,17.227800,0,138,5,143
353,0.002500,15.948100,0,138,5,143
354,0.012900,17.513300,0,138,5,143
355,0.002600,15.821400,0,138,5,143
356,0.003800,16.074800,0,138,5,143
357,0.002700,17.367700,0,138,5,143
358,0.013700,18.384800,0,138,5,143
359,0.002800,15.363400,0,138,5,143
360,1.561900,17.937300,1656,137,6,143
361,0.003300,15.994200,0,137,6,143
362,0.012100,17.181700,0,137,6,143
363,0.002600,15.331200,0,137,6,143
364,0.002700,17.333800,0,137,6,143
365,0.003100,16.592300,0,137,6,143
366,0.002700,18.244800,0,137,6,143
367,0.009600,15.093400,0,137,6,143
368,0.003100,18.501900,0,137,6,143
369,0.003200,14.313900,0,137,6,143
370,0.094700,19.381400,0,137,6,143
371,0.002600,14.296600,0,137,6,143
372,1.099500,18.371800,1656,136,7,143
373,0.003200,15.167200,0,136,7,143
374,0.003600,18.654200,0,136,7,143
375,0.003400,14.124100,0,136,7,143
376,0.003300,18.979200,0,136,7,143
377,0.002600,14.958800,0,136,7,143
378,0.003200,18.205700,0,136,7,143
379,0.002900,14.877900,0,136,7,143
380,0.002900,18.237900,0,136,7,143
381,0.003200,14.711000,0,136,7,143
382,0.003600,18.947700,0,136,7,143
383,0.002700,15.092000,0,136,7,143
384,1.175400,18.013100,1656,135,8,143
385,0.002600,14.928800,0,135,8,143
386,0.003800,19.256800,0,135,8,143
387,0.003000,14.586700,0,135,8,143
388,0.002900,16.668500,0,135,8,143
389,0.003700,16.614900,0,135,8,143
390,0.002000,17.153300,0,135,8,143
391,0.002900,16.102700,0,135,8,143
392,0.002900,17.917700,0,135,8,143
393,0.003000,14.937900,0,135,8,143
394,0.002500,18.672300,0,135,8,143
395,0.002400,15.108800,0,135,8,143
396,1.917400,18.685900,1656,134,9,143
397,0.002900,15.077100,0,134,9,143
398,0.002600,18.128100,0,134,9,143
399,0.002700,15.892700,0,134,9,143
400,0.002500,18.005100,0,134,9,143
401,0.003000,15.907200,0,134,9,143
402,0.002500,16.777300,0,134,9,143
403,0.001400,16.003300,0,134,9,143
404,0.001600,16.963200,0,134,9,143
405,0.001400,16.240500,0,134,9,143
406,0.002500,17.573700,0,134,9,143
407,0.002900,16.600100,0,134,9,143
408,1.322600,16.898900,1656,133,10,143
409,0.003200,16.938300,0,133,10,143
410,0.003900,16.565800,0,133,10,143
411,0.003700,16.105400,0,133,10,143
412,0.003800,17.302800,0,133,10,143
413,0.003400,16.349700,0,133,10,143
414,0.002700,17.036400,0,133,10,143
415,0.002500,16.395800,0,133,10,143
416,0.002600,16.802100,0,133,10,143
417,0.002500,16.521500,0,133,10,143
418,0.003200,16.332300,0,133,10,143
419,0.002900,17.094300,0,133,10,143
420,1.111600,16.733300,1656,132,11,143
421,0.002800,16.620600,0,132,11,143
422,0.004200,18.206700,0,132,11,143
423,0.002600,15.309500,0,132,11,143
424,0.003600,16.190200,0,132,11,143
425,0.002400,17.109400,0,132,11,143
426,0.003900,16.825200,0,132,11,143
427,0.002800,16.620200,0,132,11,143
428,0.002800,16.778800,0,132,11,143
429,0.002800,16.602100,0,132,11,143
430,0.003200,16.091300,0,132,11,143
431,0.002500,18.945700,0,132,11,143
432,1.064800,15.096600,1656,132,11,143
433,0.003000,16.464400,0,132,11,143
434,0.003100,17.092000,0,132,11,143
435,0.002400,16.446500,0,132,11,143
436,0.005000,16.562400,0,132,11,143
437,0.003700,17.096900,0,132,11,143
438,0.003100,16.651400,0,132,11,143
439,0.002800,16.466900,0,132,11,143
440,0.001400,16.329500,0,132,11,143
441,0.002000,16.713200,0,132,11,143
442,0.002700,16.619800,0,132,11,143
443,0.002400,16.991300,0,132,11,143
444,1.428300,17.005700,1656,132,11,143
445,0.002900,16.663400,0,132,11,143
446,0.002400,16.419500,0,132,11,143
447,0.002600,17.175400,0,132,11,143
448,0.004100,15.858200,0,132,11,143
449,0.002400,16.876400,0,132,11,143
450,0.004000,17.574500,0,132,11,143
451,0.002500,15.984800,0,132,11,143
452,0.003500,16.821200,0,132,11,143
453,0.002800,16.516600,0,132,11,143
454,0.004200,16.407100,0,132,11,143
455,0.002300,17.021300,0,132,11,143
456,1.574800,18.899400,1656,132,11,143
457,0.003000,14.211300,0,132,11,143
458,0.002700,16.960900,0,132,11,143
459,0.002600,16.582200,0,132,11,143
460,0.002700,16.231500,0,132,11,143
461,0.002800,17.068100,0,132,11,143
462,0.002400,16.847100,0,132,11,143
463,0.003700,17.621700,0,132,11,143
464,0.003500,15.964700,0,132,11,143
465,0.003800,16.616200,0,132,11,143
466,0.003300,17.562200,0,132,11,143
467,0.002600,15.503400,0,132,11,143
468,1.110100,17.085800,1656,132,11,143
469,0.004800,16.749500,0,132,11,143
470,0.003600,16.624300,0,132,11,143
471,0.003100,16.467500,0,132,11,143
472,0.002700,16.143500,0,132,11,143
473,0.003000,16.936300,0,132,11,143
474,0.002400,16.702700,0,132,11,143
475,0.002600,16.761500,0,132,11,143
476,0.002800,16.796400,0,132,11,143
477,0.004800,16.717400,0,132,11,143
478,0.003800,16.287100,0,132,11,143
479,0.002700,17.121500,0,132,11,143
480,1.027800,16.854600,1656,132,11,143
481,0.003400,16.219600,0,132,11,143
482,0.004100,16.849300,0,132,11,143
483,0.002300,16.478100,0,132,11,143
484,0.002600,16.319600,0,132,11,143
485,0.003300,17.411900,0,132,11,143
486,0.004100,16.993800,0,132,11,143
487,0.020200,17.355500,0,132,11,143
488,0.003000,15.605800,0,132,11,143
489,0.002700,16.472400,0,132,11,143
490,0.004100,17.102800,0,132,11,143
491,0.004000,16.646100,0,132,11,143
492,1.379000,17.259000,1656,132,11,143
493,0.004200,16.350200,0,132,11,143
494,0.003200,16.349300,0,132,11,143
495,0.002600,16.324400,0,132,11,143
496,0.001600,16.170300,0,132,11,143
497,0.003200,17.104700,0,132,11,143
498,0.004200,16.796800,0,132,11,143
499,0.002700,16.909100,0,132,11,143
500,0.002800,16.546900,0,132,11,143
501,0.003200,16.881800,0,132,11,143
502,0.002900,16.019000,0,132,11,143
503,0.003300,17.134000,0,132,11,143
504,1.725700,17.693700,1656,132,11,143
505,0.003900,16.870600,0,132,11,143
506,0.003100,17.617900,0,132,11,143
507,0.003300,16.110300,0,132,11,143
508,0.002700,14.479700,0,132,11,143
509,0.002800,17.120600,0,132,11,143
510,0.003500,16.888800,0,132,11,143
511,0.003500,16.605500,0,132,11,143
512,0.004200,16.690200,0,132,11,143
513,0.003300,16.721300,0,132,11,143
514,0.003000,16.052300,0,132,11,143
515,0.003600,17.263500,0,132,11,143
516,1.199300,16.781600,1656,132,11,143
517,0.004700,16.757500,0,132,11,143
518,0.003100,16.087000,0,132,11,143
519,0.002400,17.253200,0,132,11,143
520,0.004100,16.064800,0,132,11,143
521,0.003300,17.249500,0,132,11,143
522,0.003200,16.967200,0,132,11,143
523,0.002700,16.499100,0,132,11,143
524,0.003800,16.542600,0,132,11,143
525,0.004800,16.735300,0,132,11,143
526,0.003500,16.151900,0,132,11,143
527,0.002800,18.831700,0,132,11,143
528,1.215000,15.031700,1656,132,11,143
529,0.004600,16.566200,0,132,11,143
530,0.004000,16.918800,0,132,11,143
531,0.004100,17.097100,0,132,11,143
532,0.004300,15.580700,0,132,11,143
533,0.002700,17.506800,0,132,11,143
534,0.003700,17.198500,0,132,11,143
535,0.002600,15.965000,0,132,11,143
536,0.003100,17.918500,0,132,11,143
537,0.003800,15.719900,0,132,11,143
538,0.004000,15.886400,0,132,11,143
539,0.003500,17.102000,0,132,11,143
540,0.965800,16.739200,1656,132,11,143
541,0.003100,16.727800,0,132,11,143
542,0.003800,16.741300,0,132,11,143
543,0.003000,16.511100,0,132,11,143
544,0.004100,16.183000,0,132,11,143
545,0.002800,17.456600,0,132,11,143
546,0.003000,21.085300,0,132,11,143
547,0.002700,14.640200,0,132,11,143
548,0.002600,16.514900,0,132,11,143
549,0.002500,16.425000,0,132,11,143
550,0.003100,17.056500,0,132,11,143
551,0.002700,15.870700,0,132,11,143
552,0.993500,17.267100,1656,132,11,143
553,0.002900,16.663300,0,132,11,143
554,0.003100,16.504200,0,132,11,143
555,0.003200,16.577600,0,132,11,143
556,0.002900,16.901300,0,132,11,143
557,0.001600,16.068600,0,132,11,143
558,0.004000,17.215600,0,132,11,143
559,0.001200,16.083400,0,132,11,143
560,0.001300,16.655800,0,132,11,143
561,0.001300,17.171400,0,132,11,143
562,0.002500,17.251400,0,132,11,143
563,0.002600,16.042900,0,132,11,143
564,0.919500,17.288100,1656,132,11,143
565,0.003400,16.747600,0,132,11,143
566,0.004000,16.607000,0,132,11,143
567,0.002600,17.053200,0,132,11,143
568,0.003500,16.645700,0,132,11,143
569,0.004000,16.288600,0,132,11,143
570,0.002600,17.987700,0,132,11,143
571,0.002500,16.674300,0,132,11,143
572,0.003100,16.826600,0,132,11,143
573,0.003000,16.779400,0,132,11,143
574,0.002800,16.731700,0,132,11,143
575,0.002400,16.014900,0,132,11,143
576,0.996000,17.009700,1656,132,11,143
577,0.002900,16.869700,0,132,11,143
578,0.002500,16.492800,0,132,11,143
579,0.003400,16.829000,0,132,11,143
580,0.002800,16.785500,0,132,11,143
581,0.003000,16.076600,0,132,11,143
582,0.003300,17.360900,0,132,11,143
583,0.002700,16.856900,0,132,11,143
584,0.002700,16.838900,0,132,11,143
585,0.002900,16.672700,0,132,11,143
586,0.002900,16.550100,0,132,11,143
587,0.002500,16.922000,0,132,11,143
588,0.913900,16.168600,1656,132,11,143
589,0.002600,17.085800,0,132,11,143
590,0.003000,16.543800,0,132,11,143
591,0.003600,16.902200,0,132,11,143
592,0.002500,16.850000,0,132,11,143
593,0.003400,16.524400,0,132,11,143
594,0.002600,16.226600,0,132,11,143
595,0.003100,17.051600,0,132,11,143
596,0.003300,16.797100,0,132,11,143
597,0.003100,16.840500,0,132,11,143
598,0.002800,16.574800,0,132,11,143
599,0.002800,16.677100,0,132,11,143
600,0.994100,16.178300,1656,132,11,143
601,0.002500,17.349400,0,132,11,143
602,0.002800,16.782800,0,132,11,143
603,0.002600,16.572100,0,132,11,143
604,0.002300,16.533900,0,132,11,143
605,0.002600,16.999700,0,132,11,143
606,0.004200,16.130700,0,132,11,143
607,0.003800,17.284200,0,132,11,143
608,0.003000,16.402700,0,132,11,143
609,0.002600,16.611900,0,132,11,143
610,0.002600,16.787900,0,132,11,143
611,0.002700,16.732300,0,132,11,143
612,0.927700,16.197400,1656,132,11,143
613,0.006900,17.084000,0,132,11,143
614,0.002800,16.846900,0,132,11,143
615,0.003000,16.558400,0,132,11,143
616,0.003600,16.814000,0,132,11,143
617,0.003000,16.772100,0,132,11,143
618,0.003400,16.009500,0,132,11,143
619,0.003400,17.308600,0,132,11,143
620,0.003900,16.478600,0,132,11,143
621,0.012600,17.366800,0,132,11,143
622,0.003200,16.007700,0,132,11,143
623,0.003300,16.848900,0,132,11,143
624,1.019800,16.065500,1656,132,11,143
625,0.002500,16.946800,0,132,11,143
626,0.003300,16.887300,0,132,11,143
627,0.001600,16.466100,0,132,11,143
628,0.002400,16.693000,0,132,11,143
629,0.002700,16.732200,0,132,11,143
630,0.002700,16.313600,0,132,11,143
631,0.002500,17.077600,0,132,11,143
632,0.002800,16.979500,0,132,11,143
633,0.002400,16.777800,0,132,11,143
634,0.003100,17.051400,0,132,11,143
635,1.209200,16.462700,1656,132,11,143
636,0.002400,16.215700,0,132,11,143
637,0.003000,17.089200,0,132,11,143
638,0.002900,16.799400,0,132,11,143
639,0.002600,16.537700,0,132,11,143
640,0.004100,16.832600,0,132,11,143
641,0.002900,16.760000,0,132,11,143
642,0.004600,16.499300,0,132,11,143
643,0.003200,17.062000,0,132,11,143
644,0.002600,16.453600,0,132,11,143
645,0.002800,16.882800,0,132,11,143
646,0.002400,16.593000,0,132,11,143
647,1.044400,16.682600,1656,132,11,143
648,0.002600,16.365200,0,132,11,143
649,0.004600,17.480300,0,132,11,143
650,0.002900,16.266700,0,132,11,143
651,0.003400,16.702700,0,132,11,143
652,0.002800,16.532700,0,132,11,143
653,0.004100,18.341000,0,132,11,143
654,0.003100,15.078000,0,132,11,143
655,0.003700,17.192000,0,132,11,143
656,0.004400,16.712800,0,132,11,143
657,0.003300,16.531800,0,132,11,143
658,0.003200,16.530400,0,132,11,143
659,1.014200,16.997600,1656,132,11,143
660,0.007700,15.896600,0,132,11,143
661,0.002700,17.183900,0,132,11,143
662,0.003200,16.667300,0,132,11,143
663,0.003100,16.936000,0,132,11,143
664,1.034900,16.827100,1716,143,0,143
665,0.003900,16.674300,0,143,0,143
666,0.004100,16.559500,0,143,0,143
667,0.003900,16.728400,0,143,0,143
668,0.003600,16.645100,0,143,0,143
669,0.002600,16.578100,0,143,0,143
670,0.002600,16.661600,0,143,0,143
671,1.013500,16.767400,1662,143,0,143
672,0.002800,16.135000,0,143,0,143
673,0.003900,17.322500,0,143,0,143
674,0.003700,16.820000,0,143,0,143
675,0.003200,16.427200,0,143,0,143
676,0.002600,16.588500,0,143,0,143
677,0.003400,16.916000,0,143,0,143
678,0.002900,16.713100,0,143,0,143
679,0.002700,16.237200,0,143,0,143
680,0.002400,17.116500,0,143,0,143
681,0.004000,16.734300,0,143,0,143
682,0.002500,16.770800,0,143,0,143
683,0.975400,16.606800,1662,142,1,143
684,0.002600,18.573300,0,142,1,143
685,0.003900,14.249100,0,142,1,143
686,0.002600,17.298200,0,142,1,143
687,0.003600,17.439100,0,142,1,143
688,0.003000,15.753300,0,142,1,143
689,0.004200,17.103100,0,142,1,143
690,0.003100,16.508700,0,142,1,143
691,0.003800,16.023300,0,142,1,143
692,0.003300,17.201700,0,142,1,143
693,0.004500,16.825700,0,142,1,143
694,0.003100,16.421400,0,142,1,143
695,1.250400,16.845500,1662,141,2,143
696,0.003300,16.681600,0,141,2,143
697,0.003300,15.900700,0,141,2,143
698,0.003100,17.251000,0,141,2,143
699,0.003600,16.688300,0,141,2,143
700,0.002700,16.720500,0,141,2,143
701,0.004000,16.812200,0,141,2,143
702,0.002600,16.319000,0,141,2,143
703,0.005300,16.280100,0,141,2,143
704,0.002700,17.232100,0,141,2,143
705,0.003400,16.675400,0,141,2,143
706,0.002700,16.746200,0,141,2,143
707,1.573000,16.815900,1662,140,3,143
708,0.003800,16.429300,0,140,3,143
709,0.003300,16.138400,0,140,3,143
710,0.003300,17.320800,0,140,3,143
711,0.004100,16.519400,0,140,3,143
712,0.003000,16.905700,0,140,3,143
713,0.003200,16.542200,0,140,3,143
714,0.002600,16.687200,0,140,3,143
715,0.003300,16.044400,0,140,3,143
716,0.003700,17.319100,0,140,3,143
717,0.004100,18.982700,0,140,3,143
718,0.003000,14.722200,0,140,3,143
719,1.267700,16.465500,1662,139,4,143
720,0.003700,16.610800,0,139,4,143
721,0.002300,15.987500,0,139,4,143
722,0.001500,16.860800,0,139,4,143
723,0.002400,17.139000,0,139,4,143
724,0.003100,16.844300,0,139,4,143
725,0.004400,16.606400,0,139,4,143
726,0.003200,16.766300,0,139,4,143
727,0.004100,16.033500,0,139,4,143
728,0.002900,17.029600,0,139,4,143
729,0.002800,17.954900,0,139,4,143
730,0.003800,15.324200,0,139,4,143
731,0.482500,16.360300,1662,138,5,143
732,0.003600,16.835500,0,138,5,143
733,0.002700,16.358000,0,138,5,143
734,0.002000,16.906900,0,138,5,143
735,0.001900,16.455400,0,138,5,143
736,0.001600,16.853600,0,138,5,143
737,0.002800,16.737000,0,138,5,143
738,0.002500,16.881300,0,138,5,143
739,0.002200,16.217800,0,138,5,143
740,0.004300,17.405700,0,138,5,143
741,0.002700,16.452400,0,138,5,143
742,0.002500,16.132400,0,138,5,143
743,0.491900,16.910000,1662,137,6,143
744,0.001800,16.775400,0,137,6,143
745,0.002600,16.217200,0,137,6,143
746,0.002500,17.135600,0,137,6,143
747,0.002900,17.288400,0,137,6,143
748,0.002800,16.126900,0,137,6,143
749,0.425700,16.310400,1716,143,0,143
750,0.001700,16.923500,0,143,0,143
751,0.002000,16.257700,0,143,0,143
752,0.001500,16.776400,0,143,0,143
753,0.002700,16.805100,0,143,0,143
754,0.003400,16.908600,0,143,0,143
755,0.549600,16.380100,1668,143,0,143
756,0.003600,16.778900,0,143,0,143
757,0.003300,16.454000,0,143,0,143
758,0.001800,16.758000,0,143,0,143
759,0.003300,16.767900,0,143,0,143
760,0.002500,16.877600,0,143,0,143
761,0.004300,17.226400,0,143,0,143
762,0.004000,16.456400,0,143,0,143
763,0.002000,16.171000,0,143,0,143
764,0.003400,16.957300,0,143,0,143
765,0.001500,16.610100,0,143,0,143
766,0.002300,16.753900,0,143,0,143
767,0.533200,16.894000,1668,142,1,143
768,0.002300,16.751400,0,142,1,143
769,0.003200,16.356600,0,142,1,143
770,0.003200,16.993700,0,142,1,143
771,0.003400,16.937600,0,142,1,143
772,0.002000,16.347200,0,142,1,143
773,0.004000,17.019400,0,142,1,143
774,0.002100,16.592800,0,142,1,143
775,0.003100,16.357000,0,142,1,143
776,0.002700,16.993300,0,142,1,143
777,0.003100,16.699300,0,142,1,143
778,0.001500,16.416800,0,142,1,143
779,0.418800,16.852000,1668,141,2,143
780,0.002400,16.467700,0,141,2,143
781,0.002200,16.449100,0,141,2,143
782,0.001900,16.981400,0,141,2,143
783,0.002400,16.705300,0,141,2,143
784,0.004400,16.622700,0,141,2,143
785,0.004500,20.476100,0,141,2,143
786,0.001800,12.862700,0,141,2,143
787,0.004000,16.685700,0,141,2,143
788,0.001600,16.603800,0,141,2,143
789,0.002100,17.080900,0,141,2,143
790,0.001600,16.254800,0,141,2,143
791,0.569600,17.063600,1668,140,3,143
792,0.002400,16.305300,0,140,3,143
793,0.002100,16.412000,0,140,3,143
794,0.002800,16.954300,0,140,3,143
795,0.006900,16.861600,0,140,3,143
796,0.001600,16.476600,0,140,3,143
797,0.002300,16.810000,0,140,3,143
798,0.002400,16.541500,0,140,3,143
799,0.003000,16.356300,0,140,3,143
800,0.001400,16.878000,0,140,3,143
801,0.001900,16.931300,0,140,3,143
802,0.002200,16.459800,0,140,3,143
803,0.571800,16.899200,1668,139,4,143
804,0.002600,16.520200,0,139,4,143
805,0.002700,16.489000,0,139,4,143
806,0.002800,17.018600,0,139,4,143
807,0.006000,17.660800,0,139,4,143
808,0.002700,15.292100,0,139,4,143
809,0.001900,16.873600,0,139,4,143
810,0.002600,16.667300,0,139,4,143
811,0.003600,16.444000,0,139,4,143
812,0.003400,17.337100,0,139,4,143
813,0.003400,16.600800,0,139,4,143
814,0.003800,16.783400,0,139,4,143
815,1.502200,16.620300,1668,138,5,143
816,0.002500,16.555600,0,138,5,143
817,0.004000,16.134600,0,138,5,143
818,0.904300,17.204400,1716,143,0,143
819,0.002700,16.510700,0,143,0,143
820,0.003000,16.736000,0,143,0,143
821,0.002700,16.566500,0,143,0,143
822,0.004000,16.973400,0,143,0,143
823,0.003400,15.989500,0,143,0,143
824,0.002600,17.058300,0,143,0,143
825,0.003700,17.485700,0,143,0,143
826,0.003400,15.965800,0,143,0,143
827,1.037900,16.649600,1674,143,0,143
828,0.003000,16.567600,0,143,0,143
829,0.002700,16.407900,0,143,0,143
830,0.002800,17.070100,0,143,0,143
831,0.003100,16.786400,0,143,0,143
832,0.003100,16.659000,0,143,0,143
833,0.002900,16.744400,0,143,0,143
834,0.002600,16.586300,0,143,0,143
835,0.002800,16.062000,0,143,0,143
836,0.002500,17.369800,0,143,0,143
837,0.002800,16.768400,0,143,0,143
838,0.002900,16.240100,0,143,0,143
839,1.490800,17.172100,1674,142,1,143
840,0.003700,16.906400,0,142,1,143
841,0.004700,16.015400,0,142,1,143
842,0.002700,17.331600,0,142,1,143
843,0.002800,16.456600,0,142,1,143
844,0.003200,16.598400,0,142,1,143
845,0.005800,16.806200,0,142,1,143
846,0.003400,16.639500,0,142,1,143
847,0.002900,16.200300,0,142,1,143
848,0.002600,16.871900,0,142,1,143
849,0.004100,17.051700,0,142,1,143
850,0.005100,16.689800,0,142,1,143
851,1.002400,16.649200,1674,141,2,143
852,0.003900,16.769300,0,141,2,143
853,0.003200,16.076900,0,141,2,143
854,0.002500,17.216300,0,141,2,143
855,0.003100,16.547400,0,141,2,143
856,0.002400,16.518100,0,141,2,143
857,0.003800,16.925800,0,141,2,143
858,0.002300,16.664900,0,141,2,143
859,0.003600,16.244200,0,141,2,143
860,0.002700,16.876200,0,141,2,143
861,0.015300,17.042800,0,141,2,143
862,0.002200,16.136700,0,141,2,143
863,0.537700,16.961700,1674,140,3,143
864,0.001300,16.392100,0,140,3,143
865,0.002800,16.643600,0,140,3,143
866,0.001300,16.425600,0,140,3,143
867,0.002800,17.121700,0,140,3,143
868,0.001800,16.288000,0,140,3,143
869,0.002300,18.745400,0,140,3,143
870,0.002000,14.655600,0,140,3,143
871,0.002200,18.375600,0,140,3,143
872,0.002400,15.017200,0,140,3,143
873,0.003000,17.056900,0,140,3,143
874,0.002200,16.486000,0,140,3,143
875,1.995300,17.106400,1674,139,4,143
876,0.005400,17.277700,0,139,4,143
877,0.002100,15.427600,0,139,4,143
878,0.001400,16.636800,0,139,4,143
879,0.002200,18.425600,0,139,4,143
880,0.001400,15.103800,0,139,4,143
881,0.862000,18.448400,1716,143,0,143
882,0.001400,14.594800,0,143,0,143
883,0.001900,18.326100,0,143,0,143
884,0.002800,15.743900,0,143,0,143
885,0.002500,16.498500,0,143,0,143
886,0.002600,16.755900,0,143,0,143
887,1.206400,16.770400,1680,143,0,143
888,0.004500,17.024400,0,143,0,143
889,0.004200,15.722500,0,143,0,143
890,0.002900,16.978800,0,143,0,143
891,0.003400,17.061100,0,143,0,143
892,0.003100,16.679000,0,143,0,143
893,0.002500,16.424500,0,143,0,143
894,0.003600,16.736300,0,143,0,143
895,0.003100,16.091600,0,143,0,143
896,0.002800,17.139500,0,143,0,143
897,0.004000,16.862000,0,143,0,143
898,0.003600,16.419700,0,143,0,143
899,1.525300,17.882000,1680,142,1,143
900,0.003200,15.572900,0,142,1,143
901,0.002800,16.202700,0,142,1,143
902,0.002500,17.245300,0,142,1,143
903,0.002900,16.386300,0,142,1,143
904,0.004300,17.116700,0,142,1,143
905,0.004000,16.925500,0,142,1,143
906,0.002500,16.375600,0,142,1,143
907,0.003200,16.150900,0,142,1,143
908,0.002300,17.170300,0,142,1,143
909,0.002200,16.571500,0,142,1,143
910,0.002200,16.697500,0,142,1,143
911,1.150800,16.958500,1680,141,2,143
912,0.003000,16.659500,0,141,2,143
913,0.004800,16.252900,0,141,2,143
914,0.003000,16.772400,0,141,2,143
915,0.014600,17.463800,0,141,2,143
916,0.002800,16.081000,0,141,2,143
917,0.002600,16.642600,0,141,2,143
918,0.003000,16.571100,0,141,2,143
919,0.003900,16.363300,0,141,2,143
920,0.003800,17.074600,0,141,2,143
921,0.002700,17.276900,0,141,2,143
922,0.002800,16.008800,0,141,2,143
923,1.391300,16.595800,1680,140,3,143
924,0.001600,16.802000,0,140,3,143
925,0.012200,17.842600,0,140,3,143
926,0.002000,14.991600,0,140,3,143
927,0.001700,18.655400,0,140,3,143
928,0.002100,14.741100,0,140,3,143
929,0.001800,17.191900,0,140,3,143
930,0.002400,18.689500,0,140,3,143
931,0.003100,14.398200,0,140,3,143
932,0.001300,16.588500,0,140,3,143
933,0.003700,18.335000,0,140,3,143
934,0.002400,15.056000,0,140,3,143
935,0.439700,18.158600,1680,139,4,143
936,0.001300,15.087400,0,139,4,143
937,0.001600,17.867000,0,139,4,143
938,0.003300,15.901800,0,139,4,143
939,0.003200,16.466700,0,139,4,143
940,0.001700,16.475300,0,139,4,143
941,0.001600,16.666000,0,139,4,143
942,0.952700,21.477200,1716,143,0,143
943,0.002000,13.512200,0,143,0,143
944,0.003100,16.732200,0,143,0,143
945,0.003300,17.011500,0,143,0,143
946,0.001800,15.869800,0,143,0,143
947,0.606100,16.644500,1686,143,0,143
948,0.002800,16.925400,0,143,0,143
949,0.002300,16.721900,0,143,0,143
950,0.003900,16.471900,0,143,0,143
951,0.002400,17.131500,0,143,0,143
952,0.002800,16.271500,0,143,0,143
953,0.017800,18.546400,0,143,0,143
954,0.002900,14.358200,0,143,0,143
955,0.004000,19.108800,0,143,0,143
956,0.003100,14.244600,0,143,0,143
957,0.003200,16.957700,0,143,0,143
958,0.002700,16.820300,0,143,0,143
959,0.774000,16.326900,1686,142,1,143
960,0.003700,17.540300,0,142,1,143
961,0.003400,17.406800,0,142,1,143
962,0.002200,14.661400,0,142,1,143
963,0.002200,18.211900,0,142,1,143
964,0.003300,15.893800,0,142,1,143
965,0.003100,16.371700,0,142,1,143
966,0.002600,16.870900,0,142,1,143
967,0.002000,16.727400,0,142,1,143
968,0.003200,17.834900,0,142,1,143
969,0.002300,16.771200,0,142,1,143
970,0.001500,15.859800,0,142,1,143
971,0.469000,16.655700,1686,141,2,143
972,0.002100,17.181900,0,141,2,143
973,0.014000,16.608100,0,141,2,143
974,0.002700,16.874800,0,141,2,143
975,0.002000,16.883800,0,141,2,143
976,0.002400,17.672100,0,141,2,143
977,0.002400,15.339900,0,141,2,143
978,0.002200,16.588100,0,141,2,143
979,0.003600,17.544200,0,141,2,143
980,0.004300,15.656000,0,141,2,143
981,0.001800,16.785400,0,141,2,143
982,0.003500,16.810900,0,141,2,143
983,0.539900,16.826700,1686,140,3,143
984,0.016800,17.898500,0,140,3,143
985,0.003200,15.414900,0,140,3,143
986,0.002500,17.363000,0,140,3,143
987,0.002000,17.329600,0,140,3,143
988,0.001900,15.275100,0,140,3,143
989,0.001600,17.870700,0,140,3,143
990,0.001700,15.069400,0,140,3,143
991,0.001900,17.662500,0,140,3,143
992,0.002600,15.695800,0,140,3,143
993,0.001900,18.081700,0,140,3,143
994,0.001800,15.311900,0,140,3,143
995,0.510200,17.004800,1686,139,4,143
996,0.002300,16.720700,0,139,4,143
997,0.001600,16.288700,0,139,4,143
998,0.001900,17.494600,0,139,4,143
999,0.002200,16.853800,0,139,4,143
1000,0.001400,17.703000,0,139,4,143
1001,0.001500,16.203300,0,139,4,143
1002,0.467100,16.860700,1716,143,0,143
1003,0.001900,15.601300,0,143,0,143
1004,0.002100,15.750400,0,143,0,143
1005,0.002100,17.747300,0,143,0,143
1006,0.001400,16.423000,0,143,0,143
1007,0.374000,17.364900,1692,143,0,143
1008,0.003400,17.576600,0,143,0,143
1009,0.003000,16.776100,0,143,0,143
1010,0.002800,15.339600,0,143,0,143
1011,0.002500,17.141800,0,143,0,143
1012,0.002900,16.722200,0,143,0,143
1013,0.003400,16.818200,0,143,0,143
1014,0.002500,16.720200,0,143,0,143
1015,0.002200,16.527300,0,143,0,143
1016,0.002100,16.130000,0,143,0,143
1017,0.001800,16.958800,0,143,0,143
1018,0.001500,17.278100,0,143,0,143
1019,1.050500,16.048800,1692,142,1,143
1020,0.003500,16.825000,0,142,1,143
1021,0.002300,16.746500,0,142,1,143
1022,0.002500,16.208600,0,142,1,143
1023,0.003300,17.254600,0,142,1,143
1024,0.002600,16.773100,0,142,1,143
1025,0.003400,16.510100,0,142,1,143
1026,0.002500,16.774700,0,142,1,143
1027,0.002100,16.249700,0,142,1,143
1028,0.001900,16.321300,0,142,1,143
1029,0.001500,16.882300,0,142,1,143
1030,0.002300,16.741300,0,142,1,143
1031,0.926500,16.857600,1692,141,2,143
1032,0.002300,16.482200,0,141,2,143
1033,0.001700,16.580000,0,141,2,143
1034,0.003900,16.700700,0,141,2,143
1035,0.004000,17.720900,0,141,2,143
1036,0.002800,15.714500,0,141,2,143
1037,0.001900,16.520600,0,141,2,143
1038,0.001600,16.804700,0,141,2,143
1039,0.003900,17.711000,0,141,2,143
1040,0.001600,15.326400,0,141,2,143
1041,0.001900,16.821900,0,141,2,143
1042,0.001400,16.601100,0,141,2,143
1043,0.528600,17.055400,1692,140,3,143
1044,0.002400,17.106600,0,140,3,143
1045,0.015200,16.018200,0,140,3,143
1046,0.001900,16.519400,0,140,3,143
1047,0.001700,17.155700,0,140,3,143
1048,0.002500,16.213900,0,140,3,143
1049,0.001500,16.587400,0,140,3,143
1050,0.001800,16.695500,0,140,3,143
1051,0.002400,16.732600,0,140,3,143
1052,0.002000,16.429700,0,140,3,143
1053,0.001400,16.825200,0,140,3,143
1054,0.001300,16.688800,0,140,3,143
1055,0.341600,16.918500,1692,139,4,143
1056,0.001300,16.405600,0,139,4,143
1057,0.001700,16.843400,0,139,4,143
1058,0.003200,16.391200,0,139,4,143
1059,0.002700,17.060700,0,139,4,143
1060,0.001500,16.390100,0,139,4,143
1061,0.002300,16.647700,0,139,4,143
1062,0.002000,16.907700,0,139,4,143
1063,0.001500,16.421900,0,139,4,143
1064,0.001300,16.699400,0,139,4,143
1065,0.321200,16.468000,1716,143,0,143
1066,0.003400,19.277100,0,143,0,143
1067,0.626700,14.599500,1698,143,0,143
1068,0.002700,16.743500,0,143,0,143
1069,0.001800,16.525600,0,143,0,143
1070,0.003200,16.551000,0,143,0,143
1071,0.002200,16.438900,0,143,0,143
1072,0.001800,16.835300,0,143,0,143
1073,0.001300,16.632300,0,143,0,143
1074,0.002900,16.736400,0,143,0,143
1075,0.001500,16.567300,0,143,0,143
1076,0.001600,16.825300,0,143,0,143
1077,0.002100,16.248700,0,143,0,143
1078,0.001600,16.999300,0,143,0,143
1079,0.656400,16.660100,1698,142,1,143
1080,0.002100,17.032300,0,142,1,143
1081,0.001900,16.601300,0,142,1,143
1082,0.001400,16.494100,0,142,1,143
1083,0.001600,16.529800,0,142,1,143
1084,0.001800,17.030800,0,142,1,143
1085,0.001900,16.748700,0,142,1,143
1086,0.002700,16.911300,0,142,1,143
1087,0.002600,16.622700,0,142,1,143
1088,0.002100,16.705100,0,142,1,143
1089,0.002100,16.434100,0,142,1,143
1090,0.001500,16.793800,0,142,1,143
1091,0.650500,16.804900,1698,141,2,143
1092,0.002400,16.749900,0,141,2,143
1093,0.002600,16.668900,0,141,2,143
1094,0.002500,16.919000,0,141,2,143
1095,0.003700,16.317800,0,141,2,143
1096,0.002800,16.772900,0,141,2,143
1097,0.001300,16.641900,0,141,2,143
1098,0.001700,16.624100,0,141,2,143
1099,0.001800,16.744100,0,141,2,143
1100,0.002600,16.760500,0,141,2,143
1101,0.002300,16.384400,0,141,2,143
1102,0.002400,17.018300,0,141,2,143
1103,0.715800,16.693800,1698,140,3,143
1104,0.004000,16.625700,0,140,3,143
1105,0.002100,16.496200,0,140,3,143
1106,0.001300,16.688700,0,140,3,143
1107,0.001900,16.783000,0,140,3,143
1108,0.004000,16.822800,0,140,3,143
1109,0.001900,16.793200,0,140,3,143
1110,0.001600,16.328500,0,140,3,143
1111,0.001500,16.705000,0,140,3,143
1112,0.002000,16.535000,0,140,3,143
1113,0.001600,16.463800,0,140,3,143
1114,0.001900,17.036200,0,140,3,143
1115,0.400300,16.605800,1698,139,4,143
1116,0.001600,16.594200,0,139,4,143
1117,0.002000,16.841800,0,139,4,143
1118,0.002800,17.016600,0,139,4,143
1119,0.002800,16.217200,0,139,4,143
1120,0.002800,17.022700,0,139,4,143
1121,0.002500,16.708800,0,139,4,143
1122,0.009800,16.908200,0,139,4,143
1123,0.003000,16.583100,0,139,4,143
1124,0.001500,16.585000,0,139,4,143
1125,0.002200,16.350700,0,139,4,143
1126,0.002700,17.068300,0,139,4,143
1127,0.394900,17.486800,1698,138,5,143
1128,0.003100,15.902000,0,138,5,143
1129,0.002100,16.876500,0,138,5,143
1130,0.004400,16.436600,0,138,5,143
1131,0.002200,16.363400,0,138,5,143
1132,0.003000,17.818800,0,138,5,143
1133,0.003400,16.595500,0,138,5,143
1134,0.681000,16.423000,1716,143,0,143
1135,0.003200,16.661800,0,143,0,143
1136,0.002100,16.351500,0,143,0,143
1137,0.002600,16.335300,0,143,0,143
1138,0.002500,17.466600,0,143,0,143
1139,1.022300,16.633900,1770,143,0,143
1140,0.002900,16.718000,0,143,0,143
1141,0.003100,16.569900,0,143,0,143
1142,0.003900,16.766800,0,143,0,143
1143,0.004800,16.665300,0,143,0,143
1144,0.003000,17.053400,0,143,0,143
1145,0.002500,16.644500,0,143,0,143
1146,0.004400,16.946700,0,143,0,143
1147,0.003800,16.740100,0,143,0,143
1148,0.003400,16.214900,0,143,0,143
1149,0.002400,16.299700,0,143,0,143
1150,0.001500,16.781500,0,143,0,143
1151,0.408700,16.630900,1770,142,1,143
1152,0.002100,16.671300,0,142,1,143
1153,0.001900,16.782500,0,142,1,143
1154,0.001800,16.542100,0,142,1,143
1155,0.002700,16.509800,0,142,1,143
1156,0.001600,16.969200,0,142,1,143
1157,0.002500,17.157800,0,142,1,143
1158,0.001800,16.309000,0,142,1,143
1159,0.002600,17.270700,0,142,1,143
1160,0.003000,16.499200,0,142,1,143
1161,0.002800,16.154800,0,142,1,143
1162,0.002700,17.264400,0,142,1,143
1163,1.044200,16.737300,1770,141,2,143
1164,0.002600,16.316000,0,141,2,143
1165,0.001800,16.364700,0,141,2,143
1166,0.004400,17.213000,0,141,2,143
1167,0.001900,16.316700,0,141,2,143
1168,0.001600,16.488300,0,141,2,143
1169,0.001600,16.657400,0,141,2,143
1170,0.002500,17.091600,0,141,2,143
1171,0.002000,16.287700,0,141,2,143
1172,0.001500,16.541400,0,141,2,143
1173,0.003200,16.622600,0,141,2,143
1174,0.003900,17.471700,0,141,2,143
1175,1.006700,16.465000,1770,140,3,143
1176,0.002600,16.737500,0,140,3,143
1177,0.002600,16.708000,0,140,3,143
1178,0.002600,16.671100,0,140,3,143
1179,0.004000,16.199900,0,140,3,143
1180,0.003200,16.865200,0,140,3,143
1181,0.003300,16.751300,0,140,3,143
1182,0.003100,16.930100,0,140,3,143
1183,0.001500,16.007200,0,140,3,143
1184,0.002400,17.003100,0,140,3,143
1185,0.002700,16.228200,0,140,3,143
1186,0.001800,16.867100,0,140,3,143
1187,0.389600,16.538300,1770,139,4,143
1188,0.002500,16.846500,0,139,4,143
1189,0.001500,16.485500,0,139,4,143
1190,0.003300,17.116100,0,139,4,143
1191,0.002800,16.223300,0,139,4,143
1192,0.002500,17.303000,0,139,4,143
1193,0.003500,16.598000,0,139,4,143
1194,0.003300,16.623300,0,139,4,143
1195,0.003200,16.913800,0,139,4,143
1196,0.002800,16.452400,0,139,4,143
1197,0.003300,16.088100,0,139,4,143
1198,0.002500,17.098400,0,139,4,143
1199,1.059200,16.856700,1770,138,5,143
1200,0.003200,16.732100,0,138,5,143
1201,0.003200,16.932900,0,138,5,143
1202,0.003200,16.585900,0,138,5,143
1203,0.003700,16.272200,0,138,5,143
1204,0.003600,17.136900,0,138,5,143
1205,0.004000,16.757100,0,138,5,143
1206,0.003500,16.594800,0,138,5,143
1207,0.002900,16.485900,0,138,5,143
1208,0.002700,16.702000,0,138,5,143
1209,0.002600,16.195500,0,138,5,143
1210,0.002700,17.271300,0,138,5,143
1211,1.085900,16.605100,1770,137,6,143
1212,0.002500,16.764400,0,137,6,143
1213,0.002400,16.488600,0,137,6,143
1214,0.002900,17.082100,0,137,6,143
1215,0.002700,15.807100,0,137,6,143
1216,0.003000,17.176500,0,137,6,143
1217,0.003300,16.997100,0,137,6,143
1218,0.002200,16.436200,0,137,6,143
1219,1.013500,16.685400,1824,143,0,143
1220,0.001800,16.332600,0,143,0,143
1221,0.002800,16.357500,0,143,0,143
1222,0.003100,17.027900,0,143,0,143
1223,1.422200,17.151300,1782,143,0,143
1224,0.003800,16.911500,0,143,0,143
1225,0.003500,18.111800,0,143,0,143
1226,0.004400,15.186300,0,143,0,143
1227,0.004400,17.830800,0,143,0,143
1228,0.003400,15.182700,0,143,0,143
1229,0.001700,16.663600,0,143,0,143
1230,0.002500,16.714000,0,143,0,143
1231,0.003200,16.792000,0,143,0,143
1232,0.002900,16.612900,0,143,0,143
1233,0.002600,16.351900,0,143,0,143
1234,0.003300,17.274600,0,143,0,143
1235,1.313000,16.628400,1782,142,1,143
1236,0.003400,17.326900,0,142,1,143
1237,0.003400,15.952900,0,142,1,143
1238,0.003800,16.576300,0,142,1,143
1239,0.003500,16.368700,0,142,1,143
1240,0.002500,16.897800,0,142,1,143
1241,0.003100,16.916000,0,142,1,143
1242,0.002600,16.430200,0,142,1,143
1243,0.003700,16.873700,0,142,1,143
1244,0.003000,16.789000,0,142,1,143
1245,0.002700,16.349000,0,142,1,143
1246,0.003700,16.414200,0,142,1,143
1247,1.484000,17.201400,1782,141,2,143
1248,0.003700,16.965800,0,141,2,143
1249,0.003300,16.843200,0,141,2,143
1250,0.001800,15.859600,0,141,2,143
1251,0.002600,16.364000,0,141,2,143
1252,0.002600,16.742400,0,141,2,143
1253,0.001800,16.825600,0,141,2,143
1254,0.004300,17.159700,0,141,2,143
1255,0.002500,16.668400,0,141,2,143
1256,0.003600,16.445300,0,141,2,143
1257,0.003600,17.660400,0,141,2,143
1258,0.003600,15.488200,0,141,2,143
1259,1.537900,17.258300,1782,140,3,143
1260,0.003500,16.555600,0,140,3,143
1261,0.002000,16.195700,0,140,3,143
1262,0.003600,17.286500,0,140,3,143
1263,0.003000,16.807800,0,140,3,143
1264,0.003700,15.958900,0,140,3,143
1265,0.003100,16.979400,0,140,3,143
1266,0.002700,16.655000,0,140,3,143
1267,0.002600,17.134000,0,140,3,143
1268,0.002800,16.533500,0,140,3,143
1269,0.002900,16.598300,0,140,3,143
1270,0.002800,15.948200,0,140,3,143
1271,1.096400,17.327500,1782,139,4,143
1272,0.004000,16.608400,0,139,4,143
1273,0.002600,16.790200,0,139,4,143
1274,0.002600,16.703700,0,139,4,143
1275,0.004500,16.725200,0,139,4,143
1276,0.004200,16.079100,0,139,4,143
1277,0.004500,17.180900,0,139,4,143
1278,0.002300,16.440100,0,139,4,143
1279,0.002200,16.793000,0,139,4,143
1280,0.003100,16.580900,0,139,4,143
1281,0.002600,16.866600,0,139,4,143
1282,0.002600,16.123300,0,139,4,143
1283,1.125200,17.167600,1782,138,5,143
1284,0.002600,16.984300,0,138,5,143
1285,0.003100,16.597500,0,138,5,143
1286,0.002600,16.596800,0,138,5,143
1287,0.002700,16.527000,0,138,5,143
1288,0.003200,16.921400,0,138,5,143
1289,0.003300,19.361500,0,138,5,143
1290,0.001600,13.984300,0,138,5,143
1291,0.003800,17.043500,0,138,5,143
1292,0.001900,16.173900,0,138,5,143
1293,0.003600,17.569300,0,138,5,143
1294,0.002100,15.699500,0,138,5,143
1295,0.443800,17.057500,1782,137,6,143
1296,0.001400,16.463800,0,137,6,143
1297,0.001400,16.584400,0,137,6,143
1298,0.003300,17.002000,0,137,6,143
1299,0.002900,16.496900,0,137,6,143
1300,0.001800,16.317900,0,137,6,143
1301,0.003000,16.857400,0,137,6,143
1302,0.001800,16.835800,0,137,6,143
1303,0.001500,16.615100,0,137,6,143
1304,0.001900,16.579100,0,137,6,143
1305,0.002400,16.896700,0,137,6,143
1306,0.003200,16.604000,0,137,6,143
1307,0.577500,18.294700,1782,136,7,143
1308,0.002300,15.095000,0,136,7,143
1309,0.003400,17.155800,0,136,7,143
1310,0.003300,16.022100,0,136,7,143
1311,0.001700,16.553400,0,136,7,143
1312,0.001900,16.515400,0,136,7,143
1313,0.002200,16.891500,0,136,7,143
1314,0.002300,16.623800,0,136,7,143
1315,0.002000,16.713700,0,136,7,143
1316,0.002000,16.551800,0,136,7,143
1317,0.001500,16.820600,0,136,7,143
1318,0.001400,16.316600,0,136,7,143
1319,0.498800,16.888700,1782,135,8,143
1320,0.002200,17.184400,0,135,8,143
1321,0.002600,16.472500,0,135,8,143
1322,0.001400,16.399200,0,135,8,143
1323,0.001300,16.549700,0,135,8,143
1324,0.001500,16.536200,0,135,8,143
1325,0.002000,16.907000,0,135,8,143
1326,0.002200,17.037900,0,135,8,143
1327,0.001600,16.343800,0,135,8,143
1328,0.001500,16.882400,0,135,8,143
1329,0.002100,16.794400,0,135,8,143
1330,0.001700,16.391300,0,135,8,143
1331,0.378600,16.905100,1782,134,9,143
1332,0.001400,16.590300,0,134,9,143
1333,0.001300,16.615500,0,134,9,143
1334,0.001600,16.633100,0,134,9,143
1335,0.001800,16.955500,0,134,9,143
1336,0.001900,16.289400,0,134,9,143
1337,0.001600,16.830800,0,134,9,143
1338,0.001300,16.591400,0,134,9,143
1339,0.001400,16.662100,0,134,9,143
1340,0.002000,16.668200,0,134,9,143
1341,0.001300,16.719500,0,134,9,143
1342,0.001900,16.704600,0,134,9,143
1343,0.652700,17.476600,1782,133,10,143
1344,0.001500,15.754800,0,133,10,143
1345,0.001500,16.746400,0,133,10,143
1346,0.002300,16.792500,0,133,10,143
1347,0.001800,16.669300,0,133,10,143
1348,0.001600,16.600200,0,133,10,143
1349,0.001800,16.653500,0,133,10,143
1350,0.002800,16.898300,0,133,10,143
1351,0.001300,16.533400,0,133,10,143
1352,0.001300,16.496100,0,133,10,143
1353,0.004400,17.072200,0,133,10,143
1354,0.001400,16.171100,0,133,10,143
1355,0.490000,17.049500,1782,132,11,143
1356,0.001500,16.677800,0,132,11,143
1357,0.002600,16.815700,0,132,11,143
1358,0.003200,16.947900,0,132,11,143
1359,0.002500,16.486600,0,132,11,143
1360,0.001800,16.009000,0,132,11,143
1361,0.001600,16.825700,0,132,11,143
1362,0.001600,16.878000,0,132,11,143
1363,0.002500,17.211800,0,132,11,143
1364,0.002800,16.519500,0,132,11,143
1365,0.002900,22.282900,0,132,11,143
1366,0.004200,11.506400,0,132,11,143
1367,0.818600,18.535000,1782,132,11,143
1368,0.003500,16.612100,0,132,11,143
1369,0.002500,16.624200,0,132,11,143
1370,0.003400,16.313400,0,132,11,143
1371,0.002300,16.887700,0,132,11,143
1372,0.002100,16.616100,0,132,11,143
1373,0.001600,16.521000,0,132,11,143
1374,0.001500,16.870200,0,132,11,143
1375,0.001300,16.666100,0,132,11,143
1376,0.002200,16.558300,0,132,11,143
1377,0.001500,16.843100,0,132,11,143
1378,0.003800,16.946800,0,132,11,143
1379,0.522700,16.102100,1782,132,11,143
1380,0.002000,16.846600,0,132,11,143
1381,0.002000,16.703000,0,132,11,143
1382,0.001400,16.567500,0,132,11,143
1383,0.001300,16.666500,0,132,11,143
1384,0.001400,16.672600,0,132,11,143
1385,0.002100,16.568800,0,132,11,143
1386,0.002200,16.968300,0,132,11,143
1387,0.002200,16.631800,0,132,11,143
1388,0.002400,17.803300,0,132,11,143
1389,0.002600,16.219500,0,132,11,143
1390,0.001700,16.262700,0,132,11,143
1391,0.431100,16.717300,1782,132,11,143
1392,0.001300,16.610100,0,132,11,143
1393,0.002000,16.734300,0,132,11,143
1394,0.001400,16.639600,0,132,11,143
1395,0.001900,16.796000,0,132,11,143
1396,0.001900,16.756400,0,132,11,143
1397,0.001700,16.337300,0,132,11,143
1398,0.001500,17.070200,0,132,11,143
1399,0.002400,16.805000,0,132,11,143
1400,0.002300,16.347100,0,132,11,143
1401,0.001700,16.913400,0,132,11,143
1402,18.416300,17.671900,1782,132,11,143
1403,0.003100,21.305100,0,132,11,143
1404,0.003500,15.317700,0,132,11,143
1405,0.003000,16.822600,0,132,11,143
1406,0.004200,16.484100,0,132,11,143
1407,0.002800,18.128000,0,132,11,143
1408,0.002800,15.702200,0,132,11,143
1409,0.003300,16.173200,0,132,11,143
1410,0.012200,17.399700,0,132,11,143
1411,0.002000,15.557200,0,132,11,143
1412,0.003600,19.345300,0,132,11,143
1413,0.003100,14.041400,0,132,11,143
1414,0.743200,17.053100,1782,132,11,143
1415,0.003800,16.613400,0,132,11,143
1416,0.015600,18.301400,0,132,11,143
1417,0.001400,14.607800,0,132,11,143
1418,0.002400,18.562000,0,132,11,143
1419,0.002700,14.830900,0,132,11,143
1420,0.001600,18.529200,0,132,11,143
1421,0.002100,14.713600,0,132,11,143
1422,0.004000,17.048800,0,132,11,143
1423,0.001400,16.458300,0,132,11,143
1424,0.014500,17.177400,0,132,11,143
1425,0.001300,16.091200,0,132,11,143
1426,0.802200,19.016400,1782,132,11,143
1427,0.003000,14.725400,0,132,11,143
1428,0.003000,16.732000,0,132,11,143
1429,0.002100,16.835800,0,132,11,143
1430,0.002200,18.518500,0,132,11,143
1431,0.002200,14.424700,0,132,11,143
1432,0.011900,18.458700,0,132,11,143
1433,0.001400,14.754600,0,132,11,143
1434,0.013900,17.402800,0,132,11,143
1435,0.002300,16.024800,0,132,11,143
1436,0.004100,17.067700,0,132,11,143
1437,0.002000,16.442900,0,132,11,143
1438,1.658700,18.799400,1782,132,11,143
1439,0.001800,16.747200,0,132,11,143
1440,0.003500,14.805100,0,132,11,143
1441,0.003600,22.218200,0,132,11,143
1442,0.002900,15.633000,0,132,11,143
1443,0.003100,13.886400,0,132,11,143
1444,0.003400,17.504900,0,132,11,143
1445,0.002500,15.299700,0,132,11,143
1446,0.003400,16.658600,0,132,11,143
1447,0.002400,16.393200,0,132,11,143
1448,0.002300,18.248000,0,132,11,143
1449,0.002800,15.448600,0,132,11,143
1450,0.707700,19.048800,1782,132,11,143
1451,0.006500,23.201000,0,132,11,143
1452,0.004200,11.700800,0,132,11,143
1453,0.002200,14.980600,0,132,11,143
1454,0.004000,17.185200,0,132,11,143
1455,0.001800,16.189700,0,132,11,143
1456,0.001500,17.465100,0,132,11,143
1457,0.002000,15.796000,0,132,11,143
1458,0.001800,16.861000,0,132,11,143
1459,0.001800,16.316600,0,132,11,143
1460,0.004100,18.377400,0,132,11,143
1461,0.003000,16.225200,0,132,11,143
1462,1.356900,16.724700,1782,132,11,143
1463,0.002500,16.401900,0,132,11,143
1464,0.002000,17.630200,0,132,11,143
1465,0.001700,15.596300,0,132,11,143
1466,0.001600,16.401900,0,132,11,143
1467,0.001400,16.833300,0,132,11,143
1468,0.001500,17.102700,0,132,11,143
1469,0.002100,16.196100,0,132,11,143
1470,0.002000,16.850000,0,132,11,143
1471,0.001400,16.492200,0,132,11,143
1472,0.001300,16.546000,0,132,11,143
1473,0.001200,16.788500,0,132,11,143
1474,0.389200,16.699100,1782,132,11,143
1475,0.003000,17.235600,0,132,11,143
1476,0.001400,16.275900,0,132,11,143
1477,0.001400,16.649300,0,132,11,143
1478,0.003000,16.608600,0,132,11,143
1479,0.002000,17.115000,0,132,11,143
1480,0.001300,16.136900,0,132,11,143
1481,0.001400,16.735300,0,132,11,143
1482,0.001800,16.699100,0,132,11,143
1483,0.001400,16.547500,0,132,11,143
1484,0.002000,16.534300,0,132,11,143
1485,0.001200,16.927200,0,132,11,143
1486,0.325300,16.599900,1782,132,11,143
1487,0.001800,16.635600,0,132,11,143
1488,0.001300,16.716700,0,132,11,143
1489,0.003100,16.815300,0,132,11,143
1490,0.001300,16.314100,0,132,11,143
1491,0.001400,16.821100,0,132,11,143
1492,0.001400,16.919500,0,132,11,143
1493,0.001200,16.450700,0,132,11,143
1494,0.002500,16.894500,0,132,11,143
1495,0.001400,16.427500,0,132,11,143
1496,0.001800,16.567300,0,132,11,143
1497,0.001800,16.906900,0,132,11,143
1498,0.331000,16.560000,1782,132,11,143
1499,0.001300,16.781800,0,132,11,143
1500,0.001700,17.079600,0,132,11,143
1501,0.001300,16.171500,0,132,11,143
1502,0.001200,16.477800,0,132,11,143
1503,0.001300,16.891200,0,132,11,143
1504,0.001800,16.745600,0,132,11,143
1505,0.001500,16.737900,0,132,11,143
1506,0.001700,16.681100,0,132,11,143
1507,0.001800,16.399600,0,132,11,143
1508,0.002500,17.032600,0,132,11,143
1509,0.002300,16.329200,0,132,11,143
1510,0.462400,16.800700,1782,132,11,143
1511,0.001300,16.520700,0,132,11,143
1512,0.001400,16.705100,0,132,11,143
1513,0.001400,16.612400,0,132,11,143
1514,0.002100,16.578800,0,132,11,143
1515,0.001600,16.806200,0,132,11,143
1516,0.002100,16.660700,0,132,11,143
1517,0.001400,16.647900,0,132,11,143
1518,0.001400,16.688100,0,132,11,143
1519,0.001300,16.633200,0,132,11,143
1520,0.002400,16.624000,0,132,11,143
1521,0.002000,16.700900,0,132,11,143
1522,0.502200,17.040200,1782,132,11,143
1523,0.005200,16.784300,0,132,11,143
1524,0.003700,19.811600,0,132,11,143
1525,0.002300,13.659300,0,132,11,143
1526,0.001900,16.281700,0,132,11,143
1527,0.003400,17.450100,0,132,11,143
1528,0.003300,16.529100,0,132,11,143
1529,0.001500,16.133000,0,132,11,143
1530,0.002400,16.758400,0,132,11,143
1531,0.002600,16.635100,0,132,11,143
1532,0.001700,16.511500,0,132,11,143
1533,0.002400,16.812100,0,132,11,143
1534,0.575700,16.668000,1782,132,11,143
1535,0.001200,16.586200,0,132,11,143
1536,0.002200,16.664000,0,132,11,143
1537,0.002500,16.940300,0,132,11,143
1538,0.001700,16.272300,0,132,11,143
1539,0.001200,16.804500,0,132,11,143
1540,0.003600,16.781300,0,132,11,143
1541,0.001300,16.541600,0,132,11,143
1542,0.001800,16.718900,0,132,11,143
1543,0.001400,16.599500,0,132,11,143
1544,0.001900,16.609100,0,132,11,143
1545,0.002200,16.766300,0,132,11,143
1546,0.543200,16.791900,1782,132,11,143
1547,0.001500,16.527700,0,132,11,143
1548,0.002700,17.050600,0,132,11,143
1549,0.002500,16.458000,0,132,11,143
1550,0.001400,16.342400,0,132,11,143
1551,0.002500,16.852600,0,132,11,143
1552,0.002500,16.872700,0,132,11,143
1553,0.002600,17.150600,0,132,11,143
1554,0.001400,16.009800,0,132,11,143
1555,0.002200,16.658500,0,132,11,143
1556,0.001400,16.480000,0,132,11,143
1557,0.001500,16.796500,0,132,11,143
1558,0.478700,16.742100,1782,132,11,143
1559,0.003500,16.755200,0,132,11,143
1560,0.001900,16.500000,0,132,11,143
1561,0.001800,16.715400,0,132,11,143
1562,0.002700,16.669000,0,132,11,143
1563,0.018000,16.860500,0,132,11,143
1564,0.003800,16.531400,0,132,11,143
1565,0.002100,16.623000,0,132,11,143
1566,0.001900,16.880500,0,132,11,143
1567,0.003300,16.564700,0,132,11,143
1568,0.001400,16.365000,0,132,11,143
1569,0.002000,16.964100,0,132,11,143
1570,0.561000,16.622900,1782,132,11,143
1571,0.003500,16.670700,0,132,11,143
1572,0.001800,16.540400,0,132,11,143
1573,0.003200,17.019800,0,132,11,143
1574,0.002100,16.198300,0,132,11,143
1575,0.001600,16.772100,0,132,11,143
1576,0.002400,16.900100,0,132,11,143
1577,0.002600,16.524300,0,132,11,143
1578,0.002700,16.792700,0,132,11,143
1579,0.002600,16.648600,0,132,11,143
1580,0.001700,16.401200,0,132,11,143
1581,0.001900,16.746300,0,132,11,143
1582,0.616500,16.925900,1782,132,11,143
1583,0.003100,16.662600,0,132,11,143
1584,0.004100,16.728900,0,132,11,143
1585,0.001600,16.359200,0,132,11,143
1586,0.001600,16.572000,0,132,11,143
1587,0.002900,16.813700,0,132,11,143
1588,0.002500,17.289300,0,132,11,143
1589,0.004100,16.485200,0,132,11,143
1590,0.002000,16.580300,0,132,11,143
1591,0.003300,16.769800,0,132,11,143
1592,0.003100,16.643000,0,132,11,143
1593,0.003600,16.625400,0,132,11,143
1594,0.437400,16.662400,1782,132,11,143
1595,0.002100,16.653200,0,132,11,143
1596,0.003100,16.705200,0,132,11,143
1597,0.002500,16.747300,0,132,11,143
1598,0.002300,16.300300,0,132,11,143
1599,0.001900,16.976700,0,132,11,143
1600,0.004300,16.599600,0,132,11,143
1601,0.002000,16.682600,0,132,11,143
1602,0.002400,16.654600,0,132,11,143
1603,0.003400,16.724100,0,132,11,143
1604,0.002100,16.375600,0,132,11,143
1605,0.418700,16.933600,1716,143,0,143
1606,0.426000,16.619600,1770,143,0,143
1607,0.003300,16.747900,0,143,0,143
1608,0.002500,16.659400,0,143,0,143
1609,0.002400,17.168100,0,143,0,143
1610,0.002200,15.908300,0,143,0,143
1611,0.002200,17.016400,0,143,0,143
1612,0.002200,16.600600,0,143,0,143
1613,0.001900,16.651500,0,143,0,143
1614,0.003000,16.657600,0,143,0,143
1615,0.002000,16.653800,0,143,0,143
1616,0.003000,16.416700,0,143,0,143
1617,0.002600,16.849300,0,143,0,143
1618,0.461600,16.659700,1770,142,1,143
1619,0.002900,16.720000,0,142,1,143
1620,0.002600,16.771500,0,142,1,143
1621,0.003500,16.706900,0,142,1,143
1622,0.002000,16.193000,0,142,1,143
1623,0.002200,17.082000,0,142,1,143
1624,0.003000,16.778400,0,142,1,143
1625,0.002600,16.561900,0,142,1,143
1626,0.003000,16.725000,0,142,1,143
1627,0.003900,17.123700,0,142,1,143
1628,0.002700,16.086200,0,142,1,143
1629,0.002600,17.363500,0,142,1,143
1630,1.011100,16.678300,1770,141,2,143
1631,0.003300,16.513100,0,141,2,143
1632,0.003200,17.180600,0,141,2,143
1633,0.003400,16.589500,0,141,2,143
1634,0.003200,16.098400,0,141,2,143
1635,0.002700,17.342500,0,141,2,143
1636,0.002800,16.640000,0,141,2,143
1637,0.003300,16.850500,0,141,2,143
1638,0.002900,16.382700,0,141,2,143
1639,0.003600,16.912500,0,141,2,143
1640,0.004200,16.317800,0,141,2,143
1641,0.003500,16.844400,0,141,2,143
1642,1.339400,16.539500,1770,140,3,143
1643,0.003300,16.695200,0,140,3,143
1644,0.001900,16.426600,0,140,3,143
1645,0.002100,16.438600,0,140,3,143
1646,0.001600,16.476500,0,140,3,143
1647,0.002100,17.840100,0,140,3,143
1648,0.002500,17.126400,0,140,3,143
1649,0.002200,16.306700,0,140,3,143
1650,0.004200,17.583600,0,140,3,143
1651,0.001700,15.943600,0,140,3,143
1652,0.002000,16.232800,0,140,3,143
1653,0.001600,16.753100,0,140,3,143
1654,0.345600,16.585800,1770,139,4,143
1655,0.003900,17.066700,0,139,4,143
1656,0.002800,16.567200,0,139,4,143
1657,0.003000,16.831200,0,139,4,143
1658,0.002500,16.152600,0,139,4,143
1659,0.003400,17.418600,0,139,4,143
1660,0.003100,16.526700,0,139,4,143
1661,0.003200,16.708700,0,139,4,143
1662,0.002800,16.583400,0,139,4,143
1663,0.003000,16.741900,0,139,4,143
1664,0.004200,16.334700,0,139,4,143
1665,0.002500,16.965000,0,139,4,143
1666,1.443000,16.770300,1770,138,5,143
1667,0.003200,16.516900,0,138,5,143
1668,0.002900,16.480500,0,138,5,143
1669,0.002000,16.755200,0,138,5,143
1670,0.001600,16.093500,0,138,5,143
1671,0.002400,17.218500,0,138,5,143
1672,0.003200,16.981800,0,138,5,143
1673,0.002500,16.347400,0,138,5,143
1674,0.003100,16.820000,0,138,5,143
1675,0.003100,16.684500,0,138,5,143
1676,0.002700,16.098100,0,138,5,143
1677,0.003900,17.252700,0,138,5,143
1678,1.148300,16.720000,1770,137,6,143
1679,0.002600,16.685300,0,137,6,143
1680,0.002900,16.818500,0,137,6,143
1681,0.002800,16.347100,0,137,6,143
1682,0.003000,16.227000,0,137,6,143
1683,0.002600,17.021900,0,137,6,143
1684,0.002600,16.652900,0,137,6,143
1685,0.002800,16.650000,0,137,6,143
1686,0.002700,16.780400,0,137,6,143
1687,0.002700,16.755400,0,137,6,143
1688,0.003000,16.181400,0,137,6,143
1689,0.003400,17.142100,0,137,6,143
1690,1.854600,16.661100,3324,142,1,143
1691,0.003400,16.715500,0,142,1,143
1692,0.002800,16.596400,0,142,1,143
1693,0.002700,16.514700,0,142,1,143
1694,0.001600,16.114600,0,142,1,143
1695,0.003100,17.177200,0,142,1,143
1696,0.003900,17.038700,0,142,1,143
1697,0.003400,16.702600,0,142,1,143
1698,0.003300,16.266500,0,142,1,143
1699,0.003400,17.004900,0,142,1,143
1700,0.002600,16.005700,0,142,1,143
1701,0.003300,17.425500,0,142,1,143
1702,1.225700,16.657600,1764,142,1,143
1703,0.003000,16.501400,0,142,1,143
1704,0.003300,16.550200,0,142,1,143
1705,0.002400,16.700600,0,142,1,143
1706,0.002100,16.319300,0,142,1,143
1707,0.001500,16.951300,0,142,1,143
1708,0.003800,17.722700,0,142,1,143
1709,0.002800,15.654400,0,142,1,143
1710,0.020100,17.631700,0,142,1,143
1711,0.002100,15.997900,0,142,1,143
1712,0.003500,16.591600,0,142,1,143
1713,0.001700,16.267000,0,142,1,143
1714,0.371900,16.946600,1764,141,2,143
1715,0.001300,16.785400,0,141,2,143
1716,0.002200,17.013700,0,141,2,143
1717,0.002500,16.927500,0,141,2,143
1718,0.004000,16.732500,0,141,2,143
1719,0.003200,16.154100,0,141,2,143
1720,0.003300,17.357100,0,141,2,143
1721,0.003900,16.670100,0,141,2,143
1722,0.002700,16.509100,0,141,2,143
1723,0.003600,16.747400,0,141,2,143
1724,0.002800,16.465900,0,141,2,143
1725,0.004100,16.184700,0,141,2,143
1726,0.462800,17.168800,1764,140,3,143
1727,0.001400,16.342700,0,140,3,143
1728,0.001200,16.647700,0,140,3,143
1729,0.001700,16.844900,0,140,3,143
1730,0.001400,16.516700,0,140,3,143
1731,0.001500,16.492300,0,140,3,143
1732,0.002600,17.379700,0,140,3,143
1733,0.003100,16.909300,0,140,3,143
1734,0.003800,16.692700,0,140,3,143
1735,0.002800,16.509500,0,140,3,143
1736,0.002800,16.609900,0,140,3,143
1737,0.004200,16.241000,0,140,3,143
1738,0.959400,17.152000,1764,139,4,143
1739,0.002700,16.665000,0,139,4,143
1740,0.002800,17.102700,0,139,4,143
1741,0.002700,16.427300,0,139,4,143
1742,0.002700,17.228800,0,139,4,143
1743,0.003100,15.721900,0,139,4,143
1744,0.003700,17.386200,0,139,4,143
1745,0.002900,16.462400,0,139,4,143
1746,0.002600,16.789300,0,139,4,143
1747,0.002500,16.412900,0,139,4,143
1748,0.002700,16.852600,0,139,4,143
1749,0.002700,16.020000,0,139,4,143
1750,1.087900,17.386300,1764,138,5,143
1751,0.002500,16.389400,0,138,5,143
1752,0.003300,16.754100,0,138,5,143
1753,0.001300,16.109600,0,138,5,143
1754,0.001600,16.949400,0,138,5,143
1755,0.002600,16.208100,0,138,5,143
1756,0.003400,17.491600,0,138,5,143
1757,0.001400,16.087200,0,138,5,143
1758,0.002600,16.718300,0,138,5,143
1759,0.320600,17.009200,1716,143,0,143
1760,0.001600,16.732400,0,143,0,143
1761,0.001800,16.470600,0,143,0,143
1762,0.416700,16.950100,1758,143,0,143
1763,0.001400,16.493800,0,143,0,143
1764,0.002400,17.046400,0,143,0,143
1765,0.001500,16.447100,0,143,0,143
1766,0.001500,16.609200,0,143,0,143
1767,0.001500,16.469300,0,143,0,143
1768,0.002300,17.304800,0,143,0,143
1769,0.001800,16.131900,0,143,0,143
1770,0.002000,16.695400,0,143,0,143
1771,0.002300,17.190000,0,143,0,143
1772,0.002000,16.181900,0,143,0,143
1773,0.001600,16.491300,0,143,0,143
1774,0.358100,16.880800,1758,142,1,143
1775,0.002000,16.789400,0,142,1,143
1776,0.001400,16.526300,0,142,1,143
1777,0.001500,16.695600,0,142,1,143
1778,0.002600,16.686300,0,142,1,143
1779,0.002200,16.566700,0,142,1,143
1780,0.001700,16.900900,0,142,1,143
1781,0.002000,17.030800,0,142,1,143
1782,0.002100,16.594500,0,142,1,143
1783,0.003000,16.613700,0,142,1,143
1784,0.001900,16.524800,0,142,1,143
1785,0.002400,16.394200,0,142,1,143
1786,0.810400,17.184900,1758,141,2,143
1787,0.002200,16.694600,0,141,2,143
1788,0.001400,16.409300,0,141,2,143
1789,0.001500,16.660000,0,141,2,143
1790,0.002700,17.098400,0,141,2,143
1791,0.002100,16.038600,0,141,2,143
1792,0.001400,17.059200,0,141,2,143
1793,0.002900,16.927000,0,141,2,143
1794,0.001400,16.441200,0,141,2,143
1795,0.001900,16.358500,0,141,2,143
1796,0.001700,16.729000,0,141,2,143
1797,0.001500,16.461100,0,141,2,143
1798,0.339600,17.217100,1758,140,3,143
1799,0.001300,16.668600,0,140,3,143
1800,0.001500,16.640900,0,140,3,143
1801,0.002500,16.886800,0,140,3,143
1802,0.001800,16.673500,0,140,3,143
1803,0.002600,16.443000,0,140,3,143
1804,0.002400,17.084200,0,140,3,143
1805,0.002800,16.739700,0,140,3,143
1806,0.001800,16.449200,0,140,3,143
1807,0.002500,17.669200,0,140,3,143
1808,0.001400,16.220300,0,140,3,143
1809,0.002700,16.660600,0,140,3,143
1810,0.930800,16.981800,1758,139,4,143
1811,0.002600,16.797400,0,139,4,143
1812,0.001400,16.301700,0,139,4,143
1813,0.001500,16.634500,0,139,4,143
1814,0.001300,16.667800,0,139,4,143
1815,0.002000,16.454100,0,139,4,143
1816,0.002000,16.825500,0,139,4,143
1817,0.001600,16.623700,0,139,4,143
1818,0.001900,16.712500,0,139,4,143
1819,0.001400,16.748200,0,139,4,143
1820,0.001400,16.766600,0,139,4,143
1821,0.001400,16.327600,0,139,4,143
1822,0.650400,16.942900,3312,142,1,143
1823,0.001300,16.515700,0,142,1,143
1824,0.001400,16.673900,0,142,1,143
1825,0.001500,16.762300,0,142,1,143
1826,0.001500,16.677100,0,142,1,143
1827,0.002200,18.393600,0,142,1,143
1828,0.001500,15.288200,0,142,1,143
1829,0.001500,16.301800,0,142,1,143
1830,0.001400,16.834000,0,142,1,143
1831,0.001500,17.091100,0,142,1,143
1832,0.001500,16.131300,0,142,1,143
1833,0.001500,16.566800,0,142,1,143
1834,0.739600,17.138700,1752,142,1,143
1835,0.003700,16.574400,0,142,1,143
1836,0.001500,16.394900,0,142,1,143
1837,0.001400,16.631400,0,142,1,143
1838,0.002200,17.035600,0,142,1,143
1839,0.003300,16.315000,0,142,1,143
1840,0.002700,17.123500,0,142,1,143
1841,0.002400,16.554100,0,142,1,143
1842,0.003600,16.899600,0,142,1,143
1843,0.002500,16.545100,0,142,1,143
1844,0.002300,16.598800,0,142,1,143
1845,0.002500,16.362600,0,142,1,143
1846,1.060800,17.441500,1752,141,2,143
1847,0.002400,16.393100,0,141,2,143
1848,0.009900,16.188400,0,141,2,143
1849,0.001900,16.807700,0,141,2,143
1850,0.001800,16.671000,0,141,2,143
1851,0.001400,16.525500,0,141,2,143
1852,0.002900,17.022200,0,141,2,143
1853,0.001800,16.892300,0,141,2,143
1854,0.001400,16.150700,0,141,2,143
1855,0.002800,16.976700,0,141,2,143
1856,0.002700,16.949700,0,141,2,143
1857,0.001500,15.877300,0,141,2,143
1858,0.469300,16.987000,1752,140,3,143
1859,0.001900,16.647200,0,140,3,143
1860,0.001500,16.868500,0,140,3,143
1861,0.002700,16.589300,0,140,3,143
1862,0.002900,16.966400,0,140,3,143
1863,0.002900,16.237800,0,140,3,143
1864,0.002800,17.273700,0,140,3,143
1865,0.003100,16.631100,0,140,3,143
1866,0.003100,16.397400,0,140,3,143
1867,0.002400,16.609400,0,140,3,143
1868,0.002500,16.601300,0,140,3,143
1869,0.001600,16.228100,0,140,3,143
1870,0.784700,17.188700,1752,139,4,143
1871,0.002800,16.570300,0,139,4,143
1872,0.002700,16.808800,0,139,4,143
1873,0.002300,16.665700,0,139,4,143
1874,0.002800,17.122200,0,139,4,143
1875,0.002300,15.735400,0,139,4,143
1876,0.001900,17.122800,0,139,4,143
1877,0.001600,16.317900,0,139,4,143
1878,0.001300,16.660400,0,139,4,143
1879,0.001300,16.666700,0,139,4,143
1880,0.001600,16.715300,0,139,4,143
1881,0.001600,16.474000,0,139,4,143
1882,0.506800,17.061200,1752,138,5,143
1883,0.398100,16.520300,1716,143,0,143
1884,0.001300,16.525100,0,143,0,143
1885,0.001400,16.746900,0,143,0,143
1886,0.001500,16.810000,0,143,0,143
1887,0.001600,16.408000,0,143,0,143
1888,0.001400,17.084600,0,143,0,143
1889,0.002700,16.671200,0,143,0,143
1890,0.001800,16.873400,0,143,0,143
1891,0.002800,16.344000,0,143,0,143
1892,0.001300,16.498100,0,143,0,143
1893,0.002200,17.620200,0,143,0,143
1894,0.408600,15.661100,1746,143,0,143
1895,0.001600,16.662700,0,143,0,143
1896,0.001400,16.679600,0,143,0,143
1897,0.001600,16.662100,0,143,0,143
1898,0.002100,16.741500,0,143,0,143
1899,0.002600,16.485100,0,143,0,143
1900,0.002000,16.740800,0,143,0,143
1901,0.002800,17.026700,0,143,0,143
1902,0.001900,16.486600,0,143,0,143
1903,0.001600,16.749400,0,143,0,143
1904,0.002300,17.313000,0,143,0,143
1905,0.001400,16.016200,0,143,0,143
1906,0.380800,16.411400,1746,142,1,143
1907,0.002100,16.967000,0,142,1,143
1908,0.001600,16.700400,0,142,1,143
1909,0.004000,16.520900,0,142,1,143
1910,0.002000,16.613100,0,142,1,143
1911,0.001300,16.671000,0,142,1,143
1912,0.002800,17.003600,0,142,1,143
1913,0.001900,17.859700,0,142,1,143
1914,0.001800,15.665800,0,142,1,143
1915,0.002500,16.638600,0,142,1,143
1916,0.001300,16.288700,0,142,1,143
1917,0.002500,17.450100,0,142,1,143
1918,0.351600,15.723400,1746,141,2,143
1919,0.002000,18.853000,0,141,2,143
1920,0.001300,14.675400,0,141,2,143
1921,0.002400,16.719100,0,141,2,143
1922,0.001200,16.658300,0,141,2,143
1923,0.002000,17.747900,0,141,2,143
1924,0.001400,15.344000,0,141,2,143
1925,0.001900,16.819900,0,141,2,143
1926,0.001400,16.697600,0,141,2,143
1927,0.001800,16.763100,0,141,2,143
1928,0.001500,16.659500,0,141,2,143
1929,0.008900,17.200800,0,141,2,143
1930,0.821600,15.992300,1746,140,3,143
1931,0.004400,17.201600,0,140,3,143
1932,0.001700,16.191500,0,140,3,143
1933,0.001500,17.891500,0,140,3,143
1934,0.001500,15.453500,0,140,3,143
1935,0.016800,16.923400,0,140,3,143
1936,0.001300,16.431000,0,140,3,143
1937,0.001400,16.968000,0,140,3,143
1938,0.002000,16.626000,0,140,3,143
1939,0.001700,18.094100,0,140,3,143
1940,0.001800,15.365400,0,140,3,143
1941,0.003500,16.748400,0,140,3,143
1942,0.526200,17.012600,1746,139,4,143
1943,0.329800,16.700900,1716,143,0,143
1944,0.001900,16.737800,0,143,0,143
1945,0.001900,16.729000,0,143,0,143
1946,0.002100,16.881100,0,143,0,143
1947,0.002000,16.366300,0,143,0,143
1948,0.001500,16.668700,0,143,0,143
1949,0.002300,16.893800,0,143,0,143
1950,0.001900,16.535500,0,143,0,143
1951,0.001400,16.652600,0,143,0,143
1952,0.001400,16.689200,0,143,0,143
1953,0.001400,16.745600,0,143,0,143
1954,0.564500,16.533600,1740,143,0,143
1955,0.002500,17.111000,0,143,0,143
1956,0.001600,16.645400,0,143,0,143
1957,0.002100,16.804200,0,143,0,143
1958,0.001500,16.628500,0,143,0,143
1959,0.002200,16.502200,0,143,0,143
1960,0.003300,16.471300,0,143,0,143
1961,0.001300,16.827000,0,143,0,143
1962,0.001500,16.667800,0,143,0,143
1963,0.001500,16.650000,0,143,0,143
1964,0.001600,16.698500,0,143,0,143
1965,0.001800,16.650300,0,143,0,143
1966,0.327500,16.495000,1740,142,1,143
1967,0.001900,16.837900,0,142,1,143
1968,0.001500,16.661400,0,142,1,143
1969,0.001800,16.654600,0,142,1,143
1970,0.001900,16.924200,0,142,1,143
1971,0.002600,16.540700,0,142,1,143
1972,0.001900,16.385500,0,142,1,143
1973,0.001300,16.850700,0,142,1,143
1974,0.001500,16.638800,0,142,1,143
1975,0.001900,16.691000,0,142,1,143
1976,0.001400,16.634600,0,142,1,143
1977,0.001500,16.664300,0,142,1,143
1978,0.499000,16.947800,1740,141,2,143
1979,0.002000,16.735000,0,141,2,143
1980,0.002000,16.500600,0,141,2,143
1981,0.002000,16.600200,0,141,2,143
1982,0.001300,16.661900,0,141,2,143
1983,0.001700,16.650800,0,141,2,143
1984,0.001500,16.517500,0,141,2,143
1985,0.001900,17.254700,0,141,2,143
1986,0.003100,17.613300,0,141,2,143
1987,0.001400,15.437700,0,141,2,143
1988,0.001300,16.652900,0,141,2,143
1989,0.002200,16.646900,0,141,2,143
1990,0.343700,16.440800,1740,140,3,143
1991,0.001500,16.905100,0,140,3,143
1992,0.001400,16.705100,0,140,3,143
1993,0.002300,17.072200,0,140,3,143
1994,0.001400,16.144000,0,140,3,143
1995,0.004100,17.032100,0,140,3,143
1996,0.001400,16.144000,0,140,3,143
1997,0.001600,16.850600,0,140,3,143
1998,0.001800,16.650900,0,140,3,143
1999,0.002000,16.633600,0,140,3,143
2000,0.003300,16.872600,0,140,3,143
2001,0.002000,16.540100,0,140,3,143
2002,0.340600,16.501400,1740,139,4,143
2003,0.002700,17.204600,0,139,4,143
2004,0.001600,16.341700,0,139,4,143
2005,0.002600,16.628200,0,139,4,143
2006,0.406900,16.730000,1716,143,0,143
2007,0.002200,16.942800,0,143,0,143
2008,0.001800,16.447700,0,143,0,143
2009,0.003300,16.734000,0,143,0,143
2010,0.001900,16.527800,0,143,0,143
2011,0.001500,16.672400,0,143,0,143
2012,0.002500,16.989700,0,143,0,143
2013,0.001600,16.409700,0,143,0,143
2014,0.464900,16.576500,1734,143,0,143
2015,0.001800,16.828800,0,143,0,143
2016,0.002300,16.641100,0,143,0,143
2017,0.001700,16.683900,0,143,0,143
2018,0.002600,16.827200,0,143,0,143
2019,0.001700,16.699100,0,143,0,143
2020,0.003600,16.319600,0,143,0,143
2021,0.001800,16.692600,0,143,0,143
2022,0.001200,16.750400,0,143,0,143
2023,0.001900,16.674800,0,143,0,143
2024,0.001900,16.543500,0,143,0,143
2025,0.001600,16.679000,0,143,0,143
2026,0.335000,16.524200,1734,142,1,143
2027,0.001800,16.845200,0,142,1,143
2028,0.001200,16.723200,0,142,1,143
2029,0.001300,16.771200,0,142,1,143
2030,0.001800,16.577300,0,142,1,143
2031,0.002100,16.788300,0,142,1,143
2032,0.003300,16.614400,0,142,1,143
2033,0.002700,17.185500,0,142,1,143
2034,0.002600,16.611500,0,142,1,143
2035,0.002700,16.929000,0,142,1,143
2036,0.001300,16.057500,0,142,1,143
2037,0.002100,16.813700,0,142,1,143
2038,0.742800,16.391800,1734,141,2,143
2039,0.001800,16.903900,0,141,2,143
2040,0.001900,16.938000,0,141,2,143
2041,0.002000,16.774000,0,141,2,143
2042,0.001600,16.481800,0,141,2,143
2043,0.002000,16.502800,0,141,2,143
2044,0.001700,16.464400,0,141,2,143
2045,0.002000,17.038600,0,141,2,143
2046,0.001500,16.557800,0,141,2,143
2047,0.002100,16.726800,0,141,2,143
2048,0.001900,16.819200,0,141,2,143
2049,0.770200,16.739400,1734,140,3,143
2050,0.002900,16.300600,0,140,3,143
2051,0.001800,16.798700,0,140,3,143
2052,0.001500,16.688900,0,140,3,143
2053,0.001800,16.624300,0,140,3,143
2054,0.001700,16.717800,0,140,3,143
2055,0.002100,16.951600,0,140,3,143
2056,0.001800,16.074200,0,140,3,143
2057,0.001400,16.859200,0,140,3,143
2058,0.003000,16.677900,0,140,3,143
2059,0.001400,16.693800,0,140,3,143
2060,0.001900,16.645800,0,140,3,143
2061,0.812400,16.860900,1734,139,4,143
2062,0.001800,16.273100,0,139,4,143
2063,0.001500,16.906100,0,139,4,143
2064,0.002000,16.701400,0,139,4,143
2065,0.002300,16.729000,0,139,4,143
2066,0.001400,16.759200,0,139,4,143
2067,0.001600,16.488500,0,139,4,143
2068,0.002000,16.639800,0,139,4,143
2069,0.001500,16.724000,0,139,4,143
2070,0.001900,16.722400,0,139,4,143
2071,0.001600,16.722300,0,139,4,143
2072,0.001900,16.578700,0,139,4,143
2073,0.001400,16.599400,0,139,4,143
2074,0.399500,16.391800,1734,138,5,143
2075,0.001600,17.049700,0,138,5,143
2076,0.321000,16.577600,1716,143,0,143
2077,0.002100,16.644100,0,143,0,143
2078,0.001900,16.631300,0,143,0,143
2079,0.001300,16.762800,0,143,0,143
2080,0.003000,16.803900,0,143,0,143
2081,0.001300,16.534700,0,143,0,143
2082,0.001900,16.682100,0,143,0,143
2083,0.001400,16.572300,0,143,0,143
2084,0.001900,17.025300,0,143,0,143
2085,0.398400,16.362300,1728,143,0,143
2086,0.002000,16.474100,0,143,0,143
2087,0.001400,16.799200,0,143,0,143
2088,0.001900,16.701000,0,143,0,143
2089,0.001700,16.673400,0,143,0,143
2090,0.001400,16.652700,0,143,0,143
2091,0.002100,16.643100,0,143,0,143
2092,0.001300,16.454700,0,143,0,143
2093,0.001300,16.832700,0,143,0,143
2094,0.001800,16.699200,0,143,0,143
2095,0.002200,16.623100,0,143,0,143
2096,0.002000,16.718000,0,143,0,143
2097,1.066500,16.963500,1728,142,1,143
2098,0.002200,16.629100,0,142,1,143
2099,0.002500,16.919600,0,142,1,143
2100,0.004300,17.031900,0,142,1,143
2101,0.003300,16.370400,0,142,1,143
2102,0.001500,16.295600,0,142,1,143
2103,0.001300,16.710900,0,142,1,143
2104,0.001700,16.449700,0,142,1,143
2105,0.001800,16.822000,0,142,1,143
2106,0.001100,16.638200,0,142,1,143
2107,0.001900,16.784500,0,142,1,143
2108,0.002100,16.553200,0,142,1,143
2109,0.453000,16.659100,1728,141,2,143
2110,0.001400,16.585800,0,141,2,143
2111,0.002000,17.093800,0,141,2,143
2112,0.002000,16.807900,0,141,2,143
2113,0.003200,16.650300,0,141,2,143
2114,0.003100,16.859700,0,141,2,143
2115,0.002900,16.765600,0,141,2,143
2116,0.002100,15.958400,0,141,2,143
2117,0.001700,16.827400,0,141,2,143
2118,0.002300,16.780600,0,141,2,143
2119,0.002800,16.877000,0,141,2,143
2120,0.003300,16.883200,0,141,2,143
2121,1.161600,16.505700,1728,140,3,143
2122,0.001800,16.167600,0,140,3,143
2123,0.001600,16.984700,0,140,3,143
2124,0.003200,16.605400,0,140,3,143
2125,0.001900,16.624700,0,140,3,143
2126,0.002000,16.765200,0,140,3,143
2127,0.019600,16.884200,0,140,3,143
2128,0.004500,16.592600,0,140,3,143
2129,0.002200,16.653300,0,140,3,143
2130,0.004300,30.857000,0,140,3,143
2131,0.002400,9.569100,0,140,3,143
2132,0.003500,14.848800,0,140,3,143
2133,0.816000,16.902700,1728,139,4,143
2134,0.001600,16.387400,0,139,4,143
2135,0.002100,16.232200,0,139,4,143
2136,0.002100,16.222400,0,139,4,143
2137,0.002400,17.159500,0,139,4,143
2138,0.001200,16.834300,0,139,4,143
2139,0.001400,16.413300,0,139,4,143
2140,0.001400,16.518900,0,139,4,143
2141,0.002800,16.882000,0,139,4,143
2142,0.001500,16.197000,0,139,4,143
2143,0.002300,17.625400,0,139,4,143
2144,0.002900,17.729400,0,139,4,143
2145,0.690600,15.520700,1728,138,5,143
2146,0.002200,16.305900,0,138,5,143
2147,0.002700,18.199200,0,138,5,143
2148,0.002100,16.937400,0,138,5,143
2149,0.003800,17.657800,0,138,5,143
2150,0.003900,14.883300,0,138,5,143
2151,0.001200,18.461400,0,138,5,143
2152,0.005600,15.255100,0,138,5,143
2153,0.002800,17.260500,0,138,5,143
2154,0.001800,15.411000,0,138,5,143
2155,0.003100,17.089200,0,138,5,143
2156,0.002500,16.254800,0,138,5,143
2157,0.369900,16.447800,1728,137,6,143
2158,0.001300,16.716900,0,137,6,143
2159,0.002500,17.356400,0,137,6,143
2160,1.079200,16.091400,1716,143,0,143
2161,0.004000,18.111400,0,143,0,143
2162,0.002900,15.768800,0,143,0,143
2163,0.003300,18.231800,0,143,0,143
2164,0.004900,17.515600,0,143,0,143
2165,0.003800,15.625100,0,143,0,143
2166,0.002800,14.615600,0,143,0,143
2167,0.003200,18.783500,0,143,0,143
2168,0.001400,15.425000,0,143,0,143
2169,0.545500,16.490800,1722,143,0,143
2170,0.001400,16.169100,0,143,0,143
2171,0.002000,16.847600,0,143,0,143
2172,0.001900,16.202700,0,143,0,143
2173,0.001500,17.407600,0,143,0,143
2174,0.001300,16.306400,0,143,0,143
2175,0.002600,17.259600,0,143,0,143
2176,0.002600,16.027700,0,143,0,143
2177,0.001900,16.952300,0,143,0,143
2178,0.001600,16.337400,0,143,0,143
2179,0.001600,16.802300,0,143,0,143
2180,0.002800,16.783700,0,143,0,143
2181,1.481900,18.193600,1722,142,1,143
2182,0.001600,14.917300,0,142,1,143
2183,0.001900,17.069100,0,142,1,143
2184,0.001400,16.110700,0,142,1,143
2185,0.003500,18.115800,0,142,1,143
2186,0.003000,15.556000,0,142,1,143
2187,0.007200,16.759800,0,142,1,143
2188,0.001000,16.799700,0,142,1,143
2189,0.002200,16.594700,0,142,1,143
2190,0.002200,16.479100,0,142,1,143
2191,0.003300,16.757500,0,142,1,143
2192,0.001800,16.618000,0,142,1,143
2193,0.339500,16.756400,1722,141,2,143
2194,0.001900,16.493100,0,141,2,143
2195,0.002500,16.884700,0,141,2,143
2196,0.001500,16.253800,0,141,2,143
2197,0.001400,16.872500,0,141,2,143
2198,0.001800,17.503000,0,141,2,143
2199,0.001600,16.195600,0,141,2,143
2200,0.001200,16.231300,0,141,2,143
2201,0.001600,16.990700,0,141,2,143
2202,0.001600,16.276900,0,141,2,143
2203,0.002300,17.018600,0,141,2,143
2204,0.001900,16.457000,0,141,2,143
2205,0.394800,16.809900,1722,140,3,143
2206,0.001500,16.508300,0,140,3,143
2207,0.002100,16.787900,0,140,3,143
2208,0.001500,16.471200,0,140,3,143
2209,0.001600,17.941600,0,140,3,143
2210,0.002900,15.833600,0,140,3,143
2211,0.001600,16.583000,0,140,3,143
2212,0.002000,16.547500,0,140,3,143
2213,0.001600,16.995200,0,140,3,143
2214,0.003200,16.285600,0,140,3,143
2215,0.001500,16.939600,0,140,3,143
2216,0.001200,16.449100,0,140,3,143
2217,0.469100,17.116900,1722,139,4,143
2218,0.001600,16.683900,0,139,4,143
2219,0.003200,16.771100,0,139,4,143
2220,0.002200,16.311000,0,139,4,143
2221,0.002300,16.892900,0,139,4,143
2222,0.001400,16.627400,0,139,4,143
2223,0.001200,16.667700,0,139,4,143
2224,0.001200,16.688100,0,139,4,143
2225,0.002800,17.486800,0,139,4,143
2226,0.001300,15.867800,0,139,4,143
2227,0.001500,16.974500,0,139,4,143
2228,0.002700,16.941300,0,139,4,143
2229,1.011800,16.796500,1722,138,5,143
2230,0.001900,16.424000,0,138,5,143
2231,0.002000,16.735300,0,138,5,143
2232,0.001900,16.273800,0,138,5,143
2233,0.002400,17.203700,0,138,5,143
2234,0.001300,16.832700,0,138,5,143
2235,0.002200,16.983800,0,138,5,143
2236,0.002500,16.644000,0,138,5,143
2237,0.003000,16.895500,0,138,5,143
2238,0.001500,16.037500,0,138,5,143
2239,0.001800,16.608800,0,138,5,143
2240,0.002300,17.284200,0,138,5,143
2241,0.676300,16.378200,1722,137,6,143
2242,0.001700,16.613600,0,137,6,143
2243,0.002100,16.620800,0,137,6,143
2244,0.001400,16.522200,0,137,6,143
2245,0.002100,16.463100,0,137,6,143
2246,0.001900,16.799400,0,137,6,143
2247,0.003100,17.120200,0,137,6,143
2248,0.002100,16.567900,0,137,6,143
2249,0.001800,16.360000,0,137,6,143
2250,0.002500,16.857200,0,137,6,143
2251,0.001400,16.320500,0,137,6,143
2252,0.002300,16.886800,0,137,6,143
2253,0.364900,16.593800,1722,136,7,143
2254,0.003200,16.698600,0,136,7,143
2255,0.001900,16.653100,0,136,7,143
2256,0.002300,16.815100,0,136,7,143
2257,0.002900,16.496700,0,136,7,143
2258,0.002400,17.172300,0,136,7,143
2259,0.002700,16.672100,0,136,7,143
2260,0.002600,16.498800,0,136,7,143
2261,0.003000,16.925000,0,136,7,143
2262,0.003300,16.838900,0,136,7,143
2263,0.002500,15.911500,0,136,7,143
2264,0.003000,17.100200,0,136,7,143
2265,1.219100,17.131500,1722,135,8,143
2266,0.002400,16.568000,0,135,8,143
2267,0.002900,16.807100,0,135,8,143
2268,0.002700,16.530100,0,135,8,143
2269,0.002700,16.037700,0,135,8,143
2270,0.002400,17.109700,0,135,8,143
2271,0.002700,16.636200,0,135,8,143
2272,0.004000,18.445300,0,135,8,143
2273,0.002900,14.776700,0,135,8,143
2274,0.002700,16.742100,0,135,8,143
2275,0.003800,16.370800,0,135,8,143
2276,0.003300,17.637400,0,135,8,143
2277,2.396800,17.477000,1722,134,9,143
2278,0.002600,15.598500,0,134,9,143
2279,0.002400,16.430100,0,134,9,143
2280,0.001900,16.424500,0,134,9,143
2281,0.001400,16.445600,0,134,9,143
2282,0.001800,16.982100,0,134,9,143
2283,0.002500,17.058600,0,134,9,143
2284,0.003400,16.841700,0,134,9,143
2285,0.004100,16.675700,0,134,9,143
2286,0.003500,16.618800,0,134,9,143
2287,0.002700,16.073000,0,134,9,143
2288,0.002700,17.139100,0,134,9,143
2289,1.849000,16.826000,1722,133,10,143
2290,0.003800,16.862200,0,133,10,143
2291,0.004800,16.596600,0,133,10,143
2292,0.003400,16.474500,0,133,10,143
2293,0.003400,16.247500,0,133,10,143
2294,0.004000,17.139400,0,133,10,143
2295,0.003300,16.759500,0,133,10,143
2296,0.002600,16.383300,0,133,10,143
2297,0.004000,16.753800,0,133,10,143
2298,0.001500,16.091700,0,133,10,143
2299,0.001600,16.527000,0,133,10,143
2300,0.001300,16.915900,0,133,10,143
2301,0.897700,17.092000,1722,132,11,143
2302,0.002800,16.507800,0,132,11,143
2303,0.002100,16.482200,0,132,11,143
2304,0.001400,16.647600,0,132,11,143
2305,0.001600,16.390700,0,132,11,143
2306,0.002000,16.771600,0,132,11,143
2307,0.001800,16.866900,0,132,11,143
2308,0.003500,17.575400,0,132,11,143
2309,0.003100,16.665200,0,132,11,143
2310,0.002700,16.316100,0,132,11,143
2311,0.003800,16.133400,0,132,11,143
2312,0.002900,17.176200,0,132,11,143
2313,1.054700,16.801700,1722,132,11,143
2314,0.003600,16.274600,0,132,11,143
2315,0.003000,16.641000,0,132,11,143
2316,0.003500,16.877900,0,132,11,143
2317,0.003200,16.223900,0,132,11,143
2318,0.003500,17.409100,0,132,11,143
2319,0.002700,18.256300,0,132,11,143
2320,0.003400,15.901100,0,132,11,143
2321,0.003800,16.999100,0,132,11,143
2322,0.004000,16.284800,0,132,11,143
2323,0.002500,16.159300,0,132,11,143
2324,0.002500,16.973800,0,132,11,143
2325,0.460000,16.615900,1722,132,11,143
2326,0.001900,16.673700,0,132,11,143
2327,0.003000,16.774300,0,132,11,143
2328,0.002500,16.631500,0,132,11,143
2329,0.003300,16.524300,0,132,11,143
2330,0.002700,17.118000,0,132,11,143
2331,0.004900,16.965000,0,132,11,143
2332,0.002900,16.313500,0,132,11,143
2333,0.002500,16.613800,0,132,11,143
2334,0.003200,16.812800,0,132,11,143
2335,0.002800,16.079200,0,132,11,143
2336,0.003300,17.490300,0,132,11,143
2337,0.990200,16.453300,1722,132,11,143
2338,0.003300,16.609400,0,132,11,143
2339,0.003600,17.012100,0,132,11,143
2340,0.002700,16.367300,0,132,11,143
2341,0.003400,16.107600,0,132,11,143
2342,0.002600,17.255200,0,132,11,143
2343,0.003100,16.682100,0,132,11,143
2344,0.004000,16.705600,0,132,11,143
2345,0.002800,16.865200,0,132,11,143
2346,0.003200,16.644500,0,132,11,143
2347,0.004100,16.158000,0,132,11,143
2348,0.003100,17.175500,0,132,11,143
2349,1.411600,16.804300,1722,132,11,143
2350,0.003200,16.547700,0,132,11,143
2351,0.002700,16.523100,0,132,11,143
2352,0.002700,16.633400,0,132,11,143
2353,0.003500,16.648000,0,132,11,143
2354,0.002700,16.848400,0,132,11,143
2355,0.003500,16.641600,0,132,11,143
2356,0.002900,16.461300,0,132,11,143
2357,0.001400,16.221800,0,132,11,143
2358,0.002100,17.036400,0,132,11,143
2359,0.002700,16.249200,0,132,11,143
2360,0.001800,16.743000,0,132,11,143
2361,1.021700,17.194300,1722,132,11,143
2362,0.003900,16.664100,0,132,11,143
2363,0.001700,16.311400,0,132,11,143
2364,0.001700,16.544400,0,132,11,143
2365,0.001500,16.482400,0,132,11,143
2366,0.003400,16.795300,0,132,11,143
2367,0.001700,16.753000,0,132,11,143
2368,0.002500,16.947800,0,132,11,143
2369,0.062600,18.377500,0,132,11,143
2370,0.002000,15.016600,0,132,11,143
2371,0.001600,16.058700,0,132,11,143
2372,0.004300,17.343100,0,132,11,143
2373,0.934000,16.772400,1722,132,11,143
2374,0.002900,16.944000,0,132,11,143
2375,0.003200,16.477300,0,132,11,143
2376,0.002600,16.506700,0,132,11,143
2377,0.003900,16.191200,0,132,11,143
2378,0.002600,17.310000,0,132,11,143
2379,0.003300,17.536000,0,132,11,143
2380,0.002700,15.895400,0,132,11,143
2381,0.002600,16.482700,0,132,11,143
2382,0.003600,16.839300,0,132,11,143
2383,0.002700,15.919300,0,132,11,143
2384,0.004400,17.466200,0,132,11,143
2385,1.333700,16.575200,1722,132,11,143
2386,0.002800,16.905900,0,132,11,143
2387,0.003200,16.835300,0,132,11,143
2388,0.002600,16.444700,0,132,11,143
2389,0.003900,17.844200,0,132,11,143
2390,0.004200,15.719500,0,132,11,143
2391,0.003100,16.653000,0,132,11,143
2392,0.003300,16.654500,0,132,11,143
2393,0.004600,17.033700,0,132,11,143
2394,0.002900,16.156600,0,132,11,143
2395,0.002700,16.372400,0,132,11,143
2396,0.002600,17.103900,0,132,11,143
2397,1.431700,17.044500,1722,132,11,143
2398,0.002700,16.240000,0,132,11,143
2399,0.003000,18.504700,0,132,11,143
2400,0.003100,15.092100,0,132,11,143
2401,0.002700,16.041600,0,132,11,143
2402,0.002900,17.042100,0,132,11,143
2403,0.003800,16.951500,0,132,11,143
2404,0.004100,16.930500,0,132,11,143
2405,0.003200,16.236500,0,132,11,143
2406,0.003000,16.409500,0,132,11,143
2407,0.004000,16.411500,0,132,11,143
2408,0.002600,17.213400,0,132,11,143
2409,1.527500,17.404100,1722,132,11,143
2410,0.002600,15.983200,0,132,11,143
2411,0.002500,18.019700,0,132,11,143
2412,0.003500,15.420100,0,132,11,143
2413,0.004700,16.583800,0,132,11,143
2414,0.002400,16.944700,0,132,11,143
2415,0.003300,16.526800,0,132,11,143
2416,0.002600,16.705200,0,132,11,143
2417,0.004300,16.944800,0,132,11,143
2418,0.010300,16.576600,0,132,11,143
2419,0.002700,16.007600,0,132,11,143
2420,0.002500,17.074200,0,132,11,143
2421,1.360900,16.855700,1722,132,11,143
2422,0.002700,16.616800,0,132,11,143
2423,0.002800,16.560600,0,132,11,143
2424,0.002400,16.370800,0,132,11,143
2425,0.001600,16.369900,0,132,11,143
2426,0.002000,16.839200,0,132,11,143
2427,0.003900,17.119100,0,132,11,143
2428,0.001700,16.947000,0,132,11,143
2429,0.003600,16.635600,0,132,11,143
2430,0.001400,16.189000,0,132,11,143
2431,0.001500,16.239700,0,132,11,143
2432,0.003600,17.277600,0,132,11,143
2433,1.019100,16.807000,1722,132,11,143
2434,0.002800,16.723500,0,132,11,143
2435,0.003100,16.528100,0,132,11,143
2436,0.002000,16.328100,0,132,11,143
2437,0.001700,16.380900,0,132,11,143
2438,0.001400,16.813700,0,132,11,143
2439,0.001300,16.756900,0,132,11,143
2440,0.001500,16.887700,0,132,11,143
2441,0.002300,16.725100,0,132,11,143
2442,0.001900,16.440300,0,132,11,143
2443,0.001300,16.365800,0,132,11,143
2444,0.001600,16.955000,0,132,11,143
2445,0.506300,16.773000,1722,132,11,143
2446,0.001800,16.639300,0,132,11,143
2447,0.001500,16.526000,0,132,11,143
2448,0.003000,17.121500,0,132,11,143
2449,0.002600,16.195400,0,132,11,143
2450,0.002600,17.303900,0,132,11,143
2451,0.002300,16.360900,0,132,11,143
2452,0.002400,16.850800,0,132,11,143
2453,0.002900,16.562700,0,132,11,143
2454,0.001500,16.352600,0,132,11,143
2455,0.002800,16.511100,0,132,11,143
2456,0.003000,17.417100,0,132,11,143
2457,0.903500,17.421900,1722,132,11,143
2458,0.001600,16.272800,0,132,11,143
2459,0.002000,16.703000,0,132,11,143
2460,0.002300,16.808900,0,132,11,143
2461,0.001700,16.795800,0,132,11,143
2462,0.001800,16.284000,0,132,11,143
2463,0.001700,16.885100,0,132,11,143
2464,0.002400,17.533100,0,132,11,143
2465,0.002400,16.190800,0,132,11,143
2466,0.001400,16.193800,0,132,11,143
2467,0.001400,16.630000,0,132,11,143
2468,0.002700,16.662400,0,132,11,143
2469,0.368700,16.664900,1722,132,11,143
2470,0.001400,16.765100,0,132,11,143
2471,0.001800,16.678000,0,132,11,143
2472,0.002400,16.921900,0,132,11,143
2473,0.002800,16.826500,0,132,11,143
2474,0.001600,16.006600,0,132,11,143
2475,0.001500,16.856300,0,132,11,143
2476,0.001600,16.734300,0,132,11,143
2477,0.001800,16.747000,0,132,11,143
2478,0.002000,16.795200,0,132,11,143
2479,0.003000,16.984300,0,132,11,143
2480,0.002700,16.132200,0,132,11,143
2481,0.504000,16.879400,1722,132,11,143
2482,0.001800,16.547200,0,132,11,143
2483,0.002900,16.929900,0,132,11,143
2484,0.001400,16.304700,0,132,11,143
2485,0.001300,16.694500,0,132,11,143
2486,0.001800,16.486900,0,132,11,143
2487,0.001500,16.751700,0,132,11,143
2488,0.002200,19.602400,0,132,11,143
2489,0.003500,15.429200,0,132,11,143
2490,0.002200,16.419200,0,132,11,143
2491,0.001800,16.695300,0,132,11,143
2492,0.001700,16.563600,0,132,11,143
2493,0.379700,16.813900,1722,132,11,143
2494,0.006100,18.312800,0,132,11,143
2495,0.003200,15.782900,0,132,11,143
2496,0.002100,16.065600,0,132,11,143
2497,0.002800,16.650300,0,132,11,143
2498,0.001400,16.342200,0,132,11,143
2499,0.002700,16.925400,0,132,11,143
2500,0.002600,16.920900,0,132,11,143
2501,0.004100,16.753500,0,132,11,143
2502,0.002200,16.766600,0,132,11,143
2503,0.002300,16.577400,0,132,11,143
2504,0.002500,16.392800,0,132,11,143
2505,0.932700,16.949700,1722,132,11,143
2506,0.002500,16.788900,0,132,11,143
2507,0.003700,16.664000,0,132,11,143
2508,0.003500,16.757300,0,132,11,143
2509,0.002900,16.746900,0,132,11,143
2510,0.002200,16.031600,0,132,11,143
2511,0.002400,17.151500,0,132,11,143
2512,0.003100,16.717500,0,132,11,143
2513,0.003800,17.496900,0,132,11,143
2514,0.002400,16.145600,0,132,11,143
2515,0.002600,17.484500,0,132,11,143
2516,0.002600,16.721600,0,132,11,143
2517,1.168200,15.986300,1722,132,11,143
2518,0.002500,17.239100,0,132,11,143
2519,0.002900,16.456100,0,132,11,143
2520,0.002400,16.996200,0,132,11,143
2521,0.002400,16.368000,0,132,11,143
2522,0.002300,16.642000,0,132,11,143
2523,0.002800,16.413700,0,132,11,143
2524,0.003300,17.168700,0,132,11,143
2525,0.002700,16.918800,0,132,11,143
2526,0.002700,16.604900,0,132,11,143
2527,0.003600,16.610700,0,132,11,143
2528,0.002900,16.514100,0,132,11,143
2529,1.209100,16.360100,1722,132,11,143
2530,0.001700,16.678200,0,132,11,143
2531,0.001800,16.460100,0,132,11,143
2532,0.001600,17.413400,0,132,11,143
2533,0.001600,16.623600,0,132,11,143
2534,0.001300,16.606000,0,132,11,143
2535,0.003200,16.675800,0,132,11,143
2536,0.002400,16.979200,0,132,11,143
2537,0.002300,16.798900,0,132,11,143
2538,0.003100,16.771800,0,132,11,143
2539,0.002900,16.534200,0,132,11,143
2540,0.003000,17.038600,0,132,11,143
2541,1.361200,16.452000,1722,132,11,143
2542,0.003000,16.948000,0,132,11,143
2543,0.003100,16.731900,0,132,11,143
2544,0.003300,17.185400,0,132,11,143
2545,0.003000,16.315000,0,132,11,143
2546,0.962200,16.827700,1782,143,0,143
2547,0.003200,16.202900,0,143,0,143
2548,0.003000,17.763600,0,143,0,143
2549,0.003700,16.385600,0,143,0,143
2550,0.002400,16.157500,0,143,0,143
2551,0.002500,16.707400,0,143,0,143
2552,0.731100,16.837300,1728,143,0,143
2553,0.003300,16.291800,0,143,0,143
2554,0.003500,17.251900,0,143,0,143
2555,0.003300,16.646800,0,143,0,143
2556,0.002000,16.035900,0,143,0,143
2557,0.001500,16.737300,0,143,0,143
2558,0.001400,16.743800,0,143,0,143
2559,0.002000,16.376400,0,143,0,143
2560,0.002500,17.165200,0,143,0,143
2561,0.001400,16.372800,0,143,0,143
2562,0.001500,16.613100,0,143,0,143
2563,0.001300,16.736700,0,143,0,143
2564,0.001200,16.854600,0,143,0,143
2565,0.575300,16.390600,1728,142,1,143
2566,0.002200,17.327100,0,142,1,143
2567,0.003000,16.748500,0,142,1,143
2568,0.002600,16.848400,0,142,1,143
2569,0.001300,15.959500,0,142,1,143
2570,0.001300,16.707100,0,142,1,143
2571,0.001500,16.347700,0,142,1,143
2572,0.002100,16.921400,0,142,1,143
2573,0.001800,16.860600,0,142,1,143
2574,0.041000,17.019300,0,142,1,143
2575,0.003100,16.407000,0,142,1,143
2576,0.001800,16.381800,0,142,1,143
2577,0.575200,16.517000,1728,141,2,143
2578,0.003100,17.310800,0,141,2,143
2579,0.001200,16.435800,0,141,2,143
2580,0.001400,16.526400,0,141,2,143
2581,0.001200,16.578100,0,141,2,143
2582,0.002800,17.426100,0,141,2,143
2583,0.002600,15.924000,0,141,2,143
2584,0.001200,16.651300,0,141,2,143
2585,0.001400,16.695800,0,141,2,143
2586,0.001800,16.673000,0,141,2,143
2587,0.001600,16.847100,0,141,2,143
2588,0.994000,16.837100,1728,140,3,143
2589,0.003600,16.274800,0,140,3,143
2590,0.001400,16.690700,0,140,3,143
2591,0.001900,16.722200,0,140,3,143
2592,0.001900,16.653000,0,140,3,143
2593,0.001500,16.765700,0,140,3,143
2594,0.001400,16.610200,0,140,3,143
2595,0.002100,16.500000,0,140,3,143
2596,0.002500,17.050900,0,140,3,143
2597,0.001700,16.663200,0,140,3,143
2598,0.002500,16.776000,0,140,3,143
2599,0.002200,16.702500,0,140,3,143
2600,1.067500,16.689600,1728,139,4,143
2601,0.003800,16.303800,0,139,4,143
2602,0.002300,16.865200,0,139,4,143
2603,0.001800,16.625000,0,139,4,143
2604,0.003100,16.914200,0,139,4,143
2605,0.001200,16.190600,0,139,4,143
2606,0.002200,17.253100,0,139,4,143
2607,0.002300,16.020800,0,139,4,143
2608,0.004300,17.935900,0,139,4,143
2609,0.004400,16.645800,0,139,4,143
2610,0.003500,16.233900,0,139,4,143
2611,0.003500,18.601800,0,139,4,143
2612,0.919900,14.805400,1728,138,5,143
2613,0.002200,16.141700,0,138,5,143
2614,0.002800,17.312800,0,138,5,143
2615,0.004200,16.653700,0,138,5,143
2616,0.002700,16.551300,0,138,5,143
2617,0.003400,17.567800,0,138,5,143
2618,0.004700,16.625800,0,138,5,143
2619,0.003900,15.796300,0,138,5,143
2620,0.003300,16.964500,0,138,5,143
2621,0.004400,17.215100,0,138,5,143
2622,0.002800,16.697100,0,138,5,143
2623,0.003300,16.730700,0,138,5,143
2624,1.058300,16.441800,1728,137,6,143
2625,0.004100,16.178100,0,137,6,143
2626,0.003100,17.361100,0,137,6,143
2627,0.002600,16.752100,0,137,6,143
2628,0.003700,16.421100,0,137,6,143
2629,0.003100,16.835300,0,137,6,143
2630,0.002900,16.449400,0,137,6,143
2631,1.348400,16.268200,1782,143,0,143
2632,0.003700,17.499800,0,143,0,143
2633,0.003300,16.589600,0,143,0,143
2634,0.003400,16.497400,0,143,0,143
2635,0.004000,16.839000,0,143,0,143
2636,1.978600,17.641200,1734,143,0,143
2637,0.003400,16.127400,0,143,0,143
2638,0.003900,15.813000,0,143,0,143
2639,0.002800,17.122800,0,143,0,143
2640,0.002600,16.551900,0,143,0,143
2641,0.002600,16.677100,0,143,0,143
2642,0.004200,17.026000,0,143,0,143
2643,0.004800,16.661100,0,143,0,143
2644,0.003500,16.045200,0,143,0,143
2645,0.004200,17.232200,0,143,0,143
2646,0.002900,17.735100,0,143,0,143
2647,0.002900,15.831500,0,143,0,143
2648,1.095100,16.400000,1734,142,1,143
2649,0.003300,16.783200,0,142,1,143
2650,0.004200,16.018300,0,142,1,143
2651,0.003600,18.065800,0,142,1,143
2652,0.003600,16.589700,0,142,1,143
2653,0.004300,17.206800,0,142,1,143
2654,0.002700,15.629500,0,142,1,143
2655,0.003100,16.767100,0,142,1,143
2656,0.003400,16.308200,0,142,1,143
2657,0.004000,17.328400,0,142,1,143
2658,0.003900,16.908800,0,142,1,143
2659,0.003200,16.303500,0,142,1,143
2660,1.366700,16.666500,1734,141,2,143
2661,0.004000,16.842000,0,141,2,143
2662,0.004600,16.056000,0,141,2,143
2663,0.002100,16.705600,0,141,2,143
2664,0.002200,16.746600,0,141,2,143
2665,0.002400,16.629600,0,141,2,143
2666,0.003300,16.987300,0,141,2,143
2667,0.003200,16.434700,0,141,2,143
2668,0.002600,16.796600,0,141,2,143
2669,0.003600,16.865400,0,141,2,143
2670,0.004400,17.148600,0,141,2,143
2671,0.003800,16.460400,0,141,2,143
2672,1.484100,16.369200,1734,140,3,143
2673,0.004100,16.635100,0,140,3,143
2674,0.002800,16.033000,0,140,3,143
2675,0.003200,17.269000,0,140,3,143
2676,0.003600,16.848900,0,140,3,143
2677,0.002600,16.266100,0,140,3,143
2678,0.003000,16.884100,0,140,3,143
2679,0.002900,16.680100,0,140,3,143
2680,0.003300,16.162800,0,140,3,143
2681,0.018500,17.122800,0,140,3,143
2682,0.002800,16.692600,0,140,3,143
2683,0.002900,16.689800,0,140,3,143
2684,1.287900,16.842200,1734,139,4,143
2685,0.004900,17.361700,0,139,4,143
2686,0.003000,15.545800,0,139,4,143
2687,0.002900,17.017500,0,139,4,143
2688,0.004200,16.885000,0,139,4,143
2689,0.003500,16.569600,0,139,4,143
2690,0.005600,16.864500,0,139,4,143
2691,0.003200,16.395800,0,139,4,143
2692,0.003700,16.345500,0,139,4,143
2693,0.003100,17.057100,0,139,4,143
2694,0.003600,16.779500,0,139,4,143
2695,0.002700,16.653100,0,139,4,143
2696,1.542200,17.050300,1734,138,5,143
2697,0.009900,16.490000,0,138,5,143
2698,0.004700,16.356400,0,138,5,143
2699,0.002900,16.877700,0,138,5,143
2700,1.002700,16.691900,1782,143,0,143
2701,0.003400,16.579100,0,143,0,143
2702,0.002800,16.734900,0,143,0,143
2703,0.002600,16.838800,0,143,0,143
2704,0.014600,16.037100,0,143,0,143
2705,0.003300,17.482600,0,143,0,143
2706,0.003000,16.500600,0,143,0,143
2707,0.002700,16.534000,0,143,0,143
2708,1.179500,16.755000,1740,143,0,143
2709,0.003000,16.642400,0,143,0,143
2710,0.019600,16.754000,0,143,0,143
2711,0.002700,16.157900,0,143,0,143
2712,0.015300,17.615100,0,143,0,143
2713,0.001500,15.535700,0,143,0,143
2714,0.002300,16.928800,0,143,0,143
2715,0.002400,16.802700,0,143,0,143
2716,0.002800,16.406900,0,143,0,143
2717,0.004800,17.514400,0,143,0,143
2718,0.003600,16.524100,0,143,0,143
2719,0.002800,16.477200,0,143,0,143
2720,1.285900,16.794100,1740,142,1,143
2721,0.003000,16.545900,0,142,1,143
2722,0.003400,16.186000,0,142,1,143
2723,0.002700,16.906300,0,142,1,143
2724,0.016000,18.069300,0,142,1,143
2725,0.002700,15.241100,0,142,1,143
2726,0.001600,16.747100,0,142,1,143
2727,0.002400,16.788300,0,142,1,143
2728,0.004300,17.161800,0,142,1,143
2729,0.001400,15.957300,0,142,1,143
2730,0.015400,17.691700,0,142,1,143
2731,0.001900,15.409700,0,142,1,143
2732,0.577400,18.515900,1740,141,2,143
2733,0.001500,14.844500,0,141,2,143
2734,0.002900,16.662900,0,141,2,143
2735,0.002600,17.384900,0,141,2,143
2736,0.002800,16.702400,0,141,2,143
2737,0.003100,16.497400,0,141,2,143
2738,0.004100,16.771500,0,141,2,143
2739,0.002500,17.822400,0,141,2,143
2740,0.003800,15.063400,0,141,2,143
2741,0.003200,16.976400,0,141,2,143
2742,0.003500,16.817700,0,141,2,143
2743,0.002700,16.663000,0,141,2,143
2744,1.011800,16.591700,1740,140,3,143
2745,0.002900,16.619900,0,140,3,143
2746,0.003300,16.306600,0,140,3,143
2747,0.004200,17.298900,0,140,3,143
2748,0.003000,16.717300,0,140,3,143
2749,0.002600,16.541200,0,140,3,143
2750,0.003400,16.883200,0,140,3,143
2751,0.002200,16.223900,0,140,3,143
2752,0.003500,16.322900,0,140,3,143
2753,0.002800,17.271000,0,140,3,143
2754,0.003900,16.476900,0,140,3,143
2755,0.003700,16.715500,0,140,3,143
2756,1.160100,16.770200,1740,139,4,143
2757,0.001900,16.223400,0,139,4,143
2758,0.002400,16.482800,0,139,4,143
2759,0.002300,17.077900,0,139,4,143
2760,0.002500,16.866300,0,139,4,143
2761,0.002300,16.420500,0,139,4,143
2762,0.004000,17.148300,0,139,4,143
2763,1.064800,16.689800,1782,143,0,143
2764,0.002900,15.916800,0,143,0,143
2765,0.002400,17.199900,0,143,0,143
2766,0.004100,16.754000,0,143,0,143
2767,0.003100,16.576000,0,143,0,143
2768,2.027700,17.512200,1746,143,0,143
2769,0.002500,15.761400,0,143,0,143
2770,0.003900,16.265700,0,143,0,143
2771,0.003600,17.304400,0,143,0,143
2772,0.002900,16.581900,0,143,0,143
2773,0.002600,16.559300,0,143,0,143
2774,0.002600,16.697800,0,143,0,143
2775,0.002500,16.568900,0,143,0,143
2776,0.004400,16.357900,0,143,0,143
2777,0.003400,17.222600,0,143,0,143
2778,0.003900,16.719300,0,143,0,143
2779,0.002500,16.440300,0,143,0,143
2780,0.986900,16.804400,1746,142,1,143
2781,0.003000,16.426100,0,142,1,143
2782,0.002900,16.370200,0,142,1,143
2783,0.002500,16.792800,0,142,1,143
2784,0.003700,18.066800,0,142,1,143
2785,0.001700,15.138100,0,142,1,143
2786,0.004100,16.906200,0,142,1,143
2787,0.002300,16.765700,0,142,1,143
2788,0.003200,17.173100,0,142,1,143
2789,0.004500,17.249800,0,142,1,143
2790,0.003000,16.548800,0,142,1,143
2791,0.002800,16.751900,0,142,1,143
2792,0.679100,18.887300,1746,141,2,143
2793,0.003500,14.459800,0,141,2,143
2794,0.002000,16.727600,0,141,2,143
2795,0.001500,16.064300,0,141,2,143
2796,0.001600,17.583000,0,141,2,143
2797,0.002000,15.796300,0,141,2,143
2798,0.014500,18.321100,0,141,2,143
2799,0.002500,15.254300,0,141,2,143
2800,0.002800,16.475600,0,141,2,143
2801,0.003100,17.221900,0,141,2,143
2802,0.002700,19.302500,0,141,2,143
2803,0.002600,13.920700,0,141,2,143
2804,0.900800,16.744600,1746,140,3,143
2805,0.003000,16.443700,0,140,3,143
2806,0.014900,16.509200,0,140,3,143
2807,0.002400,16.728600,0,140,3,143
2808,0.010900,18.650700,0,140,3,143
2809,0.003700,15.041200,0,140,3,143
2810,0.002700,16.646600,0,140,3,143
2811,0.002300,16.683600,0,140,3,143
2812,0.003200,16.288200,0,140,3,143
2813,0.003100,17.247400,0,140,3,143
2814,0.002500,16.095500,0,140,3,143
2815,0.004000,17.047600,0,140,3,143
2816,1.735800,17.678800,1746,139,4,143
2817,0.003700,15.842400,0,139,4,143
2818,0.002900,15.974000,0,139,4,143
2819,0.002500,17.536100,0,139,4,143
2820,0.016900,17.587600,0,139,4,143
2821,0.002900,15.596900,0,139,4,143
2822,0.002500,18.414600,0,139,4,143
2823,0.002500,14.958400,0,139,4,143
2824,1.206700,16.828600,1782,143,0,143
2825,0.002100,16.107800,0,143,0,143
2826,0.001300,17.094900,0,143,0,143
2827,0.002000,16.265000,0,143,0,143
2828,0.641400,17.208800,1752,143,0,143
2829,0.001500,16.156800,0,143,0,143
2830,0.001700,17.425500,0,143,0,143
2831,0.003500,15.967300,0,143,0,143
2832,0.013900,17.618300,0,143,0,143
2833,0.003100,16.149500,0,143,0,143
2834,0.003900,18.474700,0,143,0,143
2835,0.002400,14.903100,0,143,0,143
2836,0.001500,16.650000,0,143,0,143
2837,0.002100,15.986400,0,143,0,143
2838,0.001800,17.363700,0,143,0,143
2839,0.001300,16.199800,0,143,0,143
2840,1.358100,22.399100,1752,142,1,143
2841,0.004100,13.351900,0,142,1,143
2842,0.003200,17.317400,0,142,1,143
2843,0.002900,15.378100,0,142,1,143
2844,0.002500,17.870200,0,142,1,143
2845,0.003000,16.040700,0,142,1,143
2846,0.003000,17.196700,0,142,1,143
2847,0.003100,16.118800,0,142,1,143
2848,0.002500,17.135400,0,142,1,143
2849,0.004100,15.769400,0,142,1,143
2850,0.003600,18.208800,0,142,1,143
2851,0.001700,15.148000,0,142,1,143
2852,1.041600,16.912400,1752,141,2,143
2853,0.004800,16.507200,0,141,2,143
2854,0.001400,16.515000,0,141,2,143
2855,0.001600,16.406800,0,141,2,143
2856,0.002100,17.054500,0,141,2,143
2857,0.001600,16.633900,0,141,2,143
2858,0.001300,16.473700,0,141,2,143
2859,0.001300,16.675100,0,141,2,143
2860,0.004600,17.144600,0,141,2,143
2861,0.001400,16.012800,0,141,2,143
2862,0.001400,16.812200,0,141,2,143
2863,0.001800,17.054300,0,141,2,143
2864,0.721300,16.888100,1752,140,3,143
2865,0.001500,16.187100,0,140,3,143
2866,0.001300,16.688900,0,140,3,143
2867,0.002100,16.535400,0,140,3,143
2868,0.001500,16.991400,0,140,3,143
2869,0.001200,16.436300,0,140,3,143
2870,0.001900,16.694500,0,140,3,143
2871,0.001400,16.686500,0,140,3,143
2872,0.001400,16.627200,0,140,3,143
2873,0.003000,17.572100,0,140,3,143
2874,0.001400,15.761600,0,140,3,143
2875,0.001500,16.685600,0,140,3,143
2876,0.410600,16.727200,1752,139,4,143
2877,0.001500,16.600700,0,139,4,143
2878,0.001400,16.654800,0,139,4,143
2879,0.002200,16.722000,0,139,4,143
2880,0.001600,16.698300,0,139,4,143
2881,0.001700,16.669800,0,139,4,143
2882,0.001500,16.737900,0,139,4,143
2883,0.002500,17.650700,0,139,4,143
2884,0.328200,15.543800,1782,143,0,143
2885,0.001300,16.503700,0,143,0,143
2886,0.002400,16.966800,0,143,0,143
2887,0.001500,16.574900,0,143,0,143
2888,0.371400,16.697600,1758,143,0,143
2889,0.001300,16.584200,0,143,0,143
2890,0.002200,16.705900,0,143,0,143
2891,0.002000,16.514500,0,143,0,143
2892,0.001700,17.233800,0,143,0,143
2893,0.002000,16.581100,0,143,0,143
2894,0.004900,16.719000,0,143,0,143
2895,0.001900,16.331000,0,143,0,143
2896,0.001300,16.749400,0,143,0,143
2897,0.001500,16.433500,0,143,0,143
2898,0.002500,16.927800,0,143,0,143
2899,0.001200,16.571400,0,143,0,143
2900,0.345500,16.774500,1758,142,1,143
2901,0.003700,16.770000,0,142,1,143
2902,0.001600,17.874500,0,142,1,143
2903,0.001500,15.118500,0,142,1,143
2904,0.002600,16.955000,0,142,1,143
2905,0.001300,16.520300,0,142,1,143
2906,0.001300,16.752800,0,142,1,143
2907,0.001700,16.771400,0,142,1,143
2908,0.001400,17.309400,0,142,1,143
2909,0.001600,16.157000,0,142,1,143
2910,0.002500,16.537600,0,142,1,143
2911,0.001200,16.486400,0,142,1,143
2912,0.410300,17.603800,1758,141,2,143
2913,0.001300,15.752600,0,141,2,143
2914,0.001400,16.615900,0,141,2,143
2915,0.001500,16.523700,0,141,2,143
2916,0.003200,17.224000,0,141,2,143
2917,0.001400,16.254200,0,141,2,143
2918,0.001500,16.740500,0,141,2,143
2919,0.001300,16.610700,0,141,2,143
2920,0.001400,16.759300,0,141,2,143
2921,0.001700,16.462700,0,141,2,143
2922,0.001800,16.934100,0,141,2,143
2923,0.001500,16.692700,0,141,2,143
2924,0.325700,16.535800,1758,140,3,143
2925,0.001300,16.591600,0,140,3,143
2926,0.001600,16.768400,0,140,3,143
2927,0.001900,16.439100,0,140,3,143
2928,0.001300,16.849900,0,140,3,143
2929,0.003800,16.849400,0,140,3,143
2930,0.001500,16.534100,0,140,3,143
2931,0.001500,16.573000,0,140,3,143
2932,0.001900,16.711300,0,140,3,143
2933,0.001500,16.474300,0,140,3,143
2934,0.001500,16.816900,0,140,3,143
2935,0.001500,16.727800,0,140,3,143
2936,0.325800,16.618000,1758,139,4,143
2937,0.002300,16.708200,0,139,4,143
2938,0.003700,16.997100,0,139,4,143
2939,0.001300,16.436600,0,139,4,143
2940,0.001500,16.701900,0,139,4,143
2941,0.002000,16.571800,0,139,4,143
2942,0.001400,16.821300,0,139,4,143
2943,0.001700,16.477500,0,139,4,143
2944,0.002000,16.814700,0,139,4,143
2945,0.002500,16.529700,0,139,4,143
2946,0.003000,17.006000,0,139,4,143
2947,1.652800,17.577100,1782,143,0,143
2948,0.326700,15.513600,1764,143,0,143
2949,0.001400,16.662300,0,143,0,143
2950,0.002000,16.586500,0,143,0,143
2951,0.001900,16.531400,0,143,0,143
2952,0.001500,16.874400,0,143,0,143
2953,0.001400,16.799000,0,143,0,143
2954,0.002700,17.089700,0,143,0,143
2955,0.001500,16.197400,0,143,0,143
2956,0.002700,16.841500,0,143,0,143
2957,0.002000,16.165300,0,143,0,143
2958,0.001400,16.821900,0,143,0,143
2959,0.001300,16.708900,0,143,0,143
2960,1.117700,17.185300,1764,142,1,143
2961,0.008100,17.095100,0,142,1,143
2962,0.003100,16.681400,0,142,1,143
2963,0.003500,15.582800,0,142,1,143
2964,0.002000,16.900400,0,142,1,143
2965,0.001500,16.698000,0,142,1,143
2966,0.001800,16.763100,0,142,1,143
2967,0.001500,16.523100,0,142,1,143
2968,0.002600,16.792500,0,142,1,143
2969,0.001700,16.742700,0,142,1,143
2970,0.001500,16.463000,0,142,1,143
2971,0.002000,16.651500,0,142,1,143
2972,0.830400,17.861800,1764,141,2,143
2973,0.002100,15.680800,0,141,2,143
2974,0.001400,16.440600,0,141,2,143
2975,0.002700,16.416700,0,141,2,143
2976,0.002100,17.176900,0,141,2,143
2977,0.001500,16.423200,0,141,2,143
2978,0.001400,16.677600,0,141,2,143
2979,0.004000,16.756500,0,141,2,143
2980,0.001400,16.698500,0,141,2,143
2981,0.001400,16.241500,0,141,2,143
2982,0.001500,17.074300,0,141,2,143
2983,0.002100,16.686500,0,141,2,143
2984,0.375300,16.679400,1764,140,3,143
2985,0.002000,16.512800,0,140,3,143
2986,0.001400,16.663000,0,140,3,143
2987,0.001900,16.474300,0,140,3,143
2988,0.001400,16.776300,0,140,3,143
2989,0.001400,16.690300,0,140,3,143
2990,0.001300,16.644800,0,140,3,143
2991,0.001400,16.655100,0,140,3,143
2992,0.001400,16.683500,0,140,3,143
2993,0.002200,16.579200,0,140,3,143
2994,0.002000,17.080400,0,140,3,143
2995,0.002400,16.802300,0,140,3,143
2996,0.862400,16.657100,1764,139,4,143
2997,0.001900,16.337400,0,139,4,143
2998,0.001900,16.909700,0,139,4,143
2999,0.001900,16.184000,0,139,4,143
3000,0.002100,17.254200,0,139,4,143
3001,0.001800,16.512300,0,139,4,143
3002,0.001900,16.515900,0,139,4,143
3003,0.002600,17.889300,0,139,4,143
3004,0.002400,15.645900,0,139,4,143
3005,0.002800,16.309000,0,139,4,143
3006,0.003200,16.935000,0,139,4,143
3007,0.001400,16.436500,0,139,4,143
3008,0.643300,17.024300,1764,138,5,143
3009,0.001300,16.357500,0,138,5,143
3010,0.001300,16.569600,0,138,5,143
3011,0.001500,16.597400,0,138,5,143
3012,0.001200,16.786800,0,138,5,143
3013,0.002000,16.876700,0,138,5,143
3014,0.001500,16.600700,0,138,5,143
3015,0.001600,16.691900,0,138,5,143
3016,0.001300,16.665500,0,138,5,143
3017,0.334800,16.263300,1782,143,0,143
3018,0.002000,16.953600,0,143,0,143
3019,0.001800,16.712300,0,143,0,143
3020,0.602300,17.383300,1770,143,0,143
3021,0.001800,16.392700,0,143,0,143
3022,0.002500,16.548000,0,143,0,143
3023,0.001500,16.382300,0,143,0,143
3024,0.002700,16.901600,0,143,0,143
3025,0.001800,16.578500,0,143,0,143
3026,0.001400,17.426400,0,143,0,143
3027,0.001300,16.683200,0,143,0,143
3028,0.002100,16.690700,0,143,0,143
3029,0.001500,16.577600,0,143,0,143
3030,0.001600,16.786800,0,143,0,143
3031,0.002700,16.699800,0,143,0,143
3032,0.405600,16.698700,1770,142,1,143
3033,0.002100,16.684200,0,142,1,143
3034,0.001600,16.437000,0,142,1,143
3035,0.001400,16.469400,0,142,1,143
3036,0.001300,16.887000,0,142,1,143
3037,0.002500,16.851100,0,142,1,143
3038,0.003000,16.932700,0,142,1,143
3039,0.002500,16.668400,0,142,1,143
3040,0.002500,16.603600,0,142,1,143
3041,0.002900,16.269500,0,142,1,143
3042,0.003200,17.289200,0,142,1,143
3043,0.003200,16.418500,0,142,1,143
3044,1.393800,16.748500,1770,141,2,143
3045,0.002300,16.585900,0,141,2,143
3046,0.004300,17.023100,0,141,2,143
3047,0.002500,15.920300,0,141,2,143
3048,0.003100,17.211100,0,141,2,143
3049,0.002700,16.543900,0,141,2,143
3050,0.004700,17.231200,0,141,2,143
3051,0.002800,16.081400,0,141,2,143
3052,0.003800,18.543300,0,141,2,143
3053,0.003000,14.805300,0,141,2,143
3054,0.003400,16.307600,0,141,2,143
3055,0.002400,16.926600,0,141,2,143
3056,1.248100,16.913200,1770,140,3,143
3057,0.002400,16.498900,0,140,3,143
3058,0.002400,16.730200,0,140,3,143
3059,0.002500,16.818000,0,140,3,143
3060,0.004300,16.478400,0,140,3,143
3061,0.002700,17.238300,0,140,3,143
3062,0.003100,17.170200,0,140,3,143
3063,0.001700,15.849300,0,140,3,143
3064,0.001700,17.478000,0,140,3,143
3065,0.003700,17.018200,0,140,3,143
3066,0.003100,17.760000,0,140,3,143
3067,0.003400,15.842000,0,140,3,143
3068,1.436600,16.988000,1770,139,4,143
3069,0.001400,15.998800,0,139,4,143
3070,0.004300,16.702200,0,139,4,143
3071,0.002600,16.555100,0,139,4,143
3072,0.001600,16.438200,0,139,4,143
3073,0.002500,17.461000,0,139,4,143
3074,0.003100,16.637600,0,139,4,143
3075,0.003100,16.860200,0,139,4,143
3076,0.004400,16.543100,0,139,4,143
3077,0.002600,16.601500,0,139,4,143
3078,0.002700,16.124100,0,139,4,143
3079,0.002100,17.247500,0,139,4,143
3080,0.946400,16.520100,1770,138,5,143
3081,0.002400,16.583600,0,138,5,143
3082,0.006300,17.545500,0,138,5,143
3083,0.001900,15.695900,0,138,5,143
3084,0.001900,16.379800,0,138,5,143
3085,0.002300,16.844300,0,138,5,143
3086,0.001600,16.623100,0,138,5,143
3087,0.002900,16.694500,0,138,5,143
3088,0.008400,19.141700,0,138,5,143
3089,0.002900,14.698200,0,138,5,143
3090,0.002100,16.103100,0,138,5,143
3091,0.002000,17.053700,0,138,5,143
3092,0.634800,16.727200,1770,137,6,143
3093,0.001900,16.372300,0,137,6,143
3094,0.001300,16.649200,0,137,6,143
3095,0.001400,16.823700,0,137,6,143
3096,0.004000,16.800200,0,137,6,143
3097,0.002700,16.897200,0,137,6,143
3098,0.003100,16.700600,0,137,6,143
3099,0.003000,16.529000,0,137,6,143
3100,0.003500,16.569300,0,137,6,143
3101,0.001800,16.441000,0,137,6,143
3102,0.724100,16.503600,1848,143,0,143
3103,0.002400,17.005300,0,143,0,143
3104,0.858200,16.852400,1782,143,0,143
3105,0.002400,16.989700,0,143,0,143
3106,0.003600,17.195200,0,143,0,143
3107,0.003100,16.500100,0,143,0,143
3108,0.003100,16.159900,0,143,0,143
3109,0.003000,17.001000,0,143,0,143
3110,0.003900,16.761500,0,143,0,143
3111,0.002700,16.831800,0,143,0,143
3112,0.002900,16.599100,0,143,0,143
3113,0.003300,16.394700,0,143,0,143
3114,0.002900,16.385000,0,143,0,143
3115,0.003300,17.344300,0,143,0,143
3116,1.032600,16.476100,1782,142,1,143
3117,0.006100,16.804300,0,142,1,143
3118,0.003200,16.456300,0,142,1,143
3119,0.003200,16.913500,0,142,1,143
3120,0.003200,16.157400,0,142,1,143
3121,0.003700,17.815700,0,142,1,143
3122,0.003400,16.642000,0,142,1,143
3123,0.002600,16.269300,0,142,1,143
3124,0.002700,16.586400,0,142,1,143
3125,0.003400,16.814600,0,142,1,143
3126,0.004000,16.466300,0,142,1,143
3127,0.003400,16.987800,0,142,1,143
3128,1.190600,16.617200,1782,141,2,143
3129,0.003100,16.531200,0,141,2,143
3130,0.004100,17.076000,0,141,2,143
3131,0.002900,16.580400,0,141,2,143
3132,0.003000,15.963200,0,141,2,143
3133,0.003200,17.137400,0,141,2,143
3134,0.002800,16.703100,0,141,2,143
3135,0.004200,16.907000,0,141,2,143
3136,0.004200,16.536200,0,141,2,143
3137,0.004200,16.830900,0,141,2,143
3138,0.003100,15.835500,0,141,2,143
3139,0.003600,17.170100,0,141,2,143
3140,1.040000,16.774100,1782,140,3,143
3141,0.003100,16.673400,0,140,3,143
3142,0.002900,16.984800,0,140,3,143
3143,0.002700,16.515400,0,140,3,143
3144,0.003300,16.391800,0,140,3,143
3145,0.003200,16.716200,0,140,3,143
3146,0.002700,17.134900,0,140,3,143
3147,0.003700,16.469300,0,140,3,143
3148,0.003500,17.959800,0,140,3,143
3149,0.004600,16.460300,0,140,3,143
3150,0.003800,15.356000,0,140,3,143
3151,0.002700,17.025300,0,140,3,143
3152,1.030200,16.443800,1782,139,4,143
3153,0.002600,16.618000,0,139,4,143
3154,0.003000,16.633900,0,139,4,143
3155,0.002200,16.755100,0,139,4,143
3156,0.002400,16.222400,0,139,4,143
3157,0.003400,17.300400,0,139,4,143
3158,0.003300,16.605300,0,139,4,143
3159,0.003100,16.493200,0,139,4,143
3160,0.002400,16.830900,0,139,4,143
3161,0.003700,16.866200,0,139,4,143
3162,0.003400,16.013100,0,139,4,143
3163,0.003800,17.245900,0,139,4,143
3164,1.391200,16.597400,1782,138,5,143
3165,0.002400,16.805800,0,138,5,143
3166,0.003200,16.208500,0,138,5,143
3167,0.002600,16.957100,0,138,5,143
3168,0.003700,16.105800,0,138,5,143
3169,0.002500,17.304700,0,138,5,143
3170,0.002600,16.673600,0,138,5,143
3171,0.003200,16.659100,0,138,5,143
3172,0.002600,16.571800,0,138,5,143
3173,0.002600,16.804500,0,138,5,143
3174,0.003200,16.071000,0,138,5,143
3175,0.002800,16.963400,0,138,5,143
3176,1.426600,17.091900,1782,137,6,143
3177,0.002600,16.322600,0,137,6,143
3178,0.002500,16.705000,0,137,6,143
3179,0.003100,16.777200,0,137,6,143
3180,0.003600,16.070700,0,137,6,143
3181,0.002600,17.123400,0,137,6,143
3182,0.002700,16.875100,0,137,6,143
3183,0.003500,16.612100,0,137,6,143
3184,0.004300,16.614500,0,137,6,143
3185,0.002800,16.689400,0,137,6,143
3186,0.003400,16.106000,0,137,6,143
3187,0.003300,17.267700,0,137,6,143
3188,1.056400,16.567000,1782,136,7,143
3189,0.003400,16.810100,0,136,7,143
3190,0.003300,16.931500,0,136,7,143
3191,0.002700,16.411300,0,136,7,143
3192,0.003100,16.792300,0,136,7,143
3193,0.003400,16.013100,0,136,7,143
3194,0.003600,17.465100,0,136,7,143
3195,0.002900,16.509600,0,136,7,143
3196,0.003300,16.422400,0,136,7,143
3197,0.002500,16.907600,0,136,7,143
3198,0.002600,16.646200,0,136,7,143
3199,0.002500,15.989500,0,136,7,143
3200,1.326800,17.156700,1782,135,8,143
3201,0.004000,18.285200,0,135,8,143
3202,0.003300,17.938100,0,135,8,143
3203,0.003200,16.957700,0,135,8,143
3204,0.002400,16.425100,0,135,8,143
3205,0.003100,16.049200,0,135,8,143
3206,0.002600,17.245600,0,135,8,143
3207,0.002900,16.553300,0,135,8,143
3208,0.003000,16.674000,0,135,8,143
3209,0.002100,16.855700,0,135,8,143
3210,0.002800,16.451900,0,135,8,143
3211,0.002500,16.214000,0,135,8,143
3212,1.004100,17.065800,1782,134,9,143
3213,0.002800,17.081600,0,134,9,143
3214,0.002500,16.599600,0,134,9,143
3215,0.002500,17.267100,0,134,9,143
3216,0.001900,16.022600,0,134,9,143
3217,0.003200,17.253000,0,134,9,143
3218,0.003600,16.221100,0,134,9,143
3219,0.003600,17.320000,0,134,9,143
3220,0.003200,16.756400,0,134,9,143
3221,0.002900,16.651700,0,134,9,143
3222,0.002500,16.615800,0,134,9,143
3223,0.002500,16.810900,0,134,9,143
3224,1.045000,16.231100,1782,133,10,143
3225,0.004000,17.370500,0,133,10,143
3226,0.004900,16.978000,0,133,10,143
3227,0.003200,16.461800,0,133,10,143
3228,0.003500,16.605900,0,133,10,143
3229,0.002100,16.404600,0,133,10,143
3230,0.003400,16.335700,0,133,10,143
3231,0.003000,17.334400,0,133,10,143
3232,0.002600,16.726400,0,133,10,143
3233,0.002400,16.569600,0,133,10,143
3234,0.002500,16.734100,0,133,10,143
3235,0.002500,16.844900,0,133,10,143
3236,1.133800,16.165500,1782,132,11,143
3237,0.002600,17.100400,0,132,11,143
3238,0.003800,17.258700,0,132,11,143
3239,0.003000,16.449700,0,132,11,143
3240,0.002500,16.714200,0,132,11,143
3241,0.003200,16.452300,0,132,11,143
3242,0.003200,16.211200,0,132,11,143
3243,0.002500,17.017700,0,132,11,143
3244,0.003300,16.889500,0,132,11,143
3245,0.002600,16.439200,0,132,11,143
3246,0.003000,16.901400,0,132,11,143
3247,0.003000,16.640700,0,132,11,143
3248,0.932100,16.084600,1782,132,11,143
3249,0.002400,17.207900,0,132,11,143
3250,0.005300,16.551100,0,132,11,143
3251,0.002400,16.621300,0,132,11,143
3252,0.003000,16.720400,0,132,11,143
3253,0.003300,17.419500,0,132,11,143
3254,0.002800,16.209700,0,132,11,143
3255,0.002500,16.749000,0,132,11,143
3256,0.003100,17.059200,0,132,11,143
3257,0.002800,16.465800,0,132,11,143
3258,0.002700,16.859100,0,132,11,143
3259,1.049500,16.664300,1782,132,11,143
3260,0.002600,16.024400,0,132,11,143
3261,0.003800,17.200800,0,132,11,143
3262,0.004100,17.493400,0,132,11,143
3263,0.003400,15.913100,0,132,11,143
3264,0.004200,17.017400,0,132,11,143
3265,0.003500,16.801500,0,132,11,143
3266,0.004300,16.057900,0,132,11,143
3267,0.003500,17.349900,0,132,11,143
3268,0.003300,16.543100,0,132,11,143
3269,0.003100,17.261300,0,132,11,143
3270,0.004100,16.100400,0,132,11,143
3271,1.245100,16.659700,1782,132,11,143
3272,0.002900,16.184600,0,132,11,143
3273,0.003300,17.228200,0,132,11,143
3274,0.003400,16.530800,0,132,11,143
3275,0.003400,16.719500,0,132,11,143
3276,0.003800,16.608100,0,132,11,143
3277,0.004000,16.847100,0,132,11,143
3278,0.005000,16.089000,0,132,11,143
3279,0.002800,17.056400,0,132,11,143
3280,0.003000,16.632200,0,132,11,143
3281,0.002500,17.109500,0,132,11,143
3282,0.003300,16.310800,0,132,11,143
3283,1.060700,16.727700,1782,132,11,143
3284,0.002800,16.230700,0,132,11,143
3285,0.002900,17.190300,0,132,11,143
3286,0.004200,16.735300,0,132,11,143
3287,0.002600,16.585400,0,132,11,143
3288,0.002600,17.495200,0,132,11,143
3289,0.003500,16.207300,0,132,11,143
3290,0.003900,16.068300,0,132,11,143
3291,0.002500,17.005200,0,132,11,143
3292,0.003800,16.931000,0,132,11,143
3293,0.003400,16.569100,0,132,11,143
3294,0.002700,16.693100,0,132,11,143
3295,0.984100,16.781400,1782,132,11,143
3296,0.002800,16.047500,0,132,11,143
3297,0.002800,17.306700,0,132,11,143
3298,0.003400,16.472100,0,132,11,143
3299,0.002600,16.804100,0,132,11,143
3300,0.003700,16.537000,0,132,11,143
3301,0.002300,16.345600,0,132,11,143
3302,0.003600,16.642200,0,132,11,143
3303,0.001600,16.633400,0,132,11,143
3304,0.001600,17.063400,0,132,11,143
3305,0.002500,16.468700,0,132,11,143
3306,0.001900,16.512500,0,132,11,143
3307,0.424500,16.881500,1782,132,11,143
3308,0.002400,16.292300,0,132,11,143
3309,0.002000,17.023200,0,132,11,143
3310,0.002200,16.796700,0,132,11,143
3311,0.002700,16.480800,0,132,11,143
3312,0.002200,16.561100,0,132,11,143
3313,0.003700,16.720700,0,132,11,143
3314,0.001900,16.416100,0,132,11,143
3315,0.005100,17.126200,0,132,11,143
3316,0.001900,16.614300,0,132,11,143
3317,0.003100,16.889000,0,132,11,143
3318,0.001500,16.222700,0,132,11,143
3319,0.409800,16.840900,1782,132,11,143
3320,0.002000,16.375700,0,132,11,143
3321,0.002100,17.164400,0,132,11,143
3322,0.001400,16.430100,0,132,11,143
3323,0.002500,16.719600,0,132,11,143
3324,0.002400,16.660800,0,132,11,143
3325,0.002400,17.036900,0,132,11,143
3326,0.003800,16.170500,0,132,11,143
3327,0.003100,16.971800,0,132,11,143
3328,0.002800,16.843800,0,132,11,143
3329,0.007900,16.860800,0,132,11,143
3330,0.002300,16.170900,0,132,11,143
3331,1.124100,17.023800,1782,132,11,143
3332,0.004800,16.306300,0,132,11,143
3333,0.003900,17.878400,0,132,11,143
3334,0.002600,16.274100,0,132,11,143
3335,0.004200,16.672000,0,132,11,143
3336,0.001900,16.357300,0,132,11,143
3337,0.001900,16.711600,0,132,11,143
3338,0.003600,16.541400,0,132,11,143
3339,0.004400,16.636200,0,132,11,143
3340,0.002200,16.691200,0,132,11,143
3341,0.001700,16.733700,0,132,11,143
3342,0.001700,16.593400,0,132,11,143
3343,0.474300,16.848600,1782,132,11,143
3344,0.003100,16.782900,0,132,11,143
3345,0.003900,16.400300,0,132,11,143
3346,0.002600,17.363200,0,132,11,143
3347,0.003900,16.737000,0,132,11,143
3348,0.002900,16.178700,0,132,11,143
3349,0.002800,17.112000,0,132,11,143
3350,0.004300,17.793300,0,132,11,143
3351,0.003700,14.901000,0,132,11,143
3352,0.003100,18.903600,0,132,11,143
3353,0.004500,15.298400,0,132,11,143
3354,0.003500,16.256500,0,132,11,143
3355,1.242800,16.870900,1782,132,11,143
3356,0.005000,16.496400,0,132,11,143
3357,0.003300,16.185400,0,132,11,143
3358,0.002800,17.223900,0,132,11,143
3359,0.003100,16.756900,0,132,11,143
3360,0.002700,16.600000,0,132,11,143
3361,0.003200,16.612400,0,132,11,143
3362,0.003300,16.650200,0,132,11,143
3363,0.003800,16.148700,0,132,11,143
3364,0.003600,17.405700,0,132,11,143
3365,0.002700,17.432900,0,132,11,143
3366,0.003600,16.095700,0,132,11,143
3367,1.192300,16.554300,1782,132,11,143
3368,0.004100,16.627300,0,132,11,143
3369,0.003200,16.004200,0,132,11,143
3370,0.002200,16.878200,0,132,11,143
3371,0.002600,16.752900,0,132,11,143
3372,0.001800,16.526600,0,132,11,143
3373,0.002800,17.112900,0,132,11,143
3374,0.003500,16.778600,0,132,11,143
3375,0.004200,16.153100,0,132,11,143
3376,0.004200,17.017500,0,132,11,143
3377,0.003500,16.531600,0,132,11,143
3378,0.003100,16.793600,0,132,11,143
3379,1.450900,17.282300,1782,132,11,143
3380,0.002700,16.261000,0,132,11,143
3381,0.004800,16.153800,0,132,11,143
3382,0.002600,16.953300,0,132,11,143
3383,0.008600,16.891000,0,132,11,143
3384,0.003200,16.622800,0,132,11,143
3385,0.003100,16.559300,0,132,11,143
3386,0.002700,16.645900,0,132,11,143
3387,0.003200,16.325100,0,132,11,143
3388,0.002700,17.157200,0,132,11,143
3389,0.003700,17.489400,0,132,11,143
3390,0.002900,16.294900,0,132,11,143
3391,0.992000,16.686800,1782,132,11,143
3392,0.003100,16.526400,0,132,11,143
3393,0.004300,16.519000,0,132,11,143
3394,0.003400,16.985700,0,132,11,143
3395,0.003000,16.586400,0,132,11,143
3396,0.003200,16.706700,0,132,11,143
3397,0.003400,16.915400,0,132,11,143
3398,0.003400,16.451600,0,132,11,143
3399,0.003300,16.058200,0,132,11,143
3400,0.002900,17.509600,0,132,11,143
3401,0.003900,16.827700,0,132,11,143
3402,0.004100,16.119300,0,132,11,143
3403,1.050400,16.676800,1782,132,11,143
3404,0.003300,16.594200,0,132,11,143
3405,0.002900,16.338500,0,132,11,143
3406,0.003300,17.209300,0,132,11,143
3407,0.003700,16.769400,0,132,11,143
3408,0.003500,16.827500,0,132,11,143
3409,0.002800,16.541500,0,132,11,143
3410,0.002900,16.647500,0,132,11,143
3411,0.002500,15.967600,0,132,11,143
3412,0.002900,17.790700,0,132,11,143
3413,0.002700,16.518000,0,132,11,143
3414,0.003000,16.702300,0,132,11,143
3415,0.952300,16.636000,1782,132,11,143
3416,0.003900,16.924000,0,132,11,143
3417,0.004000,16.017300,0,132,11,143
3418,0.004000,17.170700,0,132,11,143
3419,0.003900,16.730700,0,132,11,143
3420,0.003500,16.742200,0,132,11,143
3421,0.003500,16.748900,0,132,11,143
3422,0.003200,16.269200,0,132,11,143
3423,0.002800,16.241500,0,132,11,143
3424,0.002600,17.156400,0,132,11,143
3425,0.003200,16.789300,0,132,11,143
3426,0.003200,16.661100,0,132,11,143
3427,1.479000,16.757500,1782,132,11,143
3428,0.003000,16.389900,0,132,11,143
3429,0.003400,16.275500,0,132,11,143
3430,0.002400,17.160800,0,132,11,143
3431,0.002400,16.793900,0,132,11,143
3432,0.003200,16.586300,0,132,11,143
3433,0.003600,16.610800,0,132,11,143
3434,0.004300,17.125700,0,132,11,143
3435,0.004400,15.734500,0,132,11,143
3436,0.002800,17.412500,0,132,11,143
3437,0.002700,16.494600,0,132,11,143
3438,0.002300,16.621600,0,132,11,143
3439,2.211400,16.863400,1782,132,11,143
3440,0.004100,16.640800,0,132,11,143
3441,0.003100,16.118700,0,132,11,143
3442,0.006700,17.291000,0,132,11,143
3443,0.002900,16.616700,0,132,11,143
3444,0.002400,16.221400,0,132,11,143
3445,0.012300,17.763000,0,132,11,143
3446,0.001900,15.593700,0,132,11,143
3447,0.004500,16.381000,0,132,11,143
3448,0.002600,17.726600,0,132,11,143
3449,0.012400,18.959600,0,132,11,143
3450,0.002600,14.041200,0,132,11,143
3451,1.256700,16.793400,1782,132,11,143
3452,0.004600,16.986300,0,132,11,143
3453,0.003500,15.914900,0,132,11,143
3454,0.002100,16.800200,0,132,11,143
3455,0.001900,18.619500,0,132,11,143
3456,0.002300,14.553700,0,132,11,143
3457,0.001800,17.949700,0,132,11,143
3458,0.002000,15.524500,0,132,11,143
3459,0.002600,18.150900,0,132,11,143
3460,0.001500,15.269300,0,132,11,143
3461,0.002900,17.119700,0,132,11,143
3462,0.002600,16.793600,0,132,11,143
3463,1.611200,17.418200,1782,132,11,143
3464,0.003100,15.705700,0,132,11,143
3465,0.004500,16.263400,0,132,11,143
3466,0.002800,17.283600,0,132,11,143
3467,0.002600,18.147900,0,132,11,143
3468,0.002400,14.890700,0,132,11,143
3469,0.011500,17.618900,0,132,11,143
3470,0.003200,15.917000,0,132,11,143
3471,0.003300,16.269800,0,132,11,143
3472,0.002400,17.067700,0,132,11,143
3473,0.003400,16.742600,0,132,11,143
3474,0.002500,16.548300,0,132,11,143
3475,1.531700,17.807600,1782,132,11,143
3476,0.002500,15.388200,0,132,11,143
3477,0.003700,16.373300,0,132,11,143
3478,0.002700,17.278400,0,132,11,143
3479,0.003200,16.673800,0,132,11,143
3480,0.003000,16.317800,0,132,11,143
3481,0.003400,17.013500,0,132,11,143
3482,0.004400,16.847000,0,132,11,143
3483,0.018700,16.408000,0,132,11,143
3484,0.002600,16.604800,0,132,11,143
3485,0.013900,18.304000,0,132,11,143
3486,0.003400,15.385700,0,132,11,143
3487,2.552000,16.553200,3330,142,1,143
3488,0.002600,16.602900,0,142,1,143
3489,0.003000,16.197200,0,142,1,143
3490,0.004000,17.302000,0,142,1,143
3491,0.010100,17.413700,0,142,1,143
3492,0.003100,15.766800,0,142,1,143
3493,0.023100,17.914100,0,142,1,143
3494,0.002600,15.355500,0,142,1,143
3495,0.014500,16.247700,0,142,1,143
3496,0.002500,17.016200,0,142,1,143
3497,0.013400,17.934100,0,142,1,143
3498,0.003600,15.603900,0,142,1,143
3499,1.651100,18.719300,1770,142,1,143
3500,0.002600,14.580500,0,142,1,143
3501,0.003200,16.393900,0,142,1,143
3502,0.002500,17.099800,0,142,1,143
3503,0.003000,16.722800,0,142,1,143
3504,0.002600,16.493700,0,142,1,143
3505,0.003900,18.718800,0,142,1,143
3506,0.003100,14.961400,0,142,1,143
3507,0.015400,17.670400,0,142,1,143
3508,0.002500,15.514600,0,142,1,143
3509,0.002400,18.108600,0,142,1,143
3510,0.002600,15.156700,0,142,1,143
3511,1.008800,16.798100,1770,141,2,143
3512,0.002900,16.386600,0,141,2,143
3513,0.015300,16.860300,0,141,2,143
3514,0.002700,16.926800,0,141,2,143
3515,0.009200,17.445400,0,141,2,143
3516,0.002500,15.918400,0,141,2,143
3517,0.014600,17.548900,0,141,2,143
3518,0.002500,15.555500,0,141,2,143
3519,0.014800,17.003900,0,141,2,143
3520,0.003200,16.356300,0,141,2,143
3521,0.002500,18.076500,0,141,2,143
3522,0.002400,15.117600,0,141,2,143
3523,1.713800,16.958100,1770,140,3,143
3524,0.002900,16.416400,0,140,3,143
3525,0.003100,17.870200,0,140,3,143
3526,0.002700,15.313200,0,140,3,143
3527,0.003100,18.310600,0,140,3,143
3528,0.002700,15.361600,0,140,3,143
3529,0.004100,18.377900,0,140,3,143
3530,0.003200,14.923500,0,140,3,143
3531,0.003600,16.213500,0,140,3,143
3532,0.003100,16.812900,0,140,3,143
3533,0.014000,17.758700,0,140,3,143
3534,0.002600,15.759800,0,140,3,143
3535,1.780100,17.652000,1770,139,4,143
3536,0.003100,15.526700,0,139,4,143
3537,0.013400,16.755300,0,139,4,143
3538,0.003200,16.919900,0,139,4,143
3539,0.002800,18.067000,0,139,4,143
3540,0.002600,15.178200,0,139,4,143
3541,0.003600,16.736200,0,139,4,143
3542,0.002600,16.755700,0,139,4,143
3543,0.014600,17.601900,0,139,4,143
3544,0.003100,15.644800,0,139,4,143
3545,0.003100,18.622800,0,139,4,143
3546,0.002600,14.700600,0,139,4,143
3547,1.085700,18.419100,1770,138,5,143
3548,0.003000,14.878200,0,138,5,143
3549,0.018600,16.558500,0,138,5,143
3550,0.003000,17.007800,0,138,5,143
3551,0.010100,17.895400,0,138,5,143
3552,0.002700,15.211700,0,138,5,143
3553,0.002700,18.630200,0,138,5,143
3554,0.002900,14.636400,0,138,5,143
3555,0.003100,18.021800,0,138,5,143
3556,0.002500,15.569400,0,138,5,143
3557,0.003300,18.606900,0,138,5,143
3558,0.002600,14.581100,0,138,5,143
3559,1.042100,18.507600,1770,137,6,143
3560,0.002600,14.799600,0,137,6,143
3561,0.003400,16.337800,0,137,6,143
3562,0.002700,17.060200,0,137,6,143
3563,0.003100,18.874800,0,137,6,143
3564,0.003100,14.626600,0,137,6,143
3565,0.013000,17.625700,0,137,6,143
3566,0.002800,15.498400,0,137,6,143
3567,0.002500,16.311300,0,137,6,143
3568,0.003000,21.419400,0,137,6,143
3569,0.001800,13.516400,0,137,6,143
3570,0.002000,15.057800,0,137,6,143
3571,1.189600,17.106400,1770,136,7,143
3572,0.965300,18.420400,1716,143,0,143
3573,0.023300,14.565100,0,143,0,143
3574,0.002900,17.042000,0,143,0,143
3575,0.002500,18.375700,0,143,0,143
3576,0.003000,16.923100,0,143,0,143
3577,0.002500,16.296300,0,143,0,143
3578,0.003200,15.013800,0,143,0,143
3579,0.005000,18.005200,0,143,0,143
3580,0.003400,15.629100,0,143,0,143
3581,0.004600,16.654400,0,143,0,143
3582,0.002700,16.897700,0,143,0,143
3583,2.028300,17.671300,1764,143,0,143
3584,0.002400,15.361700,0,143,0,143
3585,0.002200,18.268200,0,143,0,143
3586,0.011900,15.969900,0,143,0,143
3587,0.013200,16.700600,0,143,0,143
3588,0.003200,15.608100,0,143,0,143
3589,0.004100,18.487300,0,143,0,143
3590,0.002600,14.789500,0,143,0,143
3591,0.003200,17.085300,0,143,0,143
3592,0.003400,15.957200,0,143,0,143
3593,0.004200,19.252500,0,143,0,143
3594,0.004100,14.576000,0,143,0,143
3595,1.505000,17.978700,1764,142,1,143
3596,0.003500,17.007100,0,142,1,143
3597,0.003000,16.824800,0,142,1,143
3598,0.003100,14.360500,0,142,1,143
3599,0.011900,18.030000,0,142,1,143
3600,0.002400,15.708800,0,142,1,143
3601,0.002700,16.957000,0,142,1,143
3602,0.002700,18.139700,0,142,1,143
3603,0.002700,16.732800,0,142,1,143
3604,0.003600,14.465900,0,142,1,143
3605,0.003000,18.945000,0,142,1,143
3606,0.003300,16.882700,0,142,1,143
3607,1.069800,16.374600,1764,141,2,143
3608,0.002600,16.377800,0,141,2,143
3609,0.002700,17.150800,0,141,2,143
3610,0.002600,15.886400,0,141,2,143
3611,0.002600,17.390100,0,141,2,143
3612,0.002600,16.571800,0,141,2,143
3613,0.002700,17.789900,0,141,2,143
3614,0.002300,15.353600,0,141,2,143
3615,0.003000,16.730100,0,141,2,143
3616,0.003100,16.224000,0,141,2,143
3617,0.002700,17.113800,0,141,2,143
3618,0.003100,16.856900,0,141,2,143
3619,1.124400,16.994500,1764,140,3,143
3620,0.003400,17.183200,0,140,3,143
3621,0.002900,15.546000,0,140,3,143
3622,0.002700,16.358500,0,140,3,143
3623,0.002800,17.188700,0,140,3,143
3624,0.002200,16.575500,0,140,3,143
3625,0.002600,16.762300,0,140,3,143
3626,0.003300,16.717500,0,140,3,143
3627,0.002600,16.786800,0,140,3,143
3628,0.003300,16.058100,0,140,3,143
3629,0.003700,19.951400,0,140,3,143
3630,0.003900,13.935400,0,140,3,143
3631,1.295000,18.367400,1764,139,4,143
3632,0.001700,14.593500,0,139,4,143
3633,0.003500,17.367200,0,139,4,143
3634,0.002500,15.771700,0,139,4,143
3635,0.003400,17.792100,0,139,4,143
3636,0.002400,16.107100,0,139,4,143
3637,0.004400,18.570700,0,139,4,143
3638,0.002600,14.866900,0,139,4,143
3639,0.003400,17.603000,0,139,4,143
3640,0.002900,15.279900,0,139,4,143
3641,1.667700,18.756900,1716,143,0,143
3642,0.002400,15.100800,0,143,0,143
3643,1.323500,16.809300,1758,143,0,143
3644,0.002700,16.604100,0,143,0,143
3645,0.003700,16.948300,0,143,0,143
3646,0.003300,15.838100,0,143,0,143
3647,0.003600,18.055900,0,143,0,143
3648,0.002700,15.855800,0,143,0,143
3649,0.003300,17.159200,0,143,0,143
3650,0.003000,16.300200,0,143,0,143
3651,0.002500,16.990300,0,143,0,143
3652,0.002500,15.996700,0,143,0,143
3653,0.002500,17.221800,0,143,0,143
3654,0.003100,16.405000,0,143,0,143
3655,1.536300,17.145600,1758,142,1,143
3656,0.003700,16.659800,0,142,1,143
3657,0.003400,16.671600,0,142,1,143
3658,0.002500,16.130900,0,142,1,143
3659,0.002400,17.326400,0,142,1,143
3660,0.002600,16.760900,0,142,1,143
3661,0.003000,17.668100,0,142,1,143
3662,0.002400,15.450300,0,142,1,143
3663,0.002700,17.011700,0,142,1,143
3664,0.003100,15.992200,0,142,1,143
3665,0.003900,17.297900,0,142,1,143
3666,0.002900,16.345000,0,142,1,143
3667,1.236000,16.814600,1758,141,2,143
3668,0.002500,16.491900,0,141,2,143
3669,0.002700,17.000400,0,141,2,143
3670,0.002700,16.221900,0,141,2,143
3671,0.002600,17.200500,0,141,2,143
3672,0.003100,16.657000,0,141,2,143
3673,0.002600,16.568900,0,141,2,143
3674,0.002900,16.467400,0,141,2,143
3675,0.002400,16.723100,0,141,2,143
3676,0.002600,16.454500,0,141,2,143
3677,0.002400,17.012200,0,141,2,143
3678,0.003000,16.677600,0,141,2,143
3679,1.144000,16.628500,1758,140,3,143
3680,0.002600,16.676900,0,140,3,143
3681,0.002700,16.896200,0,140,3,143
3682,0.003900,16.547500,0,140,3,143
3683,0.003700,17.147500,0,140,3,143
3684,0.003300,16.450600,0,140,3,143
3685,0.003800,16.793000,0,140,3,143
3686,0.004000,16.269300,0,140,3,143
3687,0.004200,18.528800,0,140,3,143
3688,0.002600,14.394400,0,140,3,143
3689,0.003500,18.019200,0,140,3,143
3690,0.003400,16.003500,0,140,3,143
3691,1.734400,17.442500,1758,139,4,143
3692,0.002600,16.245400,0,139,4,143
3693,0.002800,17.078800,0,139,4,143
3694,0.002800,16.148600,0,139,4,143
3695,0.003200,16.175000,0,139,4,143
3696,0.002400,17.235500,0,139,4,143
3697,0.004000,16.797000,0,139,4,143
3698,0.003300,16.647000,0,139,4,143
3699,0.003400,16.773900,0,139,4,143
3700,0.002600,16.448100,0,139,4,143
3701,0.002700,16.143500,0,139,4,143
3702,0.002900,17.077800,0,139,4,143
3703,1.275200,16.946200,1758,138,5,143
3704,1.318300,16.431200,1716,143,0,143
3705,0.003700,17.061600,0,143,0,143
3706,0.004100,16.383400,0,143,0,143
3707,0.001600,15.937300,0,143,0,143
3708,0.003300,17.293600,0,143,0,143
3709,0.004300,16.660500,0,143,0,143
3710,0.002600,16.813500,0,143,0,143
3711,0.003800,16.754100,0,143,0,143
3712,0.003100,16.573100,0,143,0,143
3713,0.001900,16.123200,0,143,0,143
3714,0.002300,16.854100,0,143,0,143
3715,0.484200,16.741400,1752,143,0,143
3716,0.002500,16.619700,0,143,0,143
3717,0.002600,16.662500,0,143,0,143
3718,0.002000,16.641300,0,143,0,143
3719,0.004300,17.440900,0,143,0,143
3720,0.002100,16.157300,0,143,0,143
3721,0.004300,16.434100,0,143,0,143
3722,0.002700,16.731400,0,143,0,143
3723,0.002100,16.558100,0,143,0,143
3724,0.001700,16.622000,0,143,0,143
3725,0.001300,16.400300,0,143,0,143
3726,0.002000,16.977500,0,143,0,143
3727,0.426500,16.941000,1752,142,1,143
3728,0.001700,16.362600,0,142,1,143
3729,0.001900,16.605300,0,142,1,143
3730,0.002200,16.729000,0,142,1,143
3731,0.001700,16.489300,0,142,1,143
3732,0.002500,17.237000,0,142,1,143
3733,0.003000,17.626300,0,142,1,143
3734,0.002100,15.759100,0,142,1,143
3735,0.003000,16.404400,0,142,1,143
3736,0.002600,16.476100,0,142,1,143
3737,0.002400,16.621500,0,142,1,143
3738,0.003600,18.172100,0,142,1,143
3739,0.743700,15.848100,1752,141,2,143
3740,0.002400,16.725000,0,141,2,143
3741,0.003500,16.886000,0,141,2,143
3742,0.002000,16.350800,0,141,2,143
3743,0.002100,16.211900,0,141,2,143
3744,0.002600,17.250100,0,141,2,143
3745,0.003500,16.725000,0,141,2,143
3746,0.002600,16.705100,0,141,2,143
3747,0.002500,16.767400,0,141,2,143
3748,0.002800,16.723600,0,141,2,143
3749,0.003800,17.170300,0,141,2,143
3750,0.003100,16.217700,0,141,2,143
3751,1.229000,17.384600,1752,140,3,143
3752,0.003400,16.083900,0,140,3,143
3753,0.003000,16.519700,0,140,3,143
3754,0.003100,16.728900,0,140,3,143
3755,0.003800,16.142000,0,140,3,143
3756,0.003300,17.137900,0,140,3,143
3757,0.003100,16.858700,0,140,3,143
3758,0.003100,16.654600,0,140,3,143
3759,0.003800,16.757000,0,140,3,143
3760,0.003300,16.666300,0,140,3,143
3761,0.004300,15.925400,0,140,3,143
3762,0.003600,17.443800,0,140,3,143
3763,1.074100,16.716600,1752,139,4,143
3764,0.002600,16.605100,0,139,4,143
3765,1.387500,17.177500,1716,143,0,143
3766,0.003500,16.444000,0,143,0,143
3767,0.003900,16.499600,0,143,0,143
3768,0.002700,17.192600,0,143,0,143
3769,0.002800,17.012800,0,143,0,143
3770,0.002700,16.303100,0,143,0,143
3771,0.002600,16.879100,0,143,0,143
3772,0.002600,16.965600,0,143,0,143
3773,0.003100,15.994600,0,143,0,143
3774,0.005200,17.236900,0,143,0,143
3775,1.013600,16.569700,1746,143,0,143
3776,0.003200,16.602400,0,143,0,143
3777,0.002800,16.484900,0,143,0,143
3778,0.002400,16.869300,0,143,0,143
3779,0.003200,16.073500,0,143,0,143
3780,0.003300,17.248700,0,143,0,143
3781,0.003700,16.847000,0,143,0,143
3782,0.003800,16.570600,0,143,0,143
3783,0.002400,16.863500,0,143,0,143
3784,0.004100,16.315500,0,143,0,143
3785,0.003200,16.242400,0,143,0,143
3786,0.002600,16.962000,0,143,0,143
3787,1.031100,16.822500,1746,142,1,143
3788,0.003800,16.771200,0,142,1,143
3789,0.003800,16.933100,0,142,1,143
3790,0.002600,16.266500,0,142,1,143
3791,0.003500,16.219400,0,142,1,143
3792,0.002500,16.965600,0,142,1,143
3793,0.003700,16.966400,0,142,1,143
3794,0.003400,16.755900,0,142,1,143
3795,0.003000,17.970100,0,142,1,143
3796,0.003500,15.338700,0,142,1,143
3797,0.003200,16.236300,0,142,1,143
3798,0.002700,17.374400,0,142,1,143
3799,1.220300,16.558700,1746,141,2,143
3800,0.003300,16.505200,0,141,2,143
3801,0.002900,16.698100,0,141,2,143
3802,0.002400,16.737700,0,141,2,143
3803,0.003100,16.110100,0,141,2,143
3804,0.003800,17.313400,0,141,2,143
3805,0.003200,16.744000,0,141,2,143
3806,0.004300,16.883200,0,141,2,143
3807,0.013100,17.781000,0,141,2,143
3808,0.003100,16.051100,0,141,2,143
3809,0.002400,15.955500,0,141,2,143
3810,0.003300,16.751000,0,141,2,143
3811,1.153100,16.722900,1746,140,3,143
3812,0.002200,16.575900,0,140,3,143
3813,0.003800,16.926400,0,140,3,143
3814,0.003200,16.794400,0,140,3,143
3815,0.003600,16.281000,0,140,3,143
3816,0.003400,17.047700,0,140,3,143
3817,0.002500,16.494200,0,140,3,143
3818,0.002800,17.079800,0,140,3,143
3819,0.002700,16.542200,0,140,3,143
3820,0.003900,16.583300,0,140,3,143
3821,0.003300,16.373100,0,140,3,143
3822,0.004200,17.223900,0,140,3,143
3823,1.094100,16.340600,1746,139,4,143
3824,0.003500,16.739200,0,139,4,143
3825,1.081100,16.798000,1716,143,0,143
3826,0.002600,16.490200,0,143,0,143
3827,0.003300,16.148200,0,143,0,143
3828,0.002900,17.242000,0,143,0,143
3829,0.003300,16.429500,0,143,0,143
3830,0.002800,16.986700,0,143,0,143
3831,0.006600,17.152100,0,143,0,143
3832,0.003900,16.445200,0,143,0,143
3833,0.003300,15.962600,0,143,0,143
3834,0.002800,17.080300,0,143,0,143
3835,1.064000,16.590500,1740,143,0,143
3836,0.002600,16.681000,0,143,0,143
3837,0.003800,16.634700,0,143,0,143
3838,0.002800,16.806500,0,143,0,143
3839,0.002900,15.989500,0,143,0,143
3840,0.003000,18.615100,0,143,0,143
3841,0.003700,15.569000,0,143,0,143
3842,0.003400,16.566200,0,143,0,143
3843,0.003200,16.628700,0,143,0,143
3844,0.004200,16.579000,0,143,0,143
3845,0.003500,16.068200,0,143,0,143
3846,0.003700,17.266700,0,143,0,143
3847,1.375500,16.859500,1740,142,1,143
3848,0.002800,16.394600,0,142,1,143
3849,0.003900,16.764200,0,142,1,143
3850,0.002800,16.664600,0,142,1,143
3851,0.003700,16.255700,0,142,1,143
3852,0.004200,17.131100,0,142,1,143
3853,0.003400,16.594700,0,142,1,143
3854,0.002600,16.500000,0,142,1,143
3855,0.002700,16.861000,0,142,1,143
3856,0.004000,16.729500,0,142,1,143
3857,0.004300,16.197200,0,142,1,143
3858,0.004500,17.749100,0,142,1,143
3859,1.047000,16.004400,1740,141,2,143
3860,0.003600,17.362200,0,141,2,143
3861,0.003000,16.357400,0,141,2,143
3862,0.002800,16.681900,0,141,2,143
3863,0.003600,16.803600,0,141,2,143
3864,0.004100,15.968500,0,141,2,143
3865,0.004200,17.369200,0,141,2,143
3866,0.002600,16.766900,0,141,2,143
3867,0.003200,17.540500,0,141,2,143
3868,0.003300,15.659600,0,141,2,143
3869,0.002500,17.266200,0,141,2,143
3870,0.003100,15.314300,0,141,2,143
3871,1.119400,17.240000,1740,140,3,143
3872,0.004100,17.411400,0,140,3,143
3873,0.003000,16.208100,0,140,3,143
3874,0.002700,16.482400,0,140,3,143
3875,0.003800,17.011900,0,140,3,143
3876,0.003600,15.928800,0,140,3,143
3877,0.002400,17.245500,0,140,3,143
3878,0.002400,16.676200,0,140,3,143
3879,0.002400,16.859800,0,140,3,143
3880,0.003000,16.525800,0,140,3,143
3881,0.003300,16.989200,0,140,3,143
3882,0.003500,16.226300,0,140,3,143
3883,0.994400,16.737500,1740,139,4,143
3884,0.002600,17.171700,0,139,4,143
3885,0.003300,16.527900,0,139,4,143
3886,0.002800,16.466100,0,139,4,143
3887,0.002600,16.550300,0,139,4,143
3888,0.969700,16.258400,1716,143,0,143
3889,0.002800,17.246700,0,143,0,143
3890,0.004100,16.863100,0,143,0,143
3891,0.003200,16.423300,0,143,0,143
3892,0.002500,16.668200,0,143,0,143
3893,0.002400,16.696100,0,143,0,143
3894,0.002600,16.149000,0,143,0,143
3895,1.129500,17.150500,1734,143,0,143
3896,0.002600,16.821800,0,143,0,143
3897,0.002700,16.616400,0,143,0,143
3898,0.002400,16.782700,0,143,0,143
3899,0.002500,16.417700,0,143,0,143
3900,0.004200,16.422300,0,143,0,143
3901,0.002500,16.881700,0,143,0,143
3902,0.003200,16.977900,0,143,0,143
3903,0.003700,16.666100,0,143,0,143
3904,0.002400,16.330900,0,143,0,143
3905,0.003200,17.036100,0,143,0,143
3906,0.002700,16.204800,0,143,0,143
3907,1.125700,17.405400,1734,142,1,143
3908,0.002600,16.365900,0,142,1,143
3909,0.002500,16.583500,0,142,1,143
3910,0.002400,17.000700,0,142,1,143
3911,0.003400,16.652900,0,142,1,143
3912,0.002600,16.035000,0,142,1,143
3913,0.003000,17.456000,0,142,1,143
3914,0.002400,16.711400,0,142,1,143
3915,0.002800,16.650900,0,142,1,143
3916,0.002900,16.546700,0,142,1,143
3917,0.002800,17.025300,0,142,1,143
3918,0.003300,16.012200,0,142,1,143
3919,1.030400,17.243400,1734,141,2,143
3920,0.004200,16.645500,0,141,2,143
3921,0.003100,16.583400,0,141,2,143
3922,0.002300,16.562800,0,141,2,143
3923,0.002700,16.787800,0,141,2,143
3924,0.003400,16.328700,0,141,2,143
3925,0.002600,17.037800,0,141,2,143
3926,0.019000,16.520100,0,141,2,143
3927,0.002500,16.953200,0,141,2,143
3928,0.003800,16.682100,0,141,2,143
3929,0.003100,17.563900,0,141,2,143
3930,0.003500,15.642900,0,141,2,143
3931,1.024100,17.262700,1734,140,3,143
3932,0.001300,16.192000,0,140,3,143
3933,0.001400,16.535900,0,140,3,143
3934,0.002700,17.187300,0,140,3,143
3935,0.002500,16.644300,0,140,3,143
3936,0.003500,16.223900,0,140,3,143
3937,0.003000,17.023500,0,140,3,143
3938,0.002900,16.730600,0,140,3,143
3939,0.002500,16.682600,0,140,3,143
3940,0.002500,16.717700,0,140,3,143
3941,0.002900,16.476400,0,140,3,143
3942,0.003800,16.338900,0,140,3,143
3943,1.075600,17.412700,1734,139,4,143
3944,0.002400,16.350500,0,139,4,143
3945,0.003500,16.534200,0,139,4,143
3946,0.002600,16.960200,0,139,4,143
3947,0.002600,16.552100,0,139,4,143
3948,0.002700,16.221600,0,139,4,143
3949,0.002900,16.986700,0,139,4,143
3950,0.002600,16.797700,0,139,4,143
3951,0.003800,16.753600,0,139,4,143
3952,0.002700,16.672700,0,139,4,143
3953,0.003300,16.685600,0,139,4,143
3954,0.003700,16.160300,0,139,4,143
3955,1.037400,17.280200,1734,138,5,143
3956,0.002500,16.375700,0,138,5,143
3957,0.002500,16.642700,0,138,5,143
3958,1.147800,16.686500,1716,143,0,143
3959,0.003800,17.095600,0,143,0,143
3960,0.003300,15.912400,0,143,0,143
3961,0.002600,17.375800,0,143,0,143
3962,0.002600,16.444000,0,143,0,143
3963,0.002400,16.530800,0,143,0,143
3964,0.003900,16.736100,0,143,0,143
3965,0.002500,16.530100,0,143,0,143
3966,0.004100,16.395600,0,143,0,143
3967,1.007100,17.212300,1728,143,0,143
3968,0.002600,16.597400,0,143,0,143
3969,0.003200,16.912100,0,143,0,143
3970,0.003200,16.546000,0,143,0,143
3971,0.003600,16.773400,0,143,0,143
3972,0.002800,16.053400,0,143,0,143
3973,0.003100,16.999700,0,143,0,143
3974,0.002500,17.350300,0,143,0,143
3975,0.002500,16.614000,0,143,0,143
3976,0.002500,16.542300,0,143,0,143
3977,0.002500,16.480300,0,143,0,143
3978,0.002500,16.441700,0,143,0,143
3979,1.036200,17.235600,1728,142,1,143
3980,0.003100,16.502300,0,142,1,143
3981,0.002500,16.667200,0,142,1,143
3982,0.002500,16.625300,0,142,1,143
3983,0.002600,16.849600,0,142,1,143
3984,0.002800,16.164200,0,142,1,143
3985,0.002500,17.263700,0,142,1,143
3986,0.002500,16.363000,0,142,1,143
3987,0.003200,16.933000,0,142,1,143
3988,0.002700,16.502200,0,142,1,143
3989,0.003000,17.078400,0,142,1,143
3990,0.002500,15.866500,0,142,1,143
3991,0.992600,17.045100,1728,141,2,143
3992,0.002300,16.749900,0,141,2,143
3993,0.003000,16.766200,0,141,2,143
3994,0.003000,16.731800,0,141,2,143
3995,0.002600,16.699600,0,141,2,143
3996,0.003200,16.118200,0,141,2,143
3997,0.003500,17.231400,0,141,2,143
3998,0.003900,16.674000,0,141,2,143
3999,0.002700,16.327100,0,141,2,143
4000,0.004500,16.927900,0,141,2,143
4001,0.003200,16.883700,0,141,2,143
4002,0.002500,15.984100,0,141,2,143
4003,1.038200,17.045600,1728,140,3,143
4004,0.002400,16.608500,0,140,3,143
4005,0.002600,16.707000,0,140,3,143
4006,0.003200,16.725900,0,140,3,143
4007,0.002500,16.594200,0,140,3,143
4008,0.002800,16.367700,0,140,3,143
4009,0.002600,17.312900,0,140,3,143
4010,0.003200,16.582500,0,140,3,143
4011,0.002700,16.530700,0,140,3,143
4012,0.003200,16.888900,0,140,3,143
4013,0.002700,16.779700,0,140,3,143
4014,0.003100,16.221200,0,140,3,143
4015,1.048900,17.322500,1728,139,4,143
4016,0.003100,16.757600,0,139,4,143
4017,0.002400,16.589800,0,139,4,143
4018,0.002400,16.589200,0,139,4,143
4019,0.003000,16.897000,0,139,4,143
4020,0.002600,16.637600,0,139,4,143
4021,0.002800,16.189900,0,139,4,143
4022,0.003800,17.289900,0,139,4,143
4023,0.002800,16.659100,0,139,4,143
4024,0.002700,16.824600,0,139,4,143
4025,0.003000,16.542000,0,139,4,143
4026,0.002900,16.466200,0,139,4,143
4027,0.990400,16.227000,1728,138,5,143
4028,0.002600,17.525900,0,138,5,143
4029,0.002600,16.589500,0,138,5,143
4030,0.003100,17.000700,0,138,5,143
4031,0.002600,16.504200,0,138,5,143
4032,0.002800,16.786400,0,138,5,143
4033,0.002700,16.121800,0,138,5,143
4034,0.002900,18.107200,0,138,5,143
4035,0.003100,15.757300,0,138,5,143
4036,0.002500,16.560100,0,138,5,143
4037,0.002500,16.636300,0,138,5,143
4038,0.003200,16.855700,0,138,5,143
4039,1.012500,15.993500,1728,137,6,143
4040,0.003300,17.060900,0,137,6,143
4041,0.003300,16.621300,0,137,6,143
4042,0.002700,16.708100,0,137,6,143
4043,1.570000,17.206300,1716,143,0,143
4044,0.002400,16.717100,0,143,0,143
4045,0.002900,16.126700,0,143,0,143
4046,0.003100,17.252600,0,143,0,143
4047,0.004500,18.541200,0,143,0,143
4048,0.003700,15.330900,0,143,0,143
4049,0.003700,18.984200,0,143,0,143
4050,0.001300,13.849000,0,143,0,143
4051,0.341400,16.342100,1722,143,0,143
4052,0.002500,17.007200,0,143,0,143
4053,0.003000,16.937000,0,143,0,143
4054,0.003500,16.735400,0,143,0,143
4055,0.003800,16.772600,0,143,0,143
4056,0.003900,17.246600,0,143,0,143
4057,0.004400,15.670800,0,143,0,143
4058,0.003500,17.154000,0,143,0,143
4059,0.003100,16.541300,0,143,0,143
4060,0.002600,17.470600,0,143,0,143
4061,0.003400,15.810800,0,143,0,143
4062,1.046800,16.821300,1722,142,1,143
4063,0.003000,16.193900,0,142,1,143
4064,0.002900,17.502500,0,142,1,143
4065,0.004300,16.929300,0,142,1,143
4066,0.003300,16.652800,0,142,1,143
4067,0.003700,16.797900,0,142,1,143
4068,0.004300,16.576600,0,142,1,143
4069,0.004800,16.191000,0,142,1,143
4070,0.003400,17.023300,0,142,1,143
4071,0.004100,17.000100,0,142,1,143
4072,0.004700,16.585000,0,142,1,143
4073,0.003200,16.470400,0,142,1,143
4074,1.170100,16.586900,1722,141,2,143
4075,0.002900,16.217600,0,141,2,143
4076,0.002500,17.311100,0,141,2,143
4077,0.002500,16.558000,0,141,2,143
4078,0.002700,16.683600,0,141,2,143
4079,0.002400,16.783100,0,141,2,143
4080,0.003500,16.731400,0,141,2,143
4081,0.004800,16.850200,0,141,2,143
4082,0.003100,16.853500,0,141,2,143
4083,0.003200,16.481700,0,141,2,143
4084,0.002400,16.519900,0,141,2,143
4085,0.002300,16.873100,0,141,2,143
4086,1.048200,16.756000,1722,140,3,143
4087,0.003500,16.179200,0,140,3,143
4088,0.002700,17.158600,0,140,3,143
4089,0.002700,16.666200,0,140,3,143
4090,0.002700,17.938600,0,140,3,143
4091,0.004100,15.577000,0,140,3,143
4092,0.004300,16.857500,0,140,3,143
4093,0.004400,16.070500,0,140,3,143
4094,0.003400,17.230600,0,140,3,143
4095,0.003300,16.270900,0,140,3,143
4096,0.003000,16.970100,0,140,3,143
4097,0.002900,16.721900,0,140,3,143
4098,1.094300,16.494400,1722,139,4,143
4099,0.003600,16.236700,0,139,4,143
4100,0.004100,19.577400,0,139,4,143
4101,0.003400,14.812100,0,139,4,143
4102,0.003200,16.406800,0,139,4,143
4103,0.002600,16.919000,0,139,4,143
4104,0.002800,16.361600,0,139,4,143
4105,0.003600,17.107800,0,139,4,143
4106,0.002800,15.950900,0,139,4,143
4107,0.004400,17.254800,0,139,4,143
4108,0.004900,17.299700,0,139,4,143
4109,0.003600,16.093300,0,139,4,143
4110,0.936000,17.073900,1722,138,5,143
4111,0.002000,15.817200,0,138,5,143
4112,0.003800,16.435100,0,138,5,143
4113,0.003300,17.073500,0,138,5,143
4114,0.003100,16.827800,0,138,5,143
4115,0.003200,16.704600,0,138,5,143
4116,0.003900,16.573800,0,138,5,143
4117,0.002900,17.431200,0,138,5,143
4118,0.003700,16.069500,0,138,5,143
4119,0.003500,17.499300,0,138,5,143
4120,0.003800,16.620500,0,138,5,143
4121,0.002800,16.330200,0,138,5,143
4122,1.091700,16.473100,1722,137,6,143
4123,0.003900,17.211200,0,137,6,143
4124,0.003700,15.882300,0,137,6,143
4125,0.002400,16.846600,0,137,6,143
4126,0.002700,17.140000,0,137,6,143
4127,0.004800,16.504300,0,137,6,143
4128,0.003600,16.865300,0,137,6,143
4129,0.003000,16.277900,0,137,6,143
4130,0.002900,16.373600,0,137,6,143
4131,0.003300,17.211900,0,137,6,143
4132,0.003600,17.000700,0,137,6,143
4133,0.002400,16.359500,0,137,6,143
4134,1.464100,16.898500,1722,136,7,143
4135,0.005000,16.718900,0,136,7,143
4136,0.003400,15.979400,0,136,7,143
4137,0.003300,17.210100,0,136,7,143
4138,0.001500,16.502900,0,136,7,143
4139,0.002500,16.682000,0,136,7,143
4140,0.003800,16.616400,0,136,7,143
4141,0.002700,16.729100,0,136,7,143
4142,0.003100,16.267800,0,136,7,143
4143,0.004100,17.423400,0,136,7,143
4144,0.004300,17.032500,0,136,7,143
4145,0.003500,16.153400,0,136,7,143
4146,1.062700,16.947600,1722,135,8,143
4147,0.002700,16.114800,0,135,8,143
4148,0.002900,16.349500,0,135,8,143
4149,0.002800,17.025400,0,135,8,143
4150,0.004400,17.007900,0,135,8,143
4151,0.002600,16.364700,0,135,8,143
4152,0.002800,16.817600,0,135,8,143
4153,0.003100,16.665000,0,135,8,143
4154,0.003300,16.105700,0,135,8,143
4155,0.002500,17.076600,0,135,8,143
4156,0.003100,16.878000,0,135,8,143
4157,0.003500,16.753800,0,135,8,143
4158,1.902400,16.746900,1722,134,9,143
4159,0.003000,16.538300,0,134,9,143
4160,0.002600,16.172400,0,134,9,143
4161,0.003600,17.196100,0,134,9,143
4162,0.002800,17.115300,0,134,9,143
4163,0.003000,16.722400,0,134,9,143
4164,0.013600,17.240400,0,134,9,143
4165,0.003700,15.982400,0,134,9,143
4166,0.004000,16.231200,0,134,9,143
4167,0.004600,17.245500,0,134,9,143
4168,0.003000,16.547500,0,134,9,143
4169,0.003900,16.623800,0,134,9,143
4170,1.472300,17.433800,1722,133,10,143
4171,0.002300,15.929900,0,133,10,143
4172,0.003500,16.195700,0,133,10,143
4173,0.003000,17.271700,0,133,10,143
4174,0.002500,16.784000,0,133,10,143
4175,0.003700,16.386600,0,133,10,143
4176,0.002900,16.931700,0,133,10,143
4177,0.002700,16.739100,0,133,10,143
4178,0.003100,16.006400,0,133,10,143
4179,0.002900,17.053400,0,133,10,143
4180,0.003300,16.791300,0,133,10,143
4181,0.003000,16.764500,0,133,10,143
4182,1.847500,17.355100,1722,132,11,143
4183,0.004200,15.893000,0,132,11,143
4184,0.004900,16.526000,0,132,11,143
4185,0.005900,16.986300,0,132,11,143
4186,0.002800,16.449900,0,132,11,143
4187,0.002400,16.707600,0,132,11,143
4188,0.014200,17.361200,0,132,11,143
4189,0.002600,15.844900,0,132,11,143
4190,0.003500,16.348800,0,132,11,143
4191,0.003100,17.240700,0,132,11,143
4192,0.016200,17.480400,0,132,11,143
4193,0.002600,15.664900,0,132,11,143
4194,1.293100,19.949800,1722,132,11,143
4195,0.002600,16.669400,0,132,11,143
4196,0.004100,16.571500,0,132,11,143
4197,0.002800,16.133900,0,132,11,143
4198,0.003100,17.449300,0,132,11,143
4199,0.002600,16.586800,0,132,11,143
4200,0.003500,16.635700,0,132,11,143
4201,0.003100,16.468900,0,132,11,143
4202,0.003200,16.728900,0,132,11,143
4203,0.003100,16.101000,0,132,11,143
4204,0.002700,17.399200,0,132,11,143
4205,0.002600,16.509600,0,132,11,143
4206,1.398100,16.844400,1722,132,11,143
4207,0.004400,16.384900,0,132,11,143
4208,0.002600,16.798100,0,132,11,143
4209,0.003200,16.164800,0,132,11,143
4210,0.002700,17.301900,0,132,11,143
4211,0.002500,16.372600,0,132,11,143
4212,0.003200,16.907400,0,132,11,143
4213,0.002600,16.506200,0,132,11,143
4214,0.004300,17.474300,0,132,11,143
4215,0.003200,15.449900,0,132,11,143
4216,0.002600,17.752100,0,132,11,143
4217,0.003200,16.092400,0,132,11,143
4218,1.244900,18.253400,1722,132,11,143
4219,0.002600,14.933500,0,132,11,143
4220,0.003800,18.969300,0,132,11,143
4221,0.004100,14.097500,0,132,11,143
4222,0.002700,17.290200,0,132,11,143
4223,0.002800,16.730000,0,132,11,143
4224,0.002600,16.629500,0,132,11,143
4225,0.003000,16.391300,0,132,11,143
4226,0.002700,16.743100,0,132,11,143
4227,0.003200,16.148700,0,132,11,143
4228,0.003700,17.925900,0,132,11,143
4229,0.002500,15.980900,0,132,11,143
4230,1.073300,17.127200,1722,132,11,143
4231,0.003100,16.043500,0,132,11,143
4232,0.003300,16.803100,0,132,11,143
4233,0.002700,16.129500,0,132,11,143
4234,0.004300,17.841700,0,132,11,143
4235,0.003400,16.067900,0,132,11,143
4236,0.002700,16.953500,0,132,11,143
4237,0.003100,16.677800,0,132,11,143
4238,0.003300,16.619600,0,132,11,143
4239,0.002500,16.010400,0,132,11,143
4240,0.003300,18.509900,0,132,11,143
4241,0.002600,15.469900,0,132,11,143
4242,1.508400,16.811900,1722,132,11,143
4243,0.002700,16.455000,0,132,11,143
4244,0.002600,16.912100,0,132,11,143
4245,0.002600,15.914100,0,132,11,143
4246,0.002300,17.215000,0,132,11,143
4247,0.002500,16.578500,0,132,11,143
4248,0.003700,17.002700,0,132,11,143
4249,0.002900,16.482200,0,132,11,143
4250,0.003600,17.826700,0,132,11,143
4251,0.003800,15.065700,0,132,11,143
4252,0.004000,17.210800,0,132,11,143
4253,0.002600,16.596000,0,132,11,143
4254,1.077800,16.559700,1722,132,11,143
4255,0.003000,16.689700,0,132,11,143
4256,0.067800,16.742500,0,132,11,143
4257,0.003100,16.187100,0,132,11,143
4258,0.002500,17.268600,0,132,11,143
4259,0.003200,16.459200,0,132,11,143
4260,0.003700,18.849200,0,132,11,143
4261,0.002700,14.881600,0,132,11,143
4262,0.003200,16.432200,0,132,11,143
4263,0.002500,16.209700,0,132,11,143
4264,0.002600,17.144900,0,132,11,143
4265,0.002500,16.513200,0,132,11,143
4266,0.936400,16.614600,1722,132,11,143
4267,0.003000,16.681700,0,132,11,143
4268,0.003100,16.948000,0,132,11,143
4269,0.003900,16.116700,0,132,11,143
4270,0.002500,17.136600,0,132,11,143
4271,0.002400,16.638200,0,132,11,143
4272,0.003000,16.712200,0,132,11,143
4273,0.004200,17.395800,0,132,11,143
4274,0.003300,16.774600,0,132,11,143
4275,0.003100,15.959900,0,132,11,143
4276,0.003300,17.254200,0,132,11,143
4277,0.002600,16.463600,0,132,11,143
4278,1.745800,17.404200,1722,132,11,143
4279,0.002700,16.255000,0,132,11,143
4280,0.002800,16.677500,0,132,11,143
4281,0.003200,16.037200,0,132,11,143
4282,0.002500,17.206800,0,132,11,143
4283,0.002400,16.441900,0,132,11,143
4284,0.004600,17.604100,0,132,11,143
4285,0.004000,16.082500,0,132,11,143
4286,0.004400,17.927400,0,132,11,143
4287,0.003800,15.156900,0,132,11,143
4288,0.003900,17.931900,0,132,11,143
4289,0.002100,15.398200,0,132,11,143
4290,0.904300,17.507400,1722,132,11,143
4291,0.002000,15.603000,0,132,11,143
4292,0.003200,16.891400,0,132,11,143
4293,0.002600,16.326700,0,132,11,143
4294,0.002700,17.079000,0,132,11,143
4295,0.002200,16.227700,0,132,11,143
4296,0.002800,17.145300,0,132,11,143
4297,0.003200,16.741200,0,132,11,143
4298,0.003500,16.954000,0,132,11,143
4299,0.002500,15.875500,0,132,11,143
4300,0.003200,17.551100,0,132,11,143
4301,0.002700,16.708400,0,132,11,143
4302,1.101800,16.571500,1722,132,11,143
4303,0.002800,16.241100,0,132,11,143
4304,0.012100,18.137600,0,132,11,143
4305,0.003100,15.709000,0,132,11,143
4306,0.003800,16.055300,0,132,11,143
4307,0.003600,17.090900,0,132,11,143
4308,0.004800,17.596800,0,132,11,143
4309,0.003500,16.735400,0,132,11,143
4310,0.003200,15.645100,0,132,11,143
4311,0.003200,17.111000,0,132,11,143
4312,0.004700,16.461000,0,132,11,143
4313,0.004200,17.286700,0,132,11,143
4314,1.449400,16.625600,1722,132,11,143
4315,0.003300,16.438400,0,132,11,143
4316,0.002300,16.373900,0,132,11,143
4317,0.002900,16.887100,0,132,11,143
4318,0.002600,16.020400,0,132,11,143
4319,0.002700,17.103500,0,132,11,143
4320,0.003100,16.539000,0,132,11,143
4321,0.002600,17.420300,0,132,11,143
4322,0.002800,16.261400,0,132,11,143
4323,0.003700,16.666700,0,132,11,143
4324,0.003600,16.219200,0,132,11,143
4325,0.004400,17.495300,0,132,11,143
4326,1.337400,16.362800,1722,132,11,143
4327,0.003200,16.252400,0,132,11,143
4328,0.003300,16.946100,0,132,11,143
4329,0.003600,16.673500,0,132,11,143
4330,0.003700,16.048400,0,132,11,143
4331,0.002400,17.336500,0,132,11,143
4332,0.003200,16.882600,0,132,11,143
4333,0.004500,16.632400,0,132,11,143
4334,0.002800,16.995300,0,132,11,143
4335,0.002600,16.379100,0,132,11,143
4336,0.003500,16.289900,0,132,11,143
4337,0.003700,16.950100,0,132,11,143
4338,1.754700,17.140400,1722,132,11,143
4339,0.003100,16.187200,0,132,11,143
4340,0.003200,17.763400,0,132,11,143
4341,0.003400,15.773600,0,132,11,143
4342,0.017700,17.289300,0,132,11,143
4343,0.002800,15.724300,0,132,11,143
4344,0.003800,16.889900,0,132,11,143
4345,0.004100,16.710000,0,132,11,143
4346,0.002600,16.646900,0,132,11,143
4347,0.003600,21.004500,0,132,11,143
4348,0.004500,12.012700,0,132,11,143
4349,0.004400,17.323600,0,132,11,143
4350,1.266700,17.392400,1722,132,11,143
4351,0.002100,15.450000,0,132,11,143
4352,0.003200,16.842000,0,132,11,143
4353,0.002900,16.598700,0,132,11,143
4354,0.004000,16.337600,0,132,11,143
4355,0.002900,17.115900,0,132,11,143
4356,0.003300,16.740700,0,132,11,143
4357,0.003200,16.645600,0,132,11,143
4358,0.003100,16.714600,0,132,11,143
4359,0.003600,16.668800,0,132,11,143
4360,0.003700,16.424800,0,132,11,143
4361,0.002200,16.618900,0,132,11,143
4362,0.371000,16.482300,1722,132,11,143
4363,0.002100,16.770600,0,132,11,143
4364,0.002600,17.198300,0,132,11,143
4365,0.003600,16.586700,0,132,11,143
4366,0.003800,16.106900,0,132,11,143
4367,0.002700,17.378400,0,132,11,143
4368,0.003100,17.039800,0,132,11,143
4369,0.002700,16.218500,0,132,11,143
4370,0.003800,16.693300,0,132,11,143
4371,0.002600,17.311900,0,132,11,143
4372,0.002900,16.093300,0,132,11,143
4373,0.003000,17.296600,0,132,11,143
4374,1.396800,16.671700,1722,132,11,143
4375,0.002700,16.647200,0,132,11,143
4376,0.003000,16.797100,0,132,11,143
4377,0.004300,16.506300,0,132,11,143
4378,0.002800,16.078500,0,132,11,143
4379,0.003300,17.296100,0,132,11,143
4380,0.002800,16.603900,0,132,11,143
4381,0.003000,16.509000,0,132,11,143
4382,0.002600,16.812700,0,132,11,143
4383,0.002900,16.893500,0,132,11,143
4384,0.004200,16.064400,0,132,11,143
4385,0.004100,17.066600,0,132,11,143
4386,1.012400,16.801300,1722,132,11,143
4387,0.002800,16.554300,0,132,11,143
4388,0.002900,16.682100,0,132,11,143
4389,0.002600,16.446700,0,132,11,143
4390,0.002900,16.246600,0,132,11,143
4391,0.002700,17.296000,0,132,11,143
4392,0.002800,16.668400,0,132,11,143
4393,0.003000,16.664100,0,132,11,143
4394,0.002700,16.570400,0,132,11,143
4395,0.003000,16.808500,0,132,11,143
4396,0.003100,15.992800,0,132,11,143
4397,0.002600,17.298900,0,132,11,143
4398,1.116700,16.770600,1722,132,11,143
4399,0.003400,16.646500,0,132,11,143
4400,0.004300,16.747300,0,132,11,143
4401,0.004800,17.066800,0,132,11,143
4402,0.003500,15.599700,0,132,11,143
4403,0.002200,16.898800,0,132,11,143
4404,0.002800,16.764000,0,132,11,143
4405,0.002600,16.623500,0,132,11,143
4406,0.002700,16.657200,0,132,11,143
4407,0.002700,17.088100,0,132,11,143
4408,0.004000,16.025900,0,132,11,143
4409,0.003400,17.068900,0,132,11,143
4410,1.427900,17.407200,1722,132,11,143
4411,0.004400,16.319700,0,132,11,143
4412,0.003400,16.591800,0,132,11,143
4413,0.002600,16.334200,0,132,11,143
4414,0.002900,16.179300,0,132,11,143
4415,0.002900,17.450400,0,132,11,143
4416,0.002500,16.720700,0,132,11,143
4417,0.003600,16.380200,0,132,11,143
4418,0.004200,17.070100,0,132,11,143
4419,0.003400,16.510700,0,132,11,143
4420,0.003000,16.117900,0,132,11,143
4421,0.003100,17.268400,0,132,11,143
4422,1.057300,16.648000,1722,132,11,143
4423,0.004700,16.802100,0,132,11,143
4424,0.003300,16.622600,0,132,11,143
4425,0.002400,16.518700,0,132,11,143
4426,0.003100,16.258900,0,132,11,143
4427,0.002900,17.052200,0,132,11,143
4428,0.915300,16.771300,1782,143,0,143
4429,0.003100,17.125100,0,143,0,143
4430,0.002600,16.349200,0,143,0,143
4431,0.003000,16.890500,0,143,0,143
4432,0.002800,16.087600,0,143,0,143
4433,0.002700,17.576200,0,143,0,143
4434,1.093500,16.709500,1728,143,0,143
4435,0.004300,16.759300,0,143,0,143
4436,0.003400,16.920300,0,143,0,143
4437,0.002500,16.679600,0,143,0,143
4438,0.002900,15.923500,0,143,0,143
4439,0.003400,17.185200,0,143,0,143
4440,0.002000,16.441900,0,143,0,143
4441,0.001900,16.455800,0,143,0,143
4442,0.003100,17.148200,0,143,0,143
4443,0.002700,16.685800,0,143,0,143
4444,0.003400,16.108800,0,143,0,143
4445,0.002400,17.162000,0,143,0,143
4446,1.012500,16.626600,1728,142,1,143
4447,0.002500,16.703800,0,142,1,143
4448,0.002700,16.649300,0,142,1,143
4449,0.002700,16.802900,0,142,1,143
4450,0.003800,16.248800,0,142,1,143
4451,0.002600,17.059800,0,142,1,143
4452,0.002600,16.581800,0,142,1,143
4453,0.002800,16.743900,0,142,1,143
4454,0.002700,16.753300,0,142,1,143
4455,0.002400,16.599900,0,142,1,143
4456,0.003400,16.232900,0,142,1,143
4457,0.002600,17.141000,0,142,1,143
4458,1.284800,16.714100,1728,141,2,143
4459,0.003000,16.950400,0,141,2,143
4460,0.004000,16.931600,0,141,2,143
4461,0.003100,16.307000,0,141,2,143
4462,0.003600,16.220200,0,141,2,143
4463,0.003300,17.134700,0,141,2,143
4464,0.002800,17.459200,0,141,2,143
4465,0.003400,16.521400,0,141,2,143
4466,0.002800,16.820400,0,141,2,143
4467,0.003200,16.545300,0,141,2,143
4468,0.003100,16.685300,0,141,2,143
4469,0.002800,16.186900,0,141,2,143
4470,1.023900,17.531300,1728,140,3,143
4471,0.002600,16.244500,0,140,3,143
4472,0.002700,16.603200,0,140,3,143
4473,0.002500,16.753400,0,140,3,143
4474,0.003500,16.862800,0,140,3,143
4475,0.004100,16.199100,0,140,3,143
4476,0.002700,17.296200,0,140,3,143
4477,0.003000,16.311500,0,140,3,143
4478,0.002500,16.554400,0,140,3,143
4479,0.009500,16.996300,0,140,3,143
4480,0.002600,16.632200,0,140,3,143
4481,0.002900,16.052600,0,140,3,143
4482,1.157900,17.144300,1728,139,4,143
4483,0.002600,16.935100,0,139,4,143
4484,0.002600,16.628500,0,139,4,143
4485,0.002600,16.771800,0,139,4,143
4486,0.002700,16.780600,0,139,4,143
4487,0.003500,16.019900,0,139,4,143
4488,0.002500,17.129100,0,139,4,143
4489,0.003200,16.775500,0,139,4,143
4490,0.002700,16.737400,0,139,4,143
4491,0.004000,16.654400,0,139,4,143
4492,0.002700,16.572600,0,139,4,143
4493,0.003400,16.165400,0,139,4,143
4494,1.061300,17.074200,1728,138,5,143
4495,0.003200,17.154900,0,138,5,143
4496,0.002600,16.549300,0,138,5,143
4497,0.003100,16.722200,0,138,5,143
4498,0.003400,16.825000,0,138,5,143
4499,0.003400,15.930300,0,138,5,143
4500,0.003100,17.163500,0,138,5,143
4501,0.002600,16.488900,0,138,5,143
4502,0.002900,16.798200,0,138,5,143
4503,0.002400,16.505300,0,138,5,143
4504,0.003100,17.035800,0,138,5,143
4505,0.003100,15.964300,0,138,5,143
4506,1.020600,17.091600,1728,137,6,143
4507,0.003200,16.810800,0,137,6,143
4508,0.003700,16.700700,0,137,6,143
4509,0.003000,16.780000,0,137,6,143
4510,0.002600,16.325400,0,137,6,143
4511,0.004100,16.514000,0,137,6,143
4512,0.002400,17.071200,0,137,6,143
4513,0.882000,16.616600,1782,143,0,143
4514,0.003000,16.663100,0,143,0,143
4515,0.002600,16.949500,0,143,0,143
4516,0.003000,16.845400,0,143,0,143
4517,0.002600,16.176300,0,143,0,143
4518,0.992400,17.408600,1734,143,0,143
4519,0.002600,16.517600,0,143,0,143
4520,0.002600,16.488200,0,143,0,143
4521,0.003000,16.682300,0,143,0,143
4522,0.002700,16.766000,0,143,0,143
4523,0.002700,16.320800,0,143,0,143
4524,0.003200,17.431300,0,143,0,143
4525,0.002700,16.666800,0,143,0,143
4526,0.004200,18.802600,0,143,0,143
4527,0.002800,15.986700,0,143,0,143
4528,0.002800,17.837900,0,143,0,143
4529,0.012000,16.085100,0,143,0,143
4530,0.659600,15.734000,1734,142,1,143
4531,0.002300,16.438600,0,142,1,143
4532,0.002600,16.728100,0,142,1,143
4533,0.003200,16.703100,0,142,1,143
4534,0.003700,16.709900,0,142,1,143
4535,0.002500,16.546800,0,142,1,143
4536,0.003400,16.422500,0,142,1,143
4537,0.002500,17.089800,0,142,1,143
4538,0.002300,16.552500,0,142,1,143
4539,0.003000,17.124400,0,142,1,143
4540,0.002600,16.846600,0,142,1,143
4541,0.002500,16.066700,0,142,1,143
4542,0.923600,16.295900,1734,141,2,143
4543,0.002700,17.181500,0,141,2,143
4544,0.002600,16.884800,0,141,2,143
4545,0.002700,16.484200,0,141,2,143
4546,0.002500,16.785500,0,141,2,143
4547,0.002400,16.590100,0,141,2,143
4548,0.002700,16.415900,0,141,2,143
4549,0.003400,17.320500,0,141,2,143
4550,0.004700,17.150900,0,141,2,143
4551,0.004200,16.768600,0,141,2,143
4552,0.003200,15.756900,0,141,2,143
4553,0.002700,16.628400,0,141,2,143
4554,1.014700,16.349600,1734,140,3,143
4555,0.003200,17.034900,0,140,3,143
4556,0.003400,16.707800,0,140,3,143
4557,0.002600,16.653200,0,140,3,143
4558,0.002800,17.041000,0,140,3,143
4559,0.003300,17.583900,0,140,3,143
4560,0.002300,16.213300,0,140,3,143
4561,0.003000,15.917200,0,140,3,143
4562,0.004000,18.006200,0,140,3,143
4563,0.003200,15.624800,0,140,3,143
4564,0.002500,16.601300,0,140,3,143
4565,0.003000,16.634900,0,140,3,143
4566,1.052000,16.220300,1734,139,4,143
4567,0.003000,16.972400,0,139,4,143
4568,0.002700,16.904100,0,139,4,143
4569,0.002600,16.819000,0,139,4,143
4570,0.005300,17.079700,0,139,4,143
4571,0.003100,16.064400,0,139,4,143
4572,0.002900,16.110200,0,139,4,143
4573,0.002200,16.958000,0,139,4,143
4574,0.002600,17.000300,0,139,4,143
4575,0.003500,16.823800,0,139,4,143
4576,0.003300,17.156500,0,139,4,143
4577,0.002800,16.452900,0,139,4,143
4578,1.015600,16.030300,1734,138,5,143
4579,0.002900,17.173800,0,138,5,143
4580,0.003100,17.004100,0,138,5,143
4581,0.002600,16.145600,0,138,5,143
4582,1.201300,16.761600,1782,143,0,143
4583,0.003000,16.488100,0,143,0,143
4584,0.002700,16.396400,0,143,0,143
4585,0.002600,17.113500,0,143,0,143
4586,0.004000,16.716200,0,143,0,143
4587,0.004400,18.820800,0,143,0,143
4588,0.002400,14.352600,0,143,0,143
4589,0.003100,16.874700,0,143,0,143
4590,1.180100,16.733000,1740,143,0,143
4591,0.002800,16.628800,0,143,0,143
4592,0.002900,16.397400,0,143,0,143
4593,0.002400,16.608100,0,143,0,143
4594,0.002900,16.804800,0,143,0,143
4595,0.002900,16.677300,0,143,0,143
4596,0.002800,16.382500,0,143,0,143
4597,0.003100,17.006400,0,143,0,143
4598,0.003800,16.960900,0,143,0,143
4599,0.002900,16.411500,0,143,0,143
4600,0.002500,16.695400,0,143,0,143
4601,0.003300,16.918200,0,143,0,143
4602,1.088300,16.246200,1740,142,1,143
4603,0.002700,17.464400,0,142,1,143
4604,0.003700,16.474500,0,142,1,143
4605,0.002300,16.498000,0,142,1,143
4606,0.003700,16.754600,0,142,1,143
4607,0.003300,16.484800,0,142,1,143
4608,0.003100,16.371300,0,142,1,143
4609,0.003700,17.357100,0,142,1,143
4610,0.002500,16.717100,0,142,1,143
4611,0.003300,16.269500,0,142,1,143
4612,0.003000,16.963400,0,142,1,143
4613,0.002600,16.495500,0,142,1,143
4614,1.362200,16.228800,1740,141,2,143
4615,0.004100,17.494500,0,141,2,143
4616,0.003800,16.597700,0,141,2,143
4617,0.002600,16.263300,0,141,2,143
4618,0.002800,16.711100,0,141,2,143
4619,0.003800,16.971100,0,141,2,143
4620,0.002700,15.989300,0,141,2,143
4621,0.002800,17.254800,0,141,2,143
4622,0.003100,17.993300,0,141,2,143
4623,0.002800,15.176000,0,141,2,143
4624,0.004300,16.871100,0,141,2,143
4625,0.002700,16.503000,0,141,2,143
4626,1.522700,16.245900,1740,140,3,143
4627,0.002900,17.325500,0,140,3,143
4628,0.002700,16.813600,0,140,3,143
4629,0.002700,16.201400,0,140,3,143
4630,0.003600,17.029100,0,140,3,143
4631,0.004500,16.619000,0,140,3,143
4632,0.003000,16.108100,0,140,3,143
4633,0.003200,18.335400,0,140,3,143
4634,0.002500,15.287600,0,140,3,143
4635,0.003300,16.964800,0,140,3,143
4636,0.003200,16.383700,0,140,3,143
4637,1.386800,17.193700,1740,139,4,143
4638,0.003100,15.779400,0,139,4,143
4639,0.003800,17.040100,0,139,4,143
4640,0.003800,17.189500,0,139,4,143
4641,0.003400,16.905200,0,139,4,143
4642,0.002700,16.491800,0,139,4,143
4643,0.003800,16.501200,0,139,4,143
4644,0.002800,16.190800,0,139,4,143
4645,1.287200,17.317800,1782,143,0,143
4646,0.003400,30.005800,0,143,0,143
4647,0.003300,7.020800,0,143,0,143
4648,0.003300,16.584400,0,143,0,143
4649,0.709600,18.792300,1746,143,0,143
4650,0.003000,14.689400,0,143,0,143
4651,0.003500,17.807800,0,143,0,143
4652,0.003100,15.038000,0,143,0,143
4653,0.003200,30.468500,0,143,0,143
4654,0.004500,3.024200,0,143,0,143
4655,0.018300,18.227100,0,143,0,143
4656,0.004900,15.339200,0,143,0,143
4657,0.003000,16.488400,0,143,0,143
4658,0.003500,16.659200,0,143,0,143
4659,0.001300,16.842000,0,143,0,143
4660,0.001800,16.125900,0,143,0,143
4661,0.949700,18.571300,1746,142,1,143
4662,0.002400,15.071500,0,142,1,143
4663,0.003900,18.500200,0,142,1,143
4664,0.003100,15.211800,0,142,1,143
4665,0.002700,18.765700,0,142,1,143
4666,0.002600,14.771200,0,142,1,143
4667,0.002500,16.618700,0,142,1,143
4668,0.003100,16.437600,0,142,1,143
4669,0.014100,17.558400,0,142,1,143
4670,0.002600,15.743900,0,142,1,143
4671,0.011900,17.850100,0,142,1,143
4672,0.002500,15.703000,0,142,1,143
4673,1.123400,18.653800,1746,141,2,143
4674,0.002500,14.450400,0,141,2,143
4675,0.004100,18.060100,0,141,2,143
4676,0.002900,15.577000,0,141,2,143
4677,0.003200,16.550900,0,141,2,143
4678,0.003100,16.838600,0,141,2,143
4679,0.003200,18.189900,0,141,2,143
4680,0.003100,14.937000,0,141,2,143
4681,0.002800,16.501900,0,141,2,143
4682,0.002600,16.850700,0,141,2,143
4683,0.004300,18.250900,0,141,2,143
4684,0.002400,14.976700,0,141,2,143
4685,1.019600,16.965100,1746,140,3,143
4686,0.002400,16.486100,0,140,3,143
4687,0.003400,16.539500,0,140,3,143
4688,0.003300,17.476200,0,140,3,143
4689,0.002500,18.477000,0,140,3,143
4690,0.002900,14.708000,0,140,3,143
4691,0.002700,18.542700,0,140,3,143
4692,0.003200,14.893000,0,140,3,143
4693,0.003100,18.033300,0,140,3,143
4694,0.003400,14.894400,0,140,3,143
4695,0.002900,18.353000,0,140,3,143
4696,0.004600,15.745400,0,140,3,143
4697,1.016300,16.922100,1746,139,4,143
4698,0.002600,16.262700,0,139,4,143
4699,0.003400,18.435700,0,139,4,143
4700,0.002800,15.442000,0,139,4,143
4701,0.002700,17.058000,0,139,4,143
4702,0.002600,16.753800,0,139,4,143
4703,0.002700,16.970400,0,139,4,143
4704,0.002400,16.425200,0,139,4,143
4705,1.515500,17.213500,1782,143,0,143
4706,0.003000,15.664100,0,143,0,143
4707,0.002700,17.154900,0,143,0,143
4708,0.002400,16.586600,0,143,0,143
4709,1.122800,16.801600,1752,143,0,143
4710,0.003200,17.099900,0,143,0,143
4711,0.002700,16.382100,0,143,0,143
4712,0.003300,16.074100,0,143,0,143
4713,0.002700,17.801200,0,143,0,143
4714,0.002500,15.983600,0,143,0,143
4715,0.002500,17.147800,0,143,0,143
4716,0.002400,16.108700,0,143,0,143
4717,0.002600,17.518900,0,143,0,143
4718,0.002900,15.536500,0,143,0,143
4719,0.002600,17.703300,0,143,0,143
4720,0.002600,16.151000,0,143,0,143
4721,1.100500,16.919600,1752,142,1,143
4722,0.002400,16.527300,0,142,1,143
4723,0.004000,17.551500,0,142,1,143
4724,0.004400,15.951400,0,142,1,143
4725,0.002600,17.056000,0,142,1,143
4726,0.003700,16.376800,0,142,1,143
4727,0.002300,17.267900,0,142,1,143
4728,0.003100,16.228800,0,142,1,143
4729,0.003100,17.032400,0,142,1,143
4730,0.001600,15.727400,0,142,1,143
4731,0.002700,17.608100,0,142,1,143
4732,0.003300,16.522900,0,142,1,143
4733,1.057000,16.834000,1752,141,2,143
4734,0.002500,16.788700,0,141,2,143
4735,0.002500,16.859600,0,141,2,143
4736,0.004100,16.051400,0,141,2,143
4737,0.002700,18.570800,0,141,2,143
4738,0.002900,15.256000,0,141,2,143
4739,0.004100,17.078100,0,141,2,143
4740,0.003100,16.447800,0,141,2,143
4741,0.002600,17.281400,0,141,2,143
4742,0.002700,16.036500,0,141,2,143
4743,0.003500,17.001800,0,141,2,143
4744,0.003700,16.886900,0,141,2,143
4745,1.252400,16.546400,1752,140,3,143
4746,0.003700,16.719400,0,140,3,143
4747,0.004300,17.288900,0,140,3,143
4748,0.003800,18.614300,0,140,3,143
4749,0.004400,14.204500,0,140,3,143
4750,0.003500,17.063700,0,140,3,143
4751,0.004900,16.814400,0,140,3,143
4752,0.003400,16.641000,0,140,3,143
4753,0.003000,16.326100,0,140,3,143
4754,0.003600,16.751200,0,140,3,143
4755,0.004800,16.853400,0,140,3,143
4756,0.002900,17.696400,0,140,3,143
4757,0.988200,16.830300,1752,139,4,143
4758,0.003700,17.586200,0,139,4,143
4759,0.002600,16.373900,0,139,4,143
4760,0.002900,16.543400,0,139,4,143
4761,0.002900,16.342400,0,139,4,143
4762,0.003000,17.218500,0,139,4,143
4763,0.003400,16.503600,0,139,4,143
4764,0.002600,16.910700,0,139,4,143
4765,0.003100,16.685600,0,139,4,143
4766,1.426700,16.988700,1782,143,0,143
4767,0.002700,15.790100,0,143,0,143
4768,0.003900,17.111900,0,143,0,143
4769,0.754800,18.815600,1758,143,0,143
4770,0.001500,14.745500,0,143,0,143
4771,0.002100,16.185300,0,143,0,143
4772,0.004300,16.908300,0,143,0,143
4773,0.003000,16.469600,0,143,0,143
4774,0.003400,17.015500,0,143,0,143
4775,0.001300,16.178400,0,143,0,143
4776,0.002600,17.075700,0,143,0,143
4777,0.003500,17.111400,0,143,0,143
4778,0.003500,16.553500,0,143,0,143
4779,0.002900,15.925100,0,143,0,143
4780,0.002800,17.614600,0,143,0,143
4781,1.001100,16.043400,1758,142,1,143
4782,0.002600,16.944000,0,142,1,143
4783,0.003300,16.745600,0,142,1,143
4784,0.003800,16.631700,0,142,1,143
4785,0.004000,16.160600,0,142,1,143
4786,0.002700,17.029800,0,142,1,143
4787,0.003000,16.891400,0,142,1,143
4788,0.003300,16.480300,0,142,1,143
4789,0.003000,16.542200,0,142,1,143
4790,0.002400,16.701000,0,142,1,143
4791,0.003300,16.262900,0,142,1,143
4792,0.002800,17.366900,0,142,1,143
4793,1.079400,16.388600,1758,141,2,143
4794,0.002900,16.882700,0,141,2,143
4795,0.003100,16.508400,0,141,2,143
4796,0.003500,17.083900,0,141,2,143
4797,0.004700,15.999800,0,141,2,143
4798,0.002900,17.111700,0,141,2,143
4799,0.002800,16.572200,0,141,2,143
4800,0.002400,16.421600,0,141,2,143
4801,0.001900,16.610300,0,141,2,143
4802,0.003500,16.986400,0,141,2,143
4803,0.002900,16.142400,0,141,2,143
4804,0.002900,17.205300,0,141,2,143
4805,1.090100,16.376500,1758,140,3,143
4806,0.004000,17.209100,0,140,3,143
4807,0.002700,17.056800,0,140,3,143
4808,0.004500,16.882700,0,140,3,143
4809,0.003400,15.857800,0,140,3,143
4810,0.002400,18.184500,0,140,3,143
4811,0.003500,16.394900,0,140,3,143
4812,0.002900,16.309400,0,140,3,143
4813,0.003200,16.781800,0,140,3,143
4814,0.002700,16.513800,0,140,3,143
4815,0.002200,16.717600,0,140,3,143
4816,0.002700,16.265800,0,140,3,143
4817,1.661200,17.547700,1758,139,4,143
4818,0.003600,18.707400,0,139,4,143
4819,0.003900,14.832900,0,139,4,143
4820,0.002700,16.312600,0,139,4,143
4821,0.002300,17.006600,0,139,4,143
4822,0.003100,15.750200,0,139,4,143
4823,0.002800,17.019200,0,139,4,143
4824,0.002500,16.810200,0,139,4,143
4825,0.002300,16.685500,0,139,4,143
4826,0.002900,18.254900,0,139,4,143
4827,0.002800,15.383000,0,139,4,143
4828,0.003100,16.031700,0,139,4,143
4829,1.910700,17.320300,3384,142,1,143
4830,0.002600,16.648900,0,142,1,143
4831,0.002600,16.266800,0,142,1,143
4832,0.002500,16.596800,0,142,1,143
4833,0.002200,16.590400,0,142,1,143
4834,0.003300,17.824400,0,142,1,143
4835,0.003300,16.832200,0,142,1,143
4836,0.002600,16.794700,0,142,1,143
4837,0.003200,16.645300,0,142,1,143
4838,0.002400,16.577100,0,142,1,143
4839,0.003100,16.834600,0,142,1,143
4840,0.003200,16.146000,0,142,1,143
4841,1.004600,17.024300,1764,142,1,143
4842,0.002600,16.633400,0,142,1,143
4843,0.003100,16.735400,0,142,1,143
4844,0.003000,16.892800,0,142,1,143
4845,0.003400,16.670700,0,142,1,143
4846,0.003900,16.168900,0,142,1,143
4847,0.001400,16.566300,0,142,1,143
4848,0.002600,17.260100,0,142,1,143
4849,0.002400,16.489400,0,142,1,143
4850,0.003000,16.915100,0,142,1,143
4851,0.003100,16.688800,0,142,1,143
4852,0.003200,16.439600,0,142,1,143
4853,1.024900,17.172200,1764,141,2,143
4854,0.003300,16.572200,0,141,2,143
4855,0.003900,16.850700,0,141,2,143
4856,0.002600,16.356100,0,141,2,143
4857,0.002500,16.852200,0,141,2,143
4858,0.003300,16.136600,0,141,2,143
4859,0.002500,16.979500,0,141,2,143
4860,0.004100,16.864700,0,141,2,143
4861,0.003200,17.053000,0,141,2,143
4862,0.003400,16.538400,0,141,2,143
4863,0.003600,16.379000,0,141,2,143
4864,0.003400,16.360300,0,141,2,143
4865,1.005300,17.416800,1764,140,3,143
4866,0.003200,16.567900,0,140,3,143
4867,0.002700,16.659600,0,140,3,143
4868,0.002600,16.805200,0,140,3,143
4869,0.003800,16.563000,0,140,3,143
4870,0.002800,16.379600,0,140,3,143
4871,0.002500,17.272500,0,140,3,143
4872,0.002500,16.898300,0,140,3,143
4873,0.002600,16.760200,0,140,3,143
4874,0.002700,16.605900,0,140,3,143
4875,0.002600,16.612300,0,140,3,143
4876,0.002700,16.152100,0,140,3,143
4877,1.124500,17.327600,1764,139,4,143
4878,0.002700,16.656200,0,139,4,143
4879,0.002600,16.621700,0,139,4,143
4880,0.002700,16.580900,0,139,4,143
4881,0.002500,16.749700,0,139,4,143
4882,0.002700,16.118000,0,139,4,143
4883,0.002500,16.999800,0,139,4,143
4884,0.002600,16.756000,0,139,4,143
4885,0.002600,16.600300,0,139,4,143
4886,0.003300,16.767600,0,139,4,143
4887,0.002800,16.869500,0,139,4,143
4888,0.002900,16.170400,0,139,4,143
4889,0.991000,17.025000,1764,138,5,143
4890,0.004700,17.270900,0,138,5,143
4891,0.002500,16.153500,0,138,5,143
4892,0.002900,16.619100,0,138,5,143
4893,0.002400,16.568600,0,138,5,143
4894,0.002500,16.598400,0,138,5,143
4895,0.003400,16.451900,0,138,5,143
4896,0.002700,17.210500,0,138,5,143
4897,0.002600,16.420400,0,138,5,143
4898,0.931500,16.578900,1782,143,0,143
4899,0.002700,16.861900,0,143,0,143
4900,0.003100,16.989400,0,143,0,143
4901,1.179800,16.105300,1770,143,0,143
4902,0.002600,17.024100,0,143,0,143
4903,0.003000,16.864100,0,143,0,143
4904,0.002500,16.342300,0,143,0,143
4905,0.002500,16.802100,0,143,0,143
4906,0.002500,16.725900,0,143,0,143
4907,0.017400,17.676300,0,143,0,143
4908,0.002400,15.715100,0,143,0,143
4909,0.001800,16.157200,0,143,0,143
4910,0.001400,16.702600,0,143,0,143
4911,0.003200,16.767700,0,143,0,143
4912,0.001500,16.509000,0,143,0,143
4913,1.183900,16.572000,1770,142,1,143
4914,0.002000,16.714100,0,142,1,143
4915,0.001700,16.662900,0,142,1,143
4916,0.001300,16.634100,0,142,1,143
4917,0.001400,16.644900,0,142,1,143
4918,0.001400,16.679800,0,142,1,143
4919,0.001400,16.478100,0,142,1,143
4920,0.001200,16.870800,0,142,1,143
4921,0.001500,16.704800,0,142,1,143
4922,0.002200,16.650400,0,142,1,143
4923,0.001300,16.635500,0,142,1,143
4924,0.001300,16.714900,0,142,1,143
4925,0.326800,16.428600,1770,141,2,143
4926,0.001700,17.245100,0,141,2,143
4927,0.001600,16.440100,0,141,2,143
4928,0.001400,16.620600,0,141,2,143
4929,0.001400,16.622200,0,141,2,143
4930,0.001400,16.708000,0,141,2,143
4931,0.001500,16.387100,0,141,2,143
4932,0.001300,16.951400,0,141,2,143
4933,0.001900,16.887700,0,141,2,143
4934,0.001500,16.746600,0,141,2,143
4935,0.001600,16.618500,0,141,2,143
4936,0.002400,17.020700,0,141,2,143
4937,0.392800,16.346700,1770,140,3,143
4938,0.001300,16.631900,0,140,3,143
4939,0.001800,21.170800,0,140,3,143
4940,0.005100,13.102600,0,140,3,143
4941,0.001700,15.907000,0,140,3,143
4942,0.001700,17.250900,0,140,3,143
4943,0.002300,16.180500,0,140,3,143
4944,0.001500,16.476100,0,140,3,143
4945,0.001400,16.636900,0,140,3,143
4946,0.002400,17.040300,0,140,3,143
4947,0.002600,16.779100,0,140,3,143
4948,0.003200,16.730900,0,140,3,143
4949,1.357900,16.902300,1770,139,4,143
4950,0.002300,16.749000,0,139,4,143
4951,0.003100,16.308500,0,139,4,143
4952,0.002400,16.622400,0,139,4,143
4953,0.002500,16.922600,0,139,4,143
4954,0.002400,16.213800,0,139,4,143
4955,0.002700,16.716100,0,139,4,143
4956,0.002800,17.114400,0,139,4,143
4957,0.002500,16.648800,0,139,4,143
4958,0.003100,16.896200,0,139,4,143
4959,0.002900,16.748600,0,139,4,143
4960,0.003100,16.754000,0,139,4,143
4961,0.914400,16.115400,1770,138,5,143
4962,0.002500,17.238700,0,138,5,143
4963,0.002700,16.610600,0,138,5,143
4964,0.004400,16.821900,0,138,5,143
4965,0.004000,16.666900,0,138,5,143
4966,0.003100,16.519100,0,138,5,143
4967,0.003500,16.353200,0,138,5,143
4968,0.002700,17.230300,0,138,5,143
4969,0.003800,16.663400,0,138,5,143
4970,0.001400,15.990700,0,138,5,143
4971,0.003000,16.974700,0,138,5,143
4972,0.002600,16.759200,0,138,5,143
4973,1.167700,16.321000,1770,137,6,143
4974,0.002400,16.951800,0,137,6,143
4975,0.003500,16.926100,0,137,6,143
4976,0.002600,16.562200,0,137,6,143
4977,0.002700,16.783400,0,137,6,143
4978,0.003700,17.149900,0,137,6,143
4979,0.003700,15.759500,0,137,6,143
4980,0.003300,17.174100,0,137,6,143
4981,0.003000,16.744700,0,137,6,143
4982,0.002600,16.325400,0,137,6,143
4983,1.014400,16.851000,1848,143,0,143
4984,0.003300,16.603600,0,143,0,143
4985,1.058600,16.242500,1782,143,0,143
4986,0.003400,17.515000,0,143,0,143
4987,0.003000,16.463800,0,143,0,143
4988,0.003900,17.002600,0,143,0,143
4989,0.004300,16.445100,0,143,0,143
4990,0.003800,16.772600,0,143,0,143
4991,0.002900,16.089200,0,143,0,143
4992,0.003600,17.315300,0,143,0,143
4993,0.002500,16.538000,0,143,0,143
4994,0.003600,16.656800,0,143,0,143
4995,0.003100,16.805400,0,143,0,143
4996,1.111700,16.629000,1782,142,1,143
4997,0.003400,15.962800,0,142,1,143
4998,0.003600,17.324500,0,142,1,143
4999,0.003600,16.525500,0,142,1,143
5000,0.001600,16.282900,0,142,1,143
5001,0.003200,17.071100,0,142,1,143
5002,0.003400,16.798900,0,142,1,143
5003,0.003600,17.058100,0,142,1,143
5004,0.002800,16.472800,0,142,1,143
5005,0.004900,16.921000,0,142,1,143
5006,0.004100,17.051200,0,142,1,143
5007,0.023100,18.395300,0,142,1,143
5008,0.685500,14.195300,1782,141,2,143
5009,0.003800,16.400200,0,141,2,143
5010,0.002700,17.609500,0,141,2,143
5011,0.002700,16.393600,0,141,2,143
5012,0.003000,16.745700,0,141,2,143
5013,0.003300,16.569300,0,141,2,143
5014,0.003800,17.168400,0,141,2,143
5015,0.004000,15.636300,0,141,2,143
5016,0.003400,17.436000,0,141,2,143
5017,0.002800,16.852400,0,141,2,143
5018,0.003400,16.514000,0,141,2,143
5019,0.002800,16.590700,0,141,2,143
5020,1.014600,16.724000,1782,140,3,143
5021,0.004000,16.316400,0,140,3,143
5022,0.003200,17.110500,0,140,3,143
5023,0.002600,16.516000,0,140,3,143
5024,0.002600,16.733200,0,140,3,143
5025,0.003900,16.895400,0,140,3,143
5026,0.002800,16.597700,0,140,3,143
5027,0.003400,16.271400,0,140,3,143
5028,0.003300,17.004800,0,140,3,143
5029,0.002700,16.719200,0,140,3,143
5030,0.003500,16.666100,0,140,3,143
5031,0.003800,16.806200,0,140,3,143
5032,1.160500,16.639700,1782,139,4,143
5033,0.003500,16.073400,0,139,4,143
5034,0.002900,17.103400,0,139,4,143
5035,0.003200,16.832800,0,139,4,143
5036,0.003100,16.469800,0,139,4,143
5037,0.003300,16.803700,0,139,4,143
5038,0.004100,16.527400,0,139,4,143
5039,0.004600,16.330800,0,139,4,143
5040,0.003400,17.144900,0,139,4,143
5041,0.003800,16.577500,0,139,4,143
5042,0.003500,16.796300,0,139,4,143
5043,0.003200,16.590500,0,139,4,143
5044,1.024800,16.635500,1782,138,5,143
5045,0.003000,16.228700,0,138,5,143
5046,0.002900,17.146600,0,138,5,143
5047,0.003400,16.767800,0,138,5,143
5048,0.004000,16.768200,0,138,5,143
5049,0.003200,16.397000,0,138,5,143
5050,0.002100,16.632900,0,138,5,143
5051,0.003000,16.325300,0,138,5,143
5052,0.002600,17.112100,0,138,5,143
5053,0.002600,16.820700,0,138,5,143
5054,0.003200,16.517600,0,138,5,143
5055,0.003400,16.842700,0,138,5,143
5056,1.233200,16.640100,1782,137,6,143
5057,0.003200,16.266500,0,137,6,143
5058,0.002600,17.100500,0,137,6,143
5059,0.003300,16.875700,0,137,6,143
5060,0.003300,16.649300,0,137,6,143
5061,0.003700,16.585500,0,137,6,143
5062,0.002400,16.533000,0,137,6,143
5063,0.004200,16.420100,0,137,6,143
5064,0.003200,16.840300,0,137,6,143
5065,0.003400,16.995500,0,137,6,143
5066,0.003900,17.274700,0,137,6,143
5067,0.003100,16.005600,0,137,6,143
5068,1.104200,16.577900,1782,136,7,143
5069,0.003800,16.210900,0,136,7,143
5070,0.003200,17.875300,0,136,7,143
5071,0.003600,15.891000,0,136,7,143
5072,0.003100,16.626300,0,136,7,143
5073,0.002800,16.751500,0,136,7,143
5074,0.003100,16.627500,0,136,7,143
5075,0.002600,16.225900,0,136,7,143
5076,0.002800,17.114500,0,136,7,143
5077,0.003200,16.631400,0,136,7,143
5078,0.002700,16.560400,0,136,7,143
5079,0.002500,16.824100,0,136,7,143
5080,1.024200,16.679800,1782,135,8,143
5081,0.002800,16.049800,0,135,8,143
5082,0.003000,17.888800,0,135,8,143
5083,0.002900,16.185900,0,135,8,143
5084,0.003000,16.481300,0,135,8,143
5085,0.003400,16.870000,0,135,8,143
5086,0.002800,16.409300,0,135,8,143
5087,0.003300,16.223900,0,135,8,143
5088,0.002400,17.141300,0,135,8,143
5089,0.002500,16.674100,0,135,8,143
5090,0.002600,16.730700,0,135,8,143
5091,0.002400,16.640600,0,135,8,143
5092,1.301900,16.662600,1782,134,9,143
5093,0.003400,16.171000,0,134,9,143
5094,0.002300,17.019600,0,134,9,143
5095,0.003700,16.822500,0,134,9,143
5096,0.009900,16.768500,0,134,9,143
5097,0.004000,16.606900,0,134,9,143
5098,0.003800,16.796700,0,134,9,143
5099,0.003800,16.080600,0,134,9,143
5100,0.004100,17.150700,0,134,9,143
5101,0.003200,16.728000,0,134,9,143
5102,0.002300,16.461500,0,134,9,143
5103,0.002700,16.810400,0,134,9,143
5104,1.158500,16.726400,1782,133,10,143
5105,0.002900,16.037400,0,133,10,143
5106,0.003300,17.167800,0,133,10,143
5107,0.003900,17.025900,0,133,10,143
5108,0.004100,16.885500,0,133,10,143
5109,0.003200,16.937100,0,133,10,143
5110,0.002800,15.734900,0,133,10,143
5111,0.002900,16.259900,0,133,10,143
5112,0.003200,17.159800,0,133,10,143
5113,0.002900,16.632500,0,133,10,143
5114,0.002700,17.007300,0,133,10,143
5115,0.002500,16.257100,0,133,10,143
5116,0.998500,16.635800,1782,132,11,143
5117,0.003500,16.305900,0,132,11,143
5118,0.003500,17.189600,0,132,11,143
5119,0.003200,16.833900,0,132,11,143
5120,0.003800,16.585300,0,132,11,143
5121,0.002900,16.855700,0,132,11,143
5122,0.003400,16.479300,0,132,11,143
5123,0.003200,16.044600,0,132,11,143
5124,0.010800,17.219100,0,132,11,143
5125,0.003100,16.852000,0,132,11,143
5126,0.003200,16.599200,0,132,11,143
5127,0.003200,16.666100,0,132,11,143
5128,1.059500,16.841900,1782,132,11,143
5129,0.002700,15.941100,0,132,11,143
5130,0.003000,17.843100,0,132,11,143
5131,0.003900,16.223200,0,132,11,143
5132,0.002900,16.568700,0,132,11,143
5133,0.002700,16.635800,0,132,11,143
5134,0.002700,17.336200,0,132,11,143
5135,0.002600,16.357000,0,132,11,143
5136,0.006800,16.222600,0,132,11,143
5137,0.003000,17.098400,0,132,11,143
5138,0.003600,16.811000,0,132,11,143
5139,0.002600,16.539100,0,132,11,143
5140,1.002900,16.778600,1782,132,11,143
5141,0.002400,16.616900,0,132,11,143
5142,0.002800,16.250300,0,132,11,143
5143,0.002600,17.268000,0,132,11,143
5144,0.003700,16.647000,0,132,11,143
5145,0.003200,16.841800,0,132,11,143
5146,0.003400,16.648000,0,132,11,143
5147,0.002700,16.714900,0,132,11,143
5148,0.003200,16.152100,0,132,11,143
5149,0.002700,17.249300,0,132,11,143
5150,0.003500,16.721700,0,132,11,143
5151,0.002600,16.388700,0,132,11,143
5152,1.421700,16.845700,1782,132,11,143
5153,0.003100,16.448000,0,132,11,143
5154,0.004100,16.311700,0,132,11,143
5155,0.002800,17.203000,0,132,11,143
5156,0.002900,16.862500,0,132,11,143
5157,0.003100,16.413000,0,132,11,143
5158,0.004300,16.957000,0,132,11,143
5159,0.003900,16.479500,0,132,11,143
5160,0.003600,16.362700,0,132,11,143
5161,0.003300,16.908000,0,132,11,143
5162,0.003400,16.878200,0,132,11,143
5163,0.002600,16.413500,0,132,11,143
5164,1.083300,16.878400,1782,132,11,143
5165,0.003400,16.363300,0,132,11,143
5166,0.003400,16.312700,0,132,11,143
5167,0.003900,17.045500,0,132,11,143
5168,0.002700,16.955900,0,132,11,143
5169,0.003300,16.594200,0,132,11,143
5170,0.004000,16.869800,0,132,11,143
5171,0.004200,16.794100,0,132,11,143
5172,0.002800,16.042900,0,132,11,143
5173,0.003300,17.276700,0,132,11,143
5174,0.003800,16.625600,0,132,11,143
5175,0.002800,16.586400,0,132,11,143
5176,1.247700,16.670200,1782,132,11,143
5177,0.002900,16.745900,0,132,11,143
5178,0.003600,16.178700,0,132,11,143
5179,0.003400,17.057100,0,132,11,143
5180,0.002800,16.793300,0,132,11,143
5181,0.003000,16.537200,0,132,11,143
5182,0.002700,16.717700,0,132,11,143
5183,0.003900,16.724500,0,132,11,143
5184,0.003800,16.217800,0,132,11,143
5185,0.004200,17.396600,0,132,11,143
5186,0.003900,16.609900,0,132,11,143
5187,0.003700,16.256900,0,132,11,143
5188,1.680800,17.853500,1782,132,11,143
5189,0.001500,15.015600,0,132,11,143
5190,0.002400,19.091600,0,132,11,143
5191,0.001300,14.215400,0,132,11,143
5192,0.002500,17.314200,0,132,11,143
5193,0.003600,16.625400,0,132,11,143
5194,0.003300,16.935100,0,132,11,143
5195,0.003800,16.451700,0,132,11,143
5196,0.003500,16.122600,0,132,11,143
5197,0.003200,16.963600,0,132,11,143
5198,0.002700,16.903800,0,132,11,143
5199,0.002700,16.482100,0,132,11,143
5200,1.031800,16.964600,1782,132,11,143
5201,0.002500,16.638100,0,132,11,143
5202,0.002900,16.077900,0,132,11,143
5203,0.002900,17.399800,0,132,11,143
5204,0.004200,16.516300,0,132,11,143
5205,0.002800,16.405700,0,132,11,143
5206,0.002700,17.031000,0,132,11,143
5207,0.003700,16.632500,0,132,11,143
5208,0.003700,16.032200,0,132,11,143
5209,0.003300,17.179000,0,132,11,143
5210,0.003800,16.819500,0,132,11,143
5211,0.003600,16.616800,0,132,11,143
5212,1.707900,16.675700,1782,132,11,143
5213,0.003600,16.553400,0,132,11,143
5214,0.004300,16.675300,0,132,11,143
5215,0.002800,16.868900,0,132,11,143
5216,0.003300,16.667400,0,132,11,143
5217,0.002600,16.669300,0,132,11,143
5218,0.003100,16.700500,0,132,11,143
5219,0.003400,16.729800,0,132,11,143
5220,0.003700,16.152000,0,132,11,143
5221,0.002700,17.134800,0,132,11,143
5222,0.003000,16.694800,0,132,11,143
5223,0.003200,16.585500,0,132,11,143
5224,2.333500,16.706000,1782,132,11,143
5225,0.003700,16.856200,0,132,11,143
5226,0.003400,15.977900,0,132,11,143
5227,0.002600,17.065100,0,132,11,143
5228,0.011600,17.864600,0,132,11,143
5229,0.003000,15.537100,0,132,11,143
5230,0.004000,16.754100,0,132,11,143
5231,0.003300,16.675000,0,132,11,143
5232,0.002700,16.119600,0,132,11,143
5233,0.003100,17.006900,0,132,11,143
5234,0.003500,16.909500,0,132,11,143
5235,0.003300,16.609400,0,132,11,143
5236,1.034400,16.725700,1782,132,11,143
5237,0.003800,16.559600,0,132,11,143
5238,0.004800,16.532300,0,132,11,143
5239,0.002600,16.990000,0,132,11,143
5240,0.003800,16.780100,0,132,11,143
5241,0.002900,16.466100,0,132,11,143
5242,0.003800,16.872900,0,132,11,143
5243,0.002700,16.934200,0,132,11,143
5244,0.002700,15.994300,0,132,11,143
5245,0.004800,17.436400,0,132,11,143
5246,0.003800,16.366600,0,132,11,143
5247,0.004600,19.004000,0,132,11,143
5248,1.261700,14.535900,1782,132,11,143
5249,0.016800,18.290600,0,132,11,143
5250,0.002400,16.137200,0,132,11,143
5251,0.002100,15.557800,0,132,11,143
5252,0.002100,17.955900,0,132,11,143
5253,0.003000,16.864900,0,132,11,143
5254,0.002500,15.336100,0,132,11,143
5255,0.002500,16.538500,0,132,11,143
5256,0.004000,16.406200,0,132,11,143
5257,0.003800,17.080900,0,132,11,143
5258,0.003800,16.681700,0,132,11,143
5259,0.009500,18.199200,0,132,11,143
5260,1.106000,16.972300,1782,132,11,143
5261,0.003000,15.323600,0,132,11,143
5262,0.015200,15.979500,0,132,11,143
5263,0.017500,18.246400,0,132,11,143
5264,0.013600,16.503000,0,132,11,143
5265,0.003100,15.647000,0,132,11,143
5266,0.003100,16.942100,0,132,11,143
5267,0.002300,16.370200,0,132,11,143
5268,0.013000,17.968100,0,132,11,143
5269,0.002700,17.038000,0,132,11,143
5270,0.002100,16.122400,0,132,11,143
5271,0.002000,15.295100,0,132,11,143
5272,1.207500,18.296900,1782,132,11,143
5273,0.012100,16.104100,0,132,11,143
5274,0.002900,15.702000,0,132,11,143
5275,0.003300,17.015100,0,132,11,143
5276,0.004700,17.030400,0,132,11,143
5277,0.002800,16.264800,0,132,11,143
5278,0.003300,16.932400,0,132,11,143
5279,0.017400,17.167800,0,132,11,143
5280,0.002700,15.368800,0,132,11,143
5281,0.002400,17.272000,0,132,11,143
5282,0.004100,18.013400,0,132,11,143
5283,0.011000,16.490800,0,132,11,143
5284,2.092300,17.555100,1782,132,11,143
5285,0.002600,14.984100,0,132,11,143
5286,0.004700,17.823900,0,132,11,143
5287,0.002800,15.496600,0,132,11,143
5288,0.002800,16.744600,0,132,11,143
5289,0.013200,17.357800,0,132,11,143
5290,0.002500,15.721500,0,132,11,143
5291,0.003800,16.859300,0,132,11,143
5292,0.024600,16.454800,0,132,11,143
5293,0.012200,17.960800,0,132,11,143
5294,0.002800,16.965600,0,132,11,143
5295,0.002500,15.028500,0,132,11,143
5296,2.198600,17.734200,1782,132,11,143
5297,0.002700,15.803000,0,132,11,143
5298,0.014800,17.594400,0,132,11,143
5299,0.003400,15.852700,0,132,11,143
5300,0.002700,16.702500,0,132,11,143
5301,0.002000,16.264700,0,132,11,143
5302,0.011700,17.790300,0,132,11,143
5303,0.002900,15.758900,0,132,11,143
5304,0.002500,16.295700,0,132,11,143
5305,0.002400,17.117100,0,132,11,143
5306,0.004800,17.059100,0,132,11,143
5307,0.002400,16.160000,0,132,11,143
5308,1.391000,18.627900,1782,132,11,143
5309,0.003000,15.052000,0,132,11,143
5310,0.004300,20.394200,0,132,11,143
5311,0.003100,12.723100,0,132,11,143
5312,0.004200,18.270800,0,132,11,143
5313,0.003100,14.908700,0,132,11,143
5314,0.003100,18.499000,0,132,11,143
5315,0.002500,15.184600,0,132,11,143
5316,0.014000,17.397800,0,132,11,143
5317,0.002600,15.943600,0,132,11,143
5318,0.003500,18.128300,0,132,11,143
5319,0.002600,15.109600,0,132,11,143
5320,1.044800,16.748200,1782,132,11,143
5321,0.002500,16.640300,0,132,11,143
5322,0.002800,17.628900,0,132,11,143
5323,0.002500,15.671200,0,132,11,143
5324,0.003900,18.187600,0,132,11,143
5325,0.003300,15.546000,0,132,11,143
5326,0.002800,18.273600,0,132,11,143
5327,0.002600,15.020900,0,132,11,143
5328,0.003100,18.099900,0,132,11,143
5329,0.003300,15.744800,0,132,11,143
5330,0.002700,17.506000,0,132,11,143
5331,0.003000,16.452700,0,132,11,143
5332,1.290400,16.585000,1782,132,11,143
5333,0.002600,16.439900,0,132,11,143
5334,0.002600,17.594900,0,132,11,143
5335,0.002300,15.402700,0,132,11,143
5336,0.003200,17.784200,0,132,11,143
5337,0.003200,16.077300,0,132,11,143
5338,0.003600,17.517500,0,132,11,143
5339,0.002600,16.066300,0,132,11,143
5340,0.002900,20.188100,0,132,11,143
5341,0.002500,13.011500,0,132,11,143
5342,0.002600,17.308900,0,132,11,143
5343,0.001700,16.075900,0,132,11,143
5344,0.966100,17.144900,1782,132,11,143
5345,0.002400,16.638600,0,132,11,143
5346,0.003200,16.659700,0,132,11,143
5347,0.002400,16.171400,0,132,11,143
5348,0.003300,17.283300,0,132,11,143
5349,0.003200,16.655400,0,132,11,143
5350,0.003400,18.135700,0,132,11,143
5351,0.002400,15.871500,0,132,11,143
5352,0.002600,16.596700,0,132,11,143
5353,0.003500,16.303300,0,132,11,143
5354,0.003000,17.152800,0,132,11,143
5355,0.002700,16.774500,0,132,11,143
5356,2.249000,16.551300,1782,132,11,143
5357,0.002900,16.581800,0,132,11,143
5358,0.002600,16.885400,0,132,11,143
5359,0.002600,16.006800,0,132,11,143
5360,0.004400,18.375000,0,132,11,143
5361,0.003900,16.328500,0,132,11,143
5362,0.003000,16.703400,0,132,11,143
5363,0.003000,16.792600,0,132,11,143
5364,0.003400,16.777200,0,132,11,143
5365,0.003100,15.709500,0,132,11,143
5366,0.002700,17.662300,0,132,11,143
5367,0.002600,16.003800,0,132,11,143
5368,1.158000,17.159000,1782,132,11,143
5369,0.870900,16.347900,1716,143,0,143
5370,0.003000,17.321300,0,143,0,143
5371,0.002700,15.507200,0,143,0,143
5372,0.003300,18.158600,0,143,0,143
5373,0.002700,15.807900,0,143,0,143
5374,0.003400,16.592000,0,143,0,143
5375,0.002600,16.920900,0,143,0,143
5376,0.003400,16.724600,0,143,0,143
5377,0.002500,16.623400,0,143,0,143
5378,0.002700,16.082300,0,143,0,143
5379,0.003300,17.185900,0,143,0,143
5380,1.444600,16.969400,1770,143,0,143
5381,0.003400,16.386300,0,143,0,143
5382,0.003200,16.545500,0,143,0,143
5383,0.003300,16.842900,0,143,0,143
5384,0.003000,16.070400,0,143,0,143
5385,0.003900,17.369300,0,143,0,143
5386,0.002800,16.618000,0,143,0,143
5387,0.003400,16.750500,0,143,0,143
5388,0.003500,16.653400,0,143,0,143
5389,0.002800,17.095700,0,143,0,143
5390,0.003700,16.279400,0,143,0,143
5391,0.002700,16.919400,0,143,0,143
5392,1.152000,16.896700,1770,142,1,143
5393,0.003500,16.661900,0,142,1,143
5394,0.001700,16.036800,0,142,1,143
5395,0.001500,16.636900,0,142,1,143
5396,0.002700,16.620000,0,142,1,143
5397,0.001600,16.852300,0,142,1,143
5398,0.002400,17.156300,0,142,1,143
5399,0.004000,16.916500,0,142,1,143
5400,0.003800,16.556700,0,142,1,143
5401,0.001700,16.211300,0,142,1,143
5402,0.002000,16.320500,0,142,1,143
5403,0.002100,16.848900,0,142,1,143
5404,0.409100,16.733700,1770,141,2,143
5405,0.001600,17.259300,0,141,2,143
5406,0.001800,16.079200,0,141,2,143
5407,0.002600,17.054400,0,141,2,143
5408,0.004000,16.328800,0,141,2,143
5409,0.002400,16.956200,0,141,2,143
5410,0.002900,16.753500,0,141,2,143
5411,0.002900,17.146200,0,141,2,143
5412,0.003100,16.478800,0,141,2,143
5413,0.002700,16.825300,0,141,2,143
5414,0.002800,16.083800,0,141,2,143
5415,0.003200,17.350500,0,141,2,143
5416,1.115000,16.590200,1770,140,3,143
5417,0.003300,16.390900,0,140,3,143
5418,0.003500,16.754800,0,140,3,143
5419,0.002800,16.802700,0,140,3,143
5420,0.003300,16.196900,0,140,3,143
5421,0.004400,17.171000,0,140,3,143
5422,0.003800,17.240700,0,140,3,143
5423,0.003200,16.197000,0,140,3,143
5424,0.001700,15.887900,0,140,3,143
5425,0.001400,16.629300,0,140,3,143
5426,0.003100,16.700300,0,140,3,143
5427,0.002700,17.327800,0,140,3,143
5428,1.074800,16.792900,1770,139,4,143
5429,0.003600,16.260300,0,139,4,143
5430,0.002400,17.397400,0,139,4,143
5431,0.003900,16.261200,0,139,4,143
5432,0.002800,15.952700,0,139,4,143
5433,0.003800,17.313600,0,139,4,143
5434,0.003600,16.691400,0,139,4,143
5435,0.002700,16.392500,0,139,4,143
5436,0.002600,17.242800,0,139,4,143
5437,0.003400,16.305300,0,139,4,143
5438,0.001500,15.899900,0,139,4,143
5439,0.002000,16.879700,0,139,4,143
5440,0.548000,19.222900,1770,138,5,143
5441,0.002100,14.251400,0,138,5,143
5442,0.002100,16.994600,0,138,5,143
5443,0.012400,19.125900,0,138,5,143
5444,0.003600,14.138800,0,138,5,143
5445,0.003000,16.720400,0,138,5,143
5446,0.003900,16.935100,0,138,5,143
5447,0.003500,16.708700,0,138,5,143
5448,0.002600,16.342100,0,138,5,143
5449,0.003200,16.676000,0,138,5,143
5450,0.003700,16.450100,0,138,5,143
5451,0.003500,17.074100,0,138,5,143
5452,1.414900,16.835200,1770,137,6,143
5453,0.002600,16.580400,0,137,6,143
5454,1.006900,16.548600,1716,143,0,143
5455,0.003100,17.008200,0,143,0,143
5456,0.002800,15.765100,0,143,0,143
5457,0.003100,17.327900,0,143,0,143
5458,0.003300,16.459600,0,143,0,143
5459,0.002600,16.949500,0,143,0,143
5460,0.003500,16.604300,0,143,0,143
5461,0.004200,17.437300,0,143,0,143
5462,0.003200,15.665500,0,143,0,143
5463,0.002500,17.360500,0,143,0,143
5464,1.114400,16.662000,1764,143,0,143
5465,0.003200,16.681800,0,143,0,143
5466,0.003200,16.634200,0,143,0,143
5467,0.002700,16.661900,0,143,0,143
5468,0.004400,16.234100,0,143,0,143
5469,0.004100,17.198500,0,143,0,143
5470,0.002800,16.721600,0,143,0,143
5471,0.004300,16.144000,0,143,0,143
5472,0.002600,16.697800,0,143,0,143
5473,0.002400,16.733200,0,143,0,143
5474,0.002300,16.331000,0,143,0,143
5475,0.001800,16.826100,0,143,0,143
5476,0.680500,16.753100,1764,142,1,143
5477,0.005300,17.153200,0,142,1,143
5478,0.002500,16.341400,0,142,1,143
5479,0.003300,16.648900,0,142,1,143
5480,0.002000,16.452700,0,142,1,143
5481,0.002500,16.877500,0,142,1,143
5482,0.004400,16.819100,0,142,1,143
5483,0.003100,18.870200,0,142,1,143
5484,0.002500,16.416400,0,142,1,143
5485,0.017700,14.950500,0,142,1,143
5486,0.005500,16.341300,0,142,1,143
5487,0.003200,19.044500,0,142,1,143
5488,0.537800,18.129000,1764,141,2,143
5489,0.003100,16.224400,0,141,2,143
5490,0.006700,14.442300,0,141,2,143
5491,0.001700,15.638200,0,141,2,143
5492,0.004600,16.572500,0,141,2,143
5493,0.010300,16.610100,0,141,2,143
5494,0.001400,16.735600,0,141,2,143
5495,0.001800,18.457100,0,141,2,143
5496,0.003700,15.513500,0,141,2,143
5497,0.004500,16.346500,0,141,2,143
5498,0.001900,16.408000,0,141,2,143
5499,0.003300,18.350200,0,141,2,143
5500,0.732200,16.601900,1764,140,3,143
5501,0.003800,18.131800,0,140,3,143
5502,0.004500,16.315700,0,140,3,143
5503,0.002000,15.180700,0,140,3,143
5504,0.001400,16.474100,0,140,3,143
5505,0.001900,16.513500,0,140,3,143
5506,0.002100,18.305300,0,140,3,143
5507,0.002000,16.725500,0,140,3,143
5508,0.001800,15.150600,0,140,3,143
5509,0.002000,16.801500,0,140,3,143
5510,0.001400,16.585000,0,140,3,143
5511,0.012400,16.744700,0,140,3,143
5512,0.413700,18.235600,1764,139,4,143
5513,0.002200,14.967500,0,139,4,143
5514,0.001300,16.646800,0,139,4,143
5515,0.001500,17.095200,0,139,4,143
5516,0.002900,18.322300,0,139,4,143
5517,0.002400,16.237000,0,139,4,143
5518,0.003100,16.676700,0,139,4,143
5519,0.002500,16.225800,0,139,4,143
5520,0.003200,16.709800,0,139,4,143
5521,0.003200,18.268700,0,139,4,143
5522,0.002600,16.745000,0,139,4,143
5523,0.977900,14.610100,1716,143,0,143
5524,1.014700,17.384800,1758,143,0,143
5525,0.003500,16.526700,0,143,0,143
5526,0.002400,16.771400,0,143,0,143
5527,0.004500,18.141600,0,143,0,143
5528,0.020000,15.731900,0,143,0,143
5529,0.002500,15.507900,0,143,0,143
5530,0.003100,17.239900,0,143,0,143
5531,0.004200,17.203300,0,143,0,143
5532,0.002800,16.201300,0,143,0,143
5533,0.001800,16.264600,0,143,0,143
5534,0.001500,16.507400,0,143,0,143
5535,0.002100,16.517200,0,143,0,143
5536,0.375100,18.117900,1758,142,1,143
5537,0.001400,16.264500,0,142,1,143
5538,0.001300,16.290400,0,142,1,143
5539,0.002400,16.723100,0,142,1,143
5540,0.001300,16.810600,0,142,1,143
5541,0.002800,16.532200,0,142,1,143
5542,0.001300,16.624800,0,142,1,143
5543,0.001900,17.472500,0,142,1,143
5544,0.001400,15.954800,0,142,1,143
5545,0.017500,16.747700,0,142,1,143
5546,0.002000,16.787100,0,142,1,143
5547,0.004900,18.862500,0,142,1,143
5548,0.357100,14.521800,1758,141,2,143
5549,0.001900,16.426400,0,141,2,143
5550,0.001400,16.879500,0,141,2,143
5551,0.001400,16.486800,0,141,2,143
5552,0.001400,16.713600,0,141,2,143
5553,0.001400,16.397600,0,141,2,143
5554,0.002200,16.887600,0,141,2,143
5555,0.002200,16.910100,0,141,2,143
5556,0.002100,16.994600,0,141,2,143
5557,0.001500,16.155600,0,141,2,143
5558,0.001300,16.632000,0,141,2,143
5559,0.001400,16.433400,0,141,2,143
5560,0.370300,16.913400,1758,140,3,143
5561,0.001500,16.730400,0,140,3,143
5562,0.001400,16.639000,0,140,3,143
5563,0.003700,16.966600,0,140,3,143
5564,0.001800,16.371100,0,140,3,143
5565,0.002000,16.380600,0,140,3,143
5566,0.001600,16.908500,0,140,3,143
5567,0.002200,16.717600,0,140,3,143
5568,0.001400,16.560100,0,140,3,143
5569,0.001700,16.864500,0,140,3,143
5570,0.002300,16.834300,0,140,3,143
5571,0.001500,16.144600,0,140,3,143
5572,0.443500,17.005200,1758,139,4,143
5573,0.002200,16.773800,0,139,4,143
5574,0.004200,17.036200,0,139,4,143
5575,0.002700,16.609300,0,139,4,143
5576,0.002600,16.780000,0,139,4,143
5577,0.003000,16.117200,0,139,4,143
5578,0.003100,17.080300,0,139,4,143
5579,0.002800,16.800400,0,139,4,143
5580,0.003400,16.598900,0,139,4,143
5581,0.002700,16.724300,0,139,4,143
5582,0.003300,17.129900,0,139,4,143
5583,0.001500,15.649800,0,139,4,143
5584,0.392400,16.719600,1758,138,5,143
5585,0.001700,16.634100,0,138,5,143
5586,0.350500,16.587700,1716,143,0,143
5587,0.001400,16.682000,0,143,0,143
5588,0.001200,16.805500,0,143,0,143
5589,0.001600,16.355700,0,143,0,143
5590,0.001900,16.881300,0,143,0,143
5591,0.002400,17.104400,0,143,0,143
5592,0.003000,16.667400,0,143,0,143
5593,0.002900,16.775400,0,143,0,143
5594,0.002800,16.971200,0,143,0,143
5595,0.003400,15.882900,0,143,0,143
5596,1.556400,17.405500,1752,143,0,143
5597,0.002400,16.430800,0,143,0,143
5598,0.002500,16.441300,0,143,0,143
5599,0.002800,17.155000,0,143,0,143
5600,0.003100,16.616100,0,143,0,143
5601,0.001800,15.874500,0,143,0,143
5602,0.001700,16.879000,0,143,0,143
5603,0.002100,16.729200,0,143,0,143
5604,0.001600,16.718100,0,143,0,143
5605,0.001500,16.966000,0,143,0,143
5606,0.003400,17.990700,0,143,0,143
5607,0.002600,14.999000,0,143,0,143
5608,0.416600,16.914900,1752,142,1,143
5609,0.002100,16.692700,0,142,1,143
5610,0.004700,17.048600,0,142,1,143
5611,0.001500,16.435800,0,142,1,143
5612,0.002000,16.627700,0,142,1,143
5613,0.002100,16.333400,0,142,1,143
5614,0.001500,16.782800,0,142,1,143
5615,0.003100,16.785300,0,142,1,143
5616,0.002200,16.866800,0,142,1,143
5617,0.002000,16.619800,0,142,1,143
5618,0.003400,16.720000,0,142,1,143
5619,0.006100,16.558400,0,142,1,143
5620,0.526100,16.828000,1752,141,2,143
5621,0.001500,16.402200,0,141,2,143
5622,0.002200,16.773200,0,141,2,143
5623,0.002900,16.769000,0,141,2,143
5624,0.002800,16.849100,0,141,2,143
5625,0.001700,16.029300,0,141,2,143
5626,0.001500,16.864000,0,141,2,143
5627,0.001500,16.658500,0,141,2,143
5628,0.002400,16.620600,0,141,2,143
5629,0.001300,16.645800,0,141,2,143
5630,0.001400,16.666200,0,141,2,143
5631,0.001900,16.489400,0,141,2,143
5632,0.357600,16.952900,1752,140,3,143
5633,0.002400,16.694200,0,140,3,143
5634,0.002800,31.694900,0,140,3,143
5635,0.003300,10.069300,0,140,3,143
5636,0.003700,17.008000,0,140,3,143
5637,0.024500,16.892700,0,140,3,143
5638,0.003500,15.702300,0,140,3,143
5639,0.002700,16.644700,0,140,3,143
5640,0.003300,15.706500,0,140,3,143
5641,0.003800,19.549200,0,140,3,143
5642,0.001700,13.462700,0,140,3,143
5643,0.514400,18.289700,1752,139,4,143
5644,0.001500,15.839700,0,139,4,143
5645,0.001600,16.791900,0,139,4,143
5646,0.315800,16.477100,1716,143,0,143
5647,0.001800,16.833500,0,143,0,143
5648,0.001400,16.583900,0,143,0,143
5649,0.001700,16.790500,0,143,0,143
5650,0.001800,16.587500,0,143,0,143
5651,0.001500,16.510000,0,143,0,143
5652,0.001400,16.819000,0,143,0,143
5653,0.002200,16.744400,0,143,0,143
5654,0.001400,16.693700,0,143,0,143
5655,0.634300,17.209700,1746,143,0,143
5656,0.001300,16.087500,0,143,0,143
5657,0.002300,18.966900,0,143,0,143
5658,0.002400,14.327800,0,143,0,143
5659,0.012800,17.581600,0,143,0,143
5660,0.001900,16.000900,0,143,0,143
5661,0.002200,17.816500,0,143,0,143
5662,0.002900,15.395700,0,143,0,143
5663,0.002200,17.351500,0,143,0,143
5664,0.003000,15.881900,0,143,0,143
5665,0.003000,19.141100,0,143,0,143
5666,0.002000,14.715900,0,143,0,143
5667,0.991600,18.260600,1746,142,1,143
5668,0.002300,16.421000,0,142,1,143
5669,0.002500,16.954400,0,142,1,143
5670,0.002800,16.583800,0,142,1,143
5671,0.002500,17.198500,0,142,1,143
5672,0.001400,16.180200,0,142,1,143
5673,0.001500,16.724900,0,142,1,143
5674,0.002400,16.771200,0,142,1,143
5675,0.001600,16.532400,0,142,1,143
5676,0.001600,16.397300,0,142,1,143
5677,0.001300,16.799100,0,142,1,143
5678,0.002000,16.847200,0,142,1,143
5679,0.608900,17.611700,1746,141,2,143
5680,0.001500,15.687300,0,141,2,143
5681,0.002000,16.646400,0,141,2,143
5682,0.002200,16.482000,0,141,2,143
5683,0.002800,16.986800,0,141,2,143
5684,0.003100,16.623600,0,141,2,143
5685,0.002700,16.740900,0,141,2,143
5686,0.002200,16.879700,0,141,2,143
5687,0.005700,16.766800,0,141,2,143
5688,0.003400,16.601300,0,141,2,143
5689,0.003600,19.412900,0,141,2,143
5690,0.002000,13.677700,0,141,2,143
5691,0.771700,21.675500,1746,140,3,143
5692,0.002800,11.900300,0,140,3,143
5693,0.004100,19.377500,0,140,3,143
5694,0.003500,14.147100,0,140,3,143
5695,0.004800,20.275400,0,140,3,143
5696,0.002100,13.069600,0,140,3,143
5697,0.002600,19.247200,0,140,3,143
5698,0.001200,14.273700,0,140,3,143
5699,0.003000,17.808500,0,140,3,143
5700,0.002800,15.779600,0,140,3,143
5701,0.024300,22.546300,0,140,3,143
5702,0.003100,15.832500,0,140,3,143
5703,0.759200,16.377700,1746,139,4,143
5704,0.002600,16.983900,0,139,4,143
5705,0.001900,16.252300,0,139,4,143
5706,0.504700,16.864100,1716,143,0,143
5707,0.001400,16.452400,0,143,0,143
5708,0.002800,16.485200,0,143,0,143
5709,0.003200,17.035600,0,143,0,143
5710,0.001800,16.508600,0,143,0,143
5711,0.002800,16.611700,0,143,0,143
5712,0.002700,16.660700,0,143,0,143
5713,0.004100,17.072900,0,143,0,143
5714,0.003400,16.491500,0,143,0,143
5715,0.406500,17.440500,1740,143,0,143
5716,0.002800,16.305900,0,143,0,143
5717,0.001400,16.434200,0,143,0,143
5718,0.001700,16.624600,0,143,0,143
5719,0.002200,17.013600,0,143,0,143
5720,0.002700,16.307500,0,143,0,143
5721,0.005300,17.088300,0,143,0,143
5722,0.002100,16.763700,0,143,0,143
5723,0.004200,17.748500,0,143,0,143
5724,0.003500,22.924500,0,143,0,143
5725,0.003900,11.293400,0,143,0,143
5726,0.005100,15.195900,0,143,0,143
5727,2.309000,18.108400,1740,142,1,143
5728,0.004500,16.453700,0,142,1,143
5729,0.003000,17.005200,0,142,1,143
5730,0.004000,23.087800,0,142,1,143
5731,0.002500,13.298400,0,142,1,143
5732,0.003300,16.624400,0,142,1,143
5733,0.007000,16.362800,0,142,1,143
5734,0.002700,17.976800,0,142,1,143
5735,0.003600,15.373800,0,142,1,143
5736,0.002300,17.424300,0,142,1,143
5737,0.003600,16.746700,0,142,1,143
5738,0.570700,16.154800,1740,141,2,143
5739,0.003300,15.912000,0,141,2,143
5740,0.005200,17.117800,0,141,2,143
5741,0.002900,19.527900,0,141,2,143
5742,0.003800,14.884900,0,141,2,143
5743,0.003200,15.748700,0,141,2,143
5744,0.002200,16.881900,0,141,2,143
5745,0.003000,16.445800,0,141,2,143
5746,0.003100,16.443600,0,141,2,143
5747,0.002600,17.025500,0,141,2,143
5748,0.004200,17.233400,0,141,2,143
5749,0.002700,16.119400,0,141,2,143
5750,0.888000,16.497500,1740,140,3,143
5751,0.003600,16.731800,0,140,3,143
5752,0.002900,16.438100,0,140,3,143
5753,0.002100,16.810900,0,140,3,143
5754,0.016900,18.133600,0,140,3,143
5755,0.002300,14.998600,0,140,3,143
5756,0.002100,16.787200,0,140,3,143
5757,0.001600,16.557800,0,140,3,143
5758,0.002100,16.525100,0,140,3,143
5759,0.001400,16.794900,0,140,3,143
5760,0.002500,16.918300,0,140,3,143
5761,0.001800,16.838800,0,140,3,143
5762,1.029400,16.854500,1740,139,4,143
5763,0.002400,16.566500,0,139,4,143
5764,0.004000,18.999600,0,139,4,143
5765,0.002600,16.374100,0,139,4,143
5766,0.002200,14.498600,0,139,4,143
5767,0.001400,16.562600,0,139,4,143
5768,0.001600,18.735200,0,139,4,143
5769,0.398300,15.048100,1716,143,0,143
5770,0.017500,17.943700,0,143,0,143
5771,0.001400,15.402700,0,143,0,143
5772,0.003600,19.283300,0,143,0,143
5773,0.002100,14.080200,0,143,0,143
5774,0.895400,16.788700,1734,143,0,143
5775,0.014600,18.468600,0,143,0,143
5776,0.003400,16.930500,0,143,0,143
5777,0.001300,14.335900,0,143,0,143
5778,0.001900,16.859600,0,143,0,143
5779,0.001800,16.475000,0,143,0,143
5780,0.002100,18.667900,0,143,0,143
5781,0.002300,14.755900,0,143,0,143
5782,0.001600,18.166600,0,143,0,143
5783,0.002000,15.090800,0,143,0,143
5784,0.002200,18.453200,0,143,0,143
5785,0.001200,16.489100,0,143,0,143
5786,0.616500,16.813200,1734,142,1,143
5787,0.001200,14.879500,0,142,1,143
5788,0.003800,18.604200,0,142,1,143
5789,0.001400,15.146800,0,142,1,143
5790,0.002400,18.861500,0,142,1,143
5791,0.001300,14.602300,0,142,1,143
5792,0.001900,18.145600,0,142,1,143
5793,0.002300,15.179200,0,142,1,143
5794,0.002100,17.729500,0,142,1,143
5795,0.001400,15.476900,0,142,1,143
5796,0.001700,17.950400,0,142,1,143
5797,0.002000,15.411000,0,142,1,143
5798,0.784700,18.366800,1734,141,2,143
5799,0.004200,15.620400,0,141,2,143
5800,0.003400,17.671600,0,141,2,143
5801,0.001600,15.039600,0,141,2,143
5802,0.015200,17.246300,0,141,2,143
5803,0.001800,16.076800,0,141,2,143
5804,0.001600,18.065400,0,141,2,143
5805,0.001900,15.269600,0,141,2,143
5806,0.002500,17.684900,0,141,2,143
5807,0.001700,15.705700,0,141,2,143
5808,0.001800,17.918400,0,141,2,143
5809,0.001900,15.490800,0,141,2,143
5810,0.460400,17.751200,1734,140,3,143
5811,0.001400,15.458900,0,140,3,143
5812,0.002700,16.666600,0,140,3,143
5813,0.001900,16.712900,0,140,3,143
5814,0.002400,18.428700,0,140,3,143
5815,0.001700,15.049600,0,140,3,143
5816,0.002500,18.508900,0,140,3,143
5817,0.002200,14.836400,0,140,3,143
5818,0.002300,16.616600,0,140,3,143
5819,0.002000,19.474500,0,140,3,143
5820,0.017400,15.024400,0,140,3,143
5821,0.001800,15.658800,0,140,3,143
5822,0.522100,16.828300,1734,139,4,143
5823,0.001600,16.409900,0,139,4,143
5824,0.003100,16.764900,0,139,4,143
5825,0.004800,17.038800,0,139,4,143
5826,0.007100,18.714500,0,139,4,143
5827,0.003900,16.662700,0,139,4,143
5828,0.008400,18.518200,0,139,4,143
5829,0.005200,15.955000,0,139,4,143
5830,0.003400,20.864900,0,139,4,143
5831,0.015000,15.925700,0,139,4,143
5832,0.002700,27.267900,0,139,4,143
5833,1.802300,19.107200,1734,138,5,143
5834,0.004300,10.177400,0,138,5,143
5835,0.004400,33.024100,0,138,5,143
5836,0.002200,1.682700,0,138,5,143
5837,0.976800,16.929300,1716,143,0,143
5838,0.003600,17.552900,0,143,0,143
5839,0.005000,19.230400,0,143,0,143
5840,0.003100,13.118700,0,143,0,143
5841,0.002800,16.765700,0,143,0,143
5842,0.003400,18.083000,0,143,0,143
5843,0.012100,21.502000,0,143,0,143
5844,0.004200,12.622600,0,143,0,143
5845,14.452000,19.059900,1728,143,0,143
5846,0.003200,22.305900,0,143,0,143
5847,0.003500,10.065100,0,143,0,143
5848,0.010500,19.394000,0,143,0,143
5849,0.003100,18.473200,0,143,0,143
5850,0.002900,13.345000,0,143,0,143
5851,0.003500,17.477900,0,143,0,143
5852,0.002800,16.353500,0,143,0,143
5853,0.002500,16.136700,0,143,0,143
5854,0.002000,16.395000,0,143,0,143
5855,0.003900,27.990100,0,143,0,143
5856,0.883300,34.291300,1728,142,1,143
5857,0.002300,8.579300,0,142,1,143
5858,0.004000,21.706600,0,142,1,143
5859,0.040100,15.503500,0,142,1,143
5860,0.002700,14.457000,0,142,1,143
5861,0.003000,16.005400,0,142,1,143
5862,0.004400,18.412900,0,142,1,143
5863,0.003300,23.224000,0,142,1,143
5864,0.002500,8.471400,0,142,1,143
5865,0.004000,16.952200,0,142,1,143
5866,0.002900,16.294600,0,142,1,143
5867,0.005200,17.628300,0,142,1,143
5868,1.147100,16.730500,1728,141,2,143
5869,0.003900,16.230000,0,141,2,143
5870,0.002200,16.480600,0,141,2,143
5871,0.003000,16.548700,0,141,2,143
5872,0.003100,16.492400,0,141,2,143
5873,0.002300,16.959800,0,141,2,143
5874,0.002000,16.413800,0,141,2,143
5875,0.001600,16.563500,0,141,2,143
5876,0.001500,16.679700,0,141,2,143
5877,0.001600,16.885900,0,141,2,143
5878,0.003900,16.642800,0,141,2,143
5879,0.004000,16.603400,0,141,2,143
5880,0.436400,16.577500,1728,140,3,143
5881,0.001500,16.600300,0,140,3,143
5882,0.002000,16.643500,0,140,3,143
5883,0.002400,16.829100,0,140,3,143
5884,0.002200,16.451900,0,140,3,143
5885,0.002100,16.783200,0,140,3,143
5886,0.001400,16.663900,0,140,3,143
5887,0.001500,16.658600,0,140,3,143
5888,0.002000,16.670500,0,140,3,143
5889,0.001400,16.618800,0,140,3,143
5890,0.001600,16.504600,0,140,3,143
5891,0.001400,16.823700,0,140,3,143
5892,0.696000,17.112700,1728,139,4,143
5893,0.001400,16.354400,0,139,4,143
5894,0.001700,16.588900,0,139,4,143
5895,0.001600,16.638400,0,139,4,143
5896,0.002500,16.594700,0,139,4,143
5897,0.001400,16.731500,0,139,4,143
5898,0.002700,17.100900,0,139,4,143
5899,0.001300,16.226200,0,139,4,143
5900,0.001300,16.686900,0,139,4,143
5901,0.001300,16.642300,0,139,4,143
5902,0.001300,16.547300,0,139,4,143
5903,0.001400,16.768900,0,139,4,143
5904,0.620500,17.043800,1728,138,5,143
5905,0.001900,16.347400,0,138,5,143
5906,0.001300,16.917500,0,138,5,143
5907,0.002800,16.757700,0,138,5,143
5908,0.003000,16.961900,0,138,5,143
5909,0.002000,16.124200,0,138,5,143
5910,0.020200,20.964100,0,138,5,143
5911,0.010000,14.878700,0,138,5,143
5912,0.001400,16.804300,0,138,5,143
5913,0.001400,16.510900,0,138,5,143
5914,0.001500,16.736800,0,138,5,143
5915,0.003100,17.659800,0,138,5,143
5916,0.435200,15.905800,1728,137,6,143
5917,0.002400,16.584100,0,137,6,143
5918,0.002200,17.033000,0,137,6,143
5919,0.001400,16.894500,0,137,6,143
5920,0.002900,17.618600,0,137,6,143
5921,0.492400,16.560300,1716,143,0,143
5922,0.001900,16.380200,0,143,0,143
5923,0.002100,17.085500,0,143,0,143
5924,0.001200,16.295500,0,143,0,143
5925,0.001500,16.735000,0,143,0,143
5926,0.001400,16.609800,0,143,0,143
5927,0.001400,16.652300,0,143,0,143
5928,0.398100,16.635700,1722,143,0,143
5929,0.003000,17.181000,0,143,0,143
5930,0.001700,16.718700,0,143,0,143
5931,0.002100,16.729800,0,143,0,143
5932,0.002900,19.851300,0,143,0,143
5933,0.001700,13.259000,0,143,0,143
5934,0.002500,16.342200,0,143,0,143
5935,0.001500,16.766400,0,143,0,143
5936,0.002100,16.776500,0,143,0,143
5937,0.002200,16.676800,0,143,0,143
5938,0.002300,16.918100,0,143,0,143
5939,0.002000,16.581200,0,143,0,143
5940,0.411400,16.474000,1722,142,1,143
5941,0.002500,16.795900,0,142,1,143
5942,0.004700,17.181300,0,142,1,143
5943,0.003300,16.515500,0,142,1,143
5944,0.001800,16.197900,0,142,1,143
5945,0.002100,16.695400,0,142,1,143
5946,0.002500,16.564700,0,142,1,143
5947,0.001800,16.993000,0,142,1,143
5948,0.004800,16.540500,0,142,1,143
5949,0.002800,16.800200,0,142,1,143
5950,0.002100,16.368900,0,142,1,143
5951,0.001500,16.711600,0,142,1,143
5952,0.339100,16.436300,1722,141,2,143
5953,0.001300,16.804300,0,141,2,143
5954,0.004000,17.522100,0,141,2,143
5955,0.002800,16.010400,0,141,2,143
5956,0.002400,16.734400,0,141,2,143
5957,0.002400,16.705700,0,141,2,143
5958,0.002600,16.370800,0,141,2,143
5959,0.002000,16.924300,0,141,2,143
5960,0.002600,17.708200,0,141,2,143
5961,0.002000,15.827400,0,141,2,143
5962,0.003400,16.929800,0,141,2,143
5963,0.003700,16.916800,0,141,2,143
5964,0.567900,16.194800,1722,140,3,143
5965,0.002200,16.723100,0,140,3,143
5966,0.003000,16.757600,0,140,3,143
5967,0.001400,16.488100,0,140,3,143
5968,0.002600,19.443100,0,140,3,143
5969,0.003400,14.338200,0,140,3,143
5970,0.002900,16.751500,0,140,3,143
5971,0.002300,16.833700,0,140,3,143
5972,0.002700,16.445700,0,140,3,143
5973,0.003100,17.214400,0,140,3,143
5974,0.002000,16.594700,0,140,3,143
5975,0.677600,18.653900,1722,139,4,143
5976,0.004300,14.192100,0,139,4,143
5977,0.006000,19.662000,0,139,4,143
5978,0.002800,14.369900,0,139,4,143
5979,0.002400,16.224500,0,139,4,143
5980,0.009100,17.203500,0,139,4,143
5981,0.002600,20.164600,0,139,4,143
5982,0.003800,21.214000,0,139,4,143
5983,0.003000,16.133200,0,139,4,143
5984,0.002600,15.729600,0,139,4,143
5985,0.020300,19.848600,0,139,4,143
5986,0.003000,14.784700,0,139,4,143
5987,0.540500,16.035700,1722,138,5,143
5988,0.002700,18.025900,0,138,5,143
5989,0.002500,17.212200,0,138,5,143
5990,0.002100,17.206200,0,138,5,143
5991,0.003000,15.256400,0,138,5,143
5992,0.031700,21.288000,0,138,5,143
5993,0.003200,13.619100,0,138,5,143
5994,0.003500,16.605400,0,138,5,143
5995,0.001900,21.013900,0,138,5,143
5996,0.005200,16.304600,0,138,5,143
5997,0.003200,11.919300,0,138,5,143
5998,0.003500,19.214300,0,138,5,143
5999,0.553300,15.961600,1722,137,6,143
6000,0.012200,20.129500,0,137,6,143
6001,0.003200,15.535800,0,137,6,143
6002,0.002900,16.623300,0,137,6,143
6003,0.002100,16.321500,0,137,6,143
6004,0.001900,15.937300,0,137,6,143
6005,0.002600,17.969900,0,137,6,143
6006,0.024600,17.832300,0,137,6,143
6007,0.003700,15.704300,0,137,6,143
6008,0.002500,15.615200,0,137,6,143
6009,0.002600,16.583900,0,137,6,143
6010,0.003600,16.470000,0,137,6,143
6011,0.950500,17.589500,1722,136,7,143
6012,0.002500,16.102800,0,136,7,143
6013,0.003000,16.546000,0,136,7,143
6014,0.003200,17.350000,0,136,7,143
6015,0.002500,16.628400,0,136,7,143
6016,0.003200,16.513000,0,136,7,143
6017,0.003000,16.796900,0,136,7,143
6018,0.001800,16.327100,0,136,7,143
6019,0.001700,18.446700,0,136,7,143
6020,0.001400,14.509400,0,136,7,143
6021,0.002600,16.678400,0,136,7,143
6022,0.001700,16.621800,0,136,7,143
6023,0.447100,17.534700,1722,135,8,143
6024,0.001900,16.481200,0,135,8,143
6025,0.001700,16.453400,0,135,8,143
6026,0.001800,17.785200,0,135,8,143
6027,0.001200,15.606000,0,135,8,143
6028,0.005100,16.697800,0,135,8,143
6029,0.002000,16.785100,0,135,8,143
6030,0.002300,16.553500,0,135,8,143
6031,0.001900,16.827500,0,135,8,143
6032,0.001900,16.400400,0,135,8,143
6033,0.002400,17.190600,0,135,8,143
6034,0.001800,16.016000,0,135,8,143
6035,0.511200,17.319100,1722,134,9,143
6036,0.002400,18.568400,0,134,9,143
6037,0.001300,14.550200,0,134,9,143
6038,0.003800,17.196900,0,134,9,143
6039,0.002600,16.694700,0,134,9,143
6040,0.002000,16.262600,0,134,9,143
6041,0.002300,18.175400,0,134,9,143
6042,0.001300,15.208800,0,134,9,143
6043,0.001300,16.711100,0,134,9,143
6044,0.002200,16.701900,0,134,9,143
6045,0.002000,16.727400,0,134,9,143
6046,0.001500,16.709100,0,134,9,143
6047,0.335300,16.810900,1722,133,10,143
6048,0.002000,17.242400,0,133,10,143
6049,0.004000,16.720800,0,133,10,143
6050,0.001700,16.226800,0,133,10,143
6051,0.001600,16.679700,0,133,10,143
6052,0.001700,16.416900,0,133,10,143
6053,0.001600,16.844100,0,133,10,143
6054,0.001500,16.737800,0,133,10,143
6055,0.002600,16.681300,0,133,10,143
6056,0.002400,16.796400,0,133,10,143
6057,0.001900,16.496100,0,133,10,143
6058,0.001700,16.510100,0,133,10,143
6059,0.356300,16.836500,1722,132,11,143
6060,0.002200,16.702100,0,132,11,143
6061,0.002100,16.653400,0,132,11,143
6062,0.003600,16.914800,0,132,11,143
6063,0.001500,16.263700,0,132,11,143
6064,0.001400,16.576900,0,132,11,143
6065,0.001900,16.814600,0,132,11,143
6066,0.001600,16.688300,0,132,11,143
6067,0.001600,16.770200,0,132,11,143
6068,0.001900,16.551900,0,132,11,143
6069,0.001800,16.810100,0,132,11,143
6070,0.001900,16.421200,0,132,11,143
6071,0.414800,17.027600,1722,132,11,143
6072,0.001500,16.687300,0,132,11,143
6073,0.001400,16.452700,0,132,11,143
6074,0.002000,16.693200,0,132,11,143
6075,0.001800,16.818200,0,132,11,143
6076,0.002300,16.427100,0,132,11,143
6077,0.001600,16.898000,0,132,11,143
6078,0.001600,16.526300,0,132,11,143
6079,0.002400,16.718000,0,132,11,143
6080,0.001400,16.617200,0,132,11,143
6081,0.001300,16.693200,0,132,11,143
6082,0.001400,16.465300,0,132,11,143
6083,0.322000,16.874300,1722,132,11,143
6084,0.002200,16.674000,0,132,11,143
6085,0.001200,16.611800,0,132,11,143
6086,0.001300,16.839400,0,132,11,143
6087,0.001300,16.579100,0,132,11,143
6088,0.001700,16.851300,0,132,11,143
6089,0.001900,16.609400,0,132,11,143
6090,0.001300,16.615200,0,132,11,143
6091,0.001800,16.692700,0,132,11,143
6092,0.002000,16.575900,0,132,11,143
6093,0.001600,16.775300,0,132,11,143
6094,0.002300,16.424800,0,132,11,143
6095,0.390100,16.846200,1722,132,11,143
6096,0.002800,16.901800,0,132,11,143
6097,0.001700,16.461000,0,132,11,143
6098,0.002100,16.599100,0,132,11,143
6099,0.002000,16.985300,0,132,11,143
6100,0.001700,16.224500,0,132,11,143
6101,0.010300,17.394700,0,132,11,143
6102,0.002100,16.802800,0,132,11,143
6103,0.001800,16.552400,0,132,11,143
6104,0.002300,17.109800,0,132,11,143
6105,0.001700,16.063700,0,132,11,143
6106,0.001400,16.594100,0,132,11,143
6107,0.399500,16.467400,1722,132,11,143
6108,0.001900,16.919300,0,132,11,143
6109,0.001300,16.628400,0,132,11,143
6110,0.001600,16.733600,0,132,11,143
6111,0.001500,16.656900,0,132,11,143
6112,0.002000,16.674700,0,132,11,143
6113,0.001900,16.543900,0,132,11,143
6114,0.002100,16.699700,0,132,11,143
6115,0.001600,16.717400,0,132,11,143
6116,0.001900,16.600500,0,132,11,143
6117,0.001900,16.776500,0,132,11,143
6118,0.002000,16.766400,0,132,11,143
6119,0.364300,16.323100,1722,132,11,143
6120,0.001400,16.891700,0,132,11,143
6121,0.001400,16.652600,0,132,11,143
6122,0.002100,16.721300,0,132,11,143
6123,0.002100,16.629600,0,132,11,143
6124,0.001900,16.644200,0,132,11,143
6125,0.001300,16.458400,0,132,11,143
6126,0.001900,17.083200,0,132,11,143
6127,0.001500,16.542900,0,132,11,143
6128,0.002200,16.851300,0,132,11,143
6129,0.001400,16.471600,0,132,11,143
6130,0.001600,16.725800,0,132,11,143
6131,0.363600,16.544400,1722,132,11,143
6132,0.001900,16.768200,0,132,11,143
6133,0.001500,16.657100,0,132,11,143
6134,0.003300,17.180200,0,132,11,143
6135,0.002000,16.419200,0,132,11,143
6136,0.001800,16.691900,0,132,11,143
6137,0.002800,16.592300,0,132,11,143
6138,0.001800,17.031000,0,132,11,143
6139,0.002100,16.470700,0,132,11,143
6140,0.004500,16.919100,0,132,11,143
6141,0.006100,16.895400,0,132,11,143
6142,0.002400,16.217400,0,132,11,143
6143,0.499400,16.390600,1722,132,11,143
6144,0.001500,16.963900,0,132,11,143
6145,0.004100,16.765400,0,132,11,143
6146,0.004100,16.933000,0,132,11,143
6147,0.017800,18.752200,0,132,11,143
6148,0.001500,14.554400,0,132,11,143
6149,0.001500,16.029500,0,132,11,143
6150,0.001800,16.871300,0,132,11,143
6151,0.001700,16.680900,0,132,11,143
6152,0.002900,16.691600,0,132,11,143
6153,0.001700,16.749400,0,132,11,143
6154,0.001800,16.803900,0,132,11,143
6155,0.442300,16.332600,1722,132,11,143
6156,0.001400,16.688200,0,132,11,143
6157,0.002000,16.695000,0,132,11,143
6158,0.001300,16.625200,0,132,11,143
6159,0.001400,16.694200,0,132,11,143
6160,0.001400,16.712000,0,132,11,143
6161,0.001400,16.476500,0,132,11,143
6162,0.001300,16.893000,0,132,11,143
6163,0.001400,16.747200,0,132,11,143
6164,0.001400,16.642800,0,132,11,143
6165,0.012300,20.244200,0,132,11,143
6166,0.002200,13.048200,0,132,11,143
6167,0.740900,17.926700,1722,132,11,143
6168,0.017500,18.424100,0,132,11,143
6169,0.003200,19.171700,0,132,11,143
6170,0.003700,30.996600,0,132,11,143
6171,0.003900,5.023200,0,132,11,143
6172,0.004400,15.214600,0,132,11,143
6173,0.003200,16.420200,0,132,11,143
6174,0.002800,16.102600,0,132,11,143
6175,0.002900,19.116200,0,132,11,143
6176,0.005100,16.517500,0,132,11,143
6177,0.016700,21.847800,0,132,11,143
6178,2.276700,12.280200,1722,132,11,143
6179,0.002400,16.680600,0,132,11,143
6180,0.002800,18.473600,0,132,11,143
6181,0.005700,14.621900,0,132,11,143
6182,0.009700,17.698100,0,132,11,143
6183,0.026100,18.978400,0,132,11,143
6184,0.023900,16.725700,0,132,11,143
6185,0.005400,15.629800,0,132,11,143
6186,0.003400,16.630600,0,132,11,143
6187,0.012300,19.385700,0,132,11,143
6188,0.004000,12.695300,0,132,11,143
6189,0.002800,17.747100,0,132,11,143
6190,0.542200,22.352300,1722,132,11,143
6191,0.002800,26.900500,0,132,11,143
6192,0.002500,8.746700,0,132,11,143
6193,0.004400,15.997700,0,132,11,143
6194,0.003400,16.526100,0,132,11,143
6195,0.003500,16.461000,0,132,11,143
6196,0.007000,16.569300,0,132,11,143
6197,0.003600,17.109200,0,132,11,143
6198,0.003600,16.347300,0,132,11,143
6199,0.003400,16.289200,0,132,11,143
6200,0.004100,16.548200,0,132,11,143
6201,0.726400,22.325600,1722,132,11,143
6202,0.003900,11.506800,0,132,11,143
6203,0.004400,22.783200,0,132,11,143
6204,0.003300,11.424900,0,132,11,143
6205,0.019200,18.257200,0,132,11,143
6206,0.002100,14.175300,0,132,11,143
6207,0.018000,20.322100,0,132,11,143
6208,0.004200,12.674400,0,132,11,143
6209,0.003700,16.946700,0,132,11,143
6210,0.003400,18.381200,0,132,11,143
6211,0.002900,15.379600,0,132,11,143
6212,0.002700,16.428700,0,132,11,143
6213,0.624000,18.506000,1722,132,11,143
6214,0.002400,16.714000,0,132,11,143
6215,0.003400,18.258600,0,132,11,143
6216,0.002800,17.993900,0,132,11,143
6217,0.002300,15.572000,0,132,11,143
6218,0.002600,16.209800,0,132,11,143
6219,0.003400,16.881500,0,132,11,143
6220,0.002300,18.232900,0,132,11,143
6221,0.002600,14.841300,0,132,11,143
6222,0.004000,18.819100,0,132,11,143
6223,0.004100,17.764400,0,132,11,143
6224,0.002300,15.122200,0,132,11,143
6225,1.776500,17.519800,1722,132,11,143
6226,0.003000,16.025800,0,132,11,143
6227,0.002600,16.232400,0,132,11,143
6228,0.033700,17.749000,0,132,11,143
6229,0.002300,15.916400,0,132,11,143
6230,0.002000,16.686100,0,132,11,143
6231,0.003200,17.255600,0,132,11,143
6232,0.004600,16.269300,0,132,11,143
6233,0.003000,16.535100,0,132,11,143
6234,0.003400,16.516700,0,132,11,143
6235,0.004100,16.824200,0,132,11,143
6236,0.004300,17.536000,0,132,11,143
6237,0.560700,16.176600,1722,132,11,143
6238,0.002600,21.263200,0,132,11,143
6239,0.003000,12.497400,0,132,11,143
6240,0.003200,17.347700,0,132,11,143
6241,0.003200,17.132400,0,132,11,143
6242,0.004100,17.741800,0,132,11,143
6243,0.003300,31.578000,0,132,11,143
6244,0.003000,18.684300,0,132,11,143
6245,0.003200,4.068700,0,132,11,143
6246,0.002800,43.926300,0,132,11,143
6247,0.002000,0.944400,0,132,11,143
6248,1.464900,23.183800,1722,132,11,143
6249,4.108300,20.694200,0,132,11,143
6250,0.003900,23.207200,0,132,11,143
6251,0.003300,8.172900,0,132,11,143
6252,0.017100,20.899500,0,132,11,143
6253,0.002600,25.996100,0,132,11,143
6254,0.004000,10.022300,0,132,11,143
6255,0.003800,20.797000,0,132,11,143
6256,0.004700,14.580200,0,132,11,143
6257,0.003300,19.542700,0,132,11,143
6258,1.261300,26.539500,1722,132,11,143
6259,0.005100,24.139000,0,132,11,143
6260,0.004500,2.431600,0,132,11,143
6261,0.003700,21.509800,0,132,11,143
6262,0.002500,24.388300,0,132,11,143
6263,0.010800,5.440600,0,132,11,143
6264,0.004900,31.438000,0,132,11,143
6265,0.003400,4.337200,0,132,11,143
6266,0.002600,15.375200,0,132,11,143
6267,0.003600,17.180900,0,132,11,143
6268,0.004200,19.984900,0,132,11,143
6269,0.021000,16.477400,0,132,11,143
6270,0.983500,13.711600,1722,132,11,143
6271,0.004000,25.143700,0,132,11,143
6272,0.003900,11.571200,0,132,11,143
6273,0.003400,18.389400,0,132,11,143
6274,0.003400,15.364800,0,132,11,143
6275,0.004000,20.758700,0,132,11,143
6276,0.003500,13.078600,0,132,11,143
6277,0.003900,16.466300,0,132,11,143
6278,0.003100,17.890900,0,132,11,143
6279,0.001700,15.299200,0,132,11,143
6280,0.002000,17.186100,0,132,11,143
6281,0.001500,16.610900,0,132,11,143
6282,0.546600,16.827200,1722,132,11,143
6283,0.001500,16.333300,0,132,11,143
6284,0.003100,18.648000,0,132,11,143
6285,0.001300,14.371800,0,132,11,143
6286,0.001800,18.089900,0,132,11,143
6287,0.002400,15.571300,0,132,11,143
6288,0.001800,17.265300,0,132,11,143
6289,0.001200,16.050100,0,132,11,143
6290,0.002200,16.946300,0,132,11,143
6291,0.001600,16.082800,0,132,11,143
6292,0.001300,16.860900,0,132,11,143
6293,0.002200,16.831800,0,132,11,143
6294,1.510900,18.358500,1722,132,11,143
6295,0.004500,15.235100,0,132,11,143
6296,0.002700,18.425800,0,132,11,143
6297,0.001500,14.745300,0,132,11,143
6298,0.002300,17.053700,0,132,11,143
6299,0.001800,16.657100,0,132,11,143
6300,0.002600,16.721000,0,132,11,143
6301,0.342600,16.452600,1782,143,0,143
6302,0.001600,16.770800,0,143,0,143
6303,0.002300,16.529800,0,143,0,143
6304,0.001900,17.990400,0,143,0,143
6305,0.003900,15.623300,0,143,0,143
6306,0.460200,16.666100,1728,143,0,143
6307,0.001800,16.585400,0,143,0,143
6308,0.003800,17.046100,0,143,0,143
6309,0.001600,16.036300,0,143,0,143
6310,0.002600,17.740300,0,143,0,143
6311,0.001800,15.823400,0,143,0,143
6312,0.002900,16.627500,0,143,0,143
6313,0.004600,16.875700,0,143,0,143
6314,0.002700,16.685800,0,143,0,143
6315,0.002000,16.291300,0,143,0,143
6316,0.002100,17.056800,0,143,0,143
6317,0.002300,16.524300,0,143,0,143
6318,0.926400,17.038600,1728,142,1,143
6319,0.002300,16.868800,0,142,1,143
6320,0.002000,16.504700,0,142,1,143
6321,0.002500,16.322100,0,142,1,143
6322,0.002300,16.917800,0,142,1,143
6323,0.003000,16.789700,0,142,1,143
6324,0.001800,17.314500,0,142,1,143
6325,0.001500,15.828700,0,142,1,143
6326,0.002400,16.637600,0,142,1,143
6327,0.001700,16.543600,0,142,1,143
6328,0.004300,19.537300,0,142,1,143
6329,0.001700,14.092500,0,142,1,143
6330,0.516700,16.331000,1728,141,2,143
6331,0.002100,16.797300,0,141,2,143
6332,0.002200,16.875200,0,141,2,143
6333,0.002900,16.459800,0,141,2,143
6334,0.003400,19.137100,0,141,2,143
6335,0.002500,15.691900,0,141,2,143
6336,0.004600,19.196200,0,141,2,143
6337,0.002900,14.408500,0,141,2,143
6338,0.001500,16.565900,0,141,2,143
6339,0.002500,16.491600,0,141,2,143
6340,0.003000,18.279500,0,141,2,143
6341,0.002200,15.655100,0,141,2,143
6342,0.572000,18.412700,1728,140,3,143
6343,0.002900,20.554900,0,140,3,143
6344,0.003300,14.799800,0,140,3,143
6345,0.003500,14.551900,0,140,3,143
6346,0.003000,15.447600,0,140,3,143
6347,0.002500,17.199800,0,140,3,143
6348,0.001700,16.791000,0,140,3,143
6349,0.065200,17.781600,0,140,3,143
6350,0.003100,16.367300,0,140,3,143
6351,0.002200,16.849100,0,140,3,143
6352,0.001900,15.573800,0,140,3,143
6353,0.003200,17.446500,0,140,3,143
6354,0.496600,16.376500,1728,139,4,143
6355,0.002800,16.316000,0,139,4,143
6356,0.004200,19.160400,0,139,4,143
6357,0.020300,15.372200,0,139,4,143
6358,0.005000,15.637600,0,139,4,143
6359,0.003400,16.566200,0,139,4,143
6360,0.002500,16.894200,0,139,4,143
6361,0.001700,16.702800,0,139,4,143
6362,0.003000,19.552200,0,139,4,143
6363,0.003300,15.991300,0,139,4,143
6364,0.001700,14.643800,0,139,4,143
6365,0.001400,16.874700,0,139,4,143
6366,0.994900,16.856600,1728,138,5,143
6367,0.002600,17.270300,0,138,5,143
6368,0.002000,17.618100,0,138,5,143
6369,0.003300,36.996300,0,138,5,143
6370,0.002900,23.879400,0,138,5,143
6371,0.002900,8.731400,0,138,5,143
6372,0.002000,17.062900,0,138,5,143
6373,0.004600,17.199600,0,138,5,143
6374,0.021700,23.494300,0,138,5,143
6375,0.003800,9.933100,0,138,5,143
6376,0.003300,15.157500,0,138,5,143
6377,2.993800,17.252800,1728,137,6,143
6378,0.002500,17.146300,0,137,6,143
6379,0.002600,15.986500,0,137,6,143
6380,0.003300,28.831000,0,137,6,143
6381,0.001900,10.951600,0,137,6,143
6382,0.022000,22.336900,0,137,6,143
6383,0.003000,22.809600,0,137,6,143
6384,0.769500,10.196900,1782,143,0,143
6385,0.003100,16.780000,0,143,0,143
6386,0.003800,18.136300,0,143,0,143
6387,2.395600,30.665000,1734,143,0,143
6388,0.424100,7.115000,0,143,0,143
6389,0.002800,13.023500,0,143,0,143
6390,0.001900,19.493600,0,143,0,143
6391,0.002900,15.842700,0,143,0,143
6392,0.001600,16.655000,0,143,0,143
6393,0.003200,16.733700,0,143,0,143
6394,0.002400,17.147200,0,143,0,143
6395,0.002100,16.090100,0,143,0,143
6396,0.002200,16.673800,0,143,0,143
6397,0.001600,16.492000,0,143,0,143
6398,0.003100,21.488000,0,143,0,143
6399,0.003200,12.241600,0,143,0,143
6400,1.134000,24.987400,1734,142,1,143
6401,0.002900,22.797100,0,142,1,143
6402,0.003000,10.903300,0,142,1,143
6403,0.002500,22.629700,0,142,1,143
6404,0.002200,15.415800,0,142,1,143
6405,0.002900,21.795700,0,142,1,143
6406,0.002500,29.180900,0,142,1,143
6407,0.002900,6.095400,0,142,1,143
6408,0.003400,15.834600,0,142,1,143
6409,0.002000,19.658300,0,142,1,143
6410,8.999700,15.904500,1734,141,2,143
6411,0.002600,18.212900,0,141,2,143
6412,0.004700,20.087800,0,141,2,143
6413,0.003600,24.876600,0,141,2,143
6414,0.003900,10.835800,0,141,2,143
6415,0.001900,21.205800,0,141,2,143
6416,0.002500,12.486700,0,141,2,143
6417,0.004900,19.676000,0,141,2,143
6418,0.002500,34.812700,0,141,2,143
6419,0.019100,10.173700,0,141,2,143
6420,0.002300,12.202600,0,141,2,143
6421,1.197800,31.719500,1734,140,3,143
6422,0.003500,3.268600,0,140,3,143
6423,0.003100,18.019800,0,140,3,143
6424,0.002400,17.156300,0,140,3,143
6425,0.004500,61.378600,0,140,3,143
6426,0.003600,2.322200,0,140,3,143
6427,0.003000,18.009200,0,140,3,143
6428,0.003800,14.747200,0,140,3,143
6429,0.003000,19.361600,0,140,3,143
6430,0.002900,16.035500,0,140,3,143
6431,0.584800,18.183700,1734,139,4,143
6432,0.003500,16.269500,0,139,4,143
6433,0.003300,17.718200,0,139,4,143
6434,0.003100,14.455400,0,139,4,143
6435,0.002300,17.315800,0,139,4,143
6436,0.003700,16.769900,0,139,4,143
6437,0.002500,17.827400,0,139,4,143
6438,0.003000,16.495800,0,139,4,143
6439,0.002800,16.642600,0,139,4,143
6440,0.002900,17.065500,0,139,4,143
6441,0.003000,17.342300,0,139,4,143
6442,0.003000,18.173600,0,139,4,143
6443,0.603200,15.098200,1734,138,5,143
6444,0.002300,16.271200,0,138,5,143
6445,0.003400,16.899000,0,138,5,143
6446,0.002600,16.170300,0,138,5,143
6447,0.003700,16.859600,0,138,5,143
6448,0.002700,16.946300,0,138,5,143
6449,0.805100,22.841400,1782,143,0,143
6450,0.003100,10.440000,0,143,0,143
6451,0.002200,16.595800,0,143,0,143
6452,0.003700,16.453400,0,143,0,143
6453,0.018200,22.125200,0,143,0,143
6454,0.007000,13.177600,0,143,0,143
6455,1.313500,15.511600,1740,143,0,143
6456,0.001900,16.120800,0,143,0,143
6457,0.002100,18.278000,0,143,0,143
6458,0.003800,14.566200,0,143,0,143
6459,0.001600,16.858100,0,143,0,143
6460,0.002600,16.644200,0,143,0,143
6461,0.003500,16.739400,0,143,0,143
6462,0.001700,16.480300,0,143,0,143
6463,0.001800,16.619600,0,143,0,143
6464,0.001800,16.532600,0,143,0,143
6465,0.001700,16.857800,0,143,0,143
6466,0.001400,16.748500,0,143,0,143
6467,0.747900,17.001000,1740,142,1,143
6468,0.002000,16.226800,0,142,1,143
6469,0.002100,16.754400,0,142,1,143
6470,0.006700,16.849300,0,142,1,143
6471,0.001700,16.521900,0,142,1,143
6472,0.001900,16.745800,0,142,1,143
6473,0.002900,16.490500,0,142,1,143
6474,0.001900,16.704500,0,142,1,143
6475,0.003300,16.929700,0,142,1,143
6476,0.002200,16.223700,0,142,1,143
6477,0.001600,16.849500,0,142,1,143
6478,0.002500,16.621400,0,142,1,143
6479,0.382200,16.784200,1740,141,2,143
6480,0.003200,16.741700,0,141,2,143
6481,0.002000,16.560800,0,141,2,143
6482,0.001600,16.363700,0,141,2,143
6483,0.001500,16.871500,0,141,2,143
6484,0.002300,16.698000,0,141,2,143
6485,0.001500,16.594700,0,141,2,143
6486,0.002100,17.009200,0,141,2,143
6487,0.003400,17.054500,0,141,2,143
6488,0.003800,16.511100,0,141,2,143
6489,0.002000,16.436600,0,141,2,143
6490,0.003200,17.033000,0,141,2,143
6491,0.337400,16.371700,1740,140,3,143
6492,0.001400,16.702500,0,140,3,143
6493,0.001500,16.878700,0,140,3,143
6494,0.002000,16.443000,0,140,3,143
6495,0.004400,16.793500,0,140,3,143
6496,0.001500,16.461300,0,140,3,143
6497,0.001700,16.741400,0,140,3,143
6498,0.001800,16.656700,0,140,3,143
6499,0.001200,16.741900,0,140,3,143
6500,0.001400,17.039300,0,140,3,143
6501,0.001800,16.104600,0,140,3,143
6502,0.004200,17.149200,0,140,3,143
6503,0.362700,16.249800,1740,139,4,143
6504,0.001500,16.681100,0,139,4,143
6505,0.001500,16.745200,0,139,4,143
6506,0.002000,16.751900,0,139,4,143
6507,0.002400,16.421000,0,139,4,143
6508,0.001500,16.757100,0,139,4,143
6509,0.001600,16.732100,0,139,4,143
6510,0.001900,16.566300,0,139,4,143
6511,0.001300,16.674400,0,139,4,143
6512,0.346100,16.691300,1782,143,0,143
6513,0.001800,16.546400,0,143,0,143
6514,0.001500,16.846100,0,143,0,143
6515,0.358100,16.612200,1746,143,0,143
6516,0.001600,17.045400,0,143,0,143
6517,0.001500,16.287300,0,143,0,143
6518,0.001300,16.733100,0,143,0,143
6519,0.001800,16.549400,0,143,0,143
6520,0.001700,16.754700,0,143,0,143
6521,0.001400,16.603200,0,143,0,143
6522,0.001400,16.724900,0,143,0,143
6523,0.001700,16.630100,0,143,0,143
6524,0.001200,16.645900,0,143,0,143
6525,0.001900,16.608200,0,143,0,143
6526,0.003100,16.963000,0,143,0,143
6527,0.361500,16.450300,1746,142,1,143
6528,0.001300,16.672800,0,142,1,143
6529,0.001500,16.636300,0,142,1,143
6530,0.001500,16.774900,0,142,1,143
6531,0.001400,16.419200,0,142,1,143
6532,0.001500,16.885600,0,142,1,143
6533,0.001900,16.690500,0,142,1,143
6534,0.001600,16.583400,0,142,1,143
6535,0.001400,16.677800,0,142,1,143
6536,0.002400,16.773800,0,142,1,143
6537,0.001500,16.449900,0,142,1,143
6538,0.001800,16.925000,0,142,1,143
6539,0.392800,16.664600,1746,141,2,143
6540,0.001400,16.718200,0,141,2,143
6541,0.002500,16.949600,0,141,2,143
6542,0.002800,16.832500,0,141,2,143
6543,0.001600,16.076300,0,141,2,143
6544,0.001500,16.797900,0,141,2,143
6545,0.001900,16.973600,0,141,2,143
6546,0.002700,16.608400,0,141,2,143
6547,0.001500,16.372600,0,141,2,143
6548,0.001500,16.652200,0,141,2,143
6549,0.001700,16.678200,0,141,2,143
6550,0.001600,16.779600,0,141,2,143
6551,0.401900,16.951300,1746,140,3,143
6552,0.001800,16.566000,0,140,3,143
6553,0.001900,16.696900,0,140,3,143
6554,0.003100,16.898800,0,140,3,143
6555,0.001900,16.187700,0,140,3,143
6556,0.001900,16.886400,0,140,3,143
6557,0.002300,16.643300,0,140,3,143
6558,0.002900,16.799500,0,140,3,143
6559,0.002100,16.794500,0,140,3,143
6560,0.002600,16.895900,0,140,3,143
6561,0.002400,16.040000,0,140,3,143
6562,0.001700,16.934800,0,140,3,143
6563,0.402300,16.679800,1746,139,4,143
6564,0.002300,16.453200,0,139,4,143
6565,0.001400,16.733100,0,139,4,143
6566,0.003300,16.942700,0,139,4,143
6567,0.001500,16.184800,0,139,4,143
6568,0.001400,16.806900,0,139,4,143
6569,0.001500,16.808400,0,139,4,143
6570,0.001600,17.089500,0,139,4,143
6571,0.001400,16.261200,0,139,4,143
6572,0.373800,16.657900,1782,143,0,143
6573,0.002500,16.586400,0,143,0,143
6574,0.001400,16.581000,0,143,0,143
6575,0.425200,16.739100,1752,143,0,143
6576,0.001900,16.626700,0,143,0,143
6577,0.001500,16.714100,0,143,0,143
6578,0.002700,16.875800,0,143,0,143
6579,0.003200,16.439100,0,143,0,143
6580,0.009500,16.617900,0,143,0,143
6581,0.001400,16.655600,0,143,0,143
6582,0.001500,16.768800,0,143,0,143
6583,0.001500,16.637500,0,143,0,143
6584,0.001600,16.742600,0,143,0,143
6585,0.002600,16.594300,0,143,0,143
6586,0.001400,16.625200,0,143,0,143
6587,0.365900,16.869800,1752,142,1,143
6588,0.001400,16.469100,0,142,1,143
6589,0.001800,16.653500,0,142,1,143
6590,0.001800,16.670000,0,142,1,143
6591,0.002400,16.703400,0,142,1,143
6592,0.001900,16.726100,0,142,1,143
6593,0.002000,16.607500,0,142,1,143
6594,0.002000,16.673200,0,142,1,143
6595,0.001600,16.992000,0,142,1,143
6596,0.002900,16.709000,0,142,1,143
6597,0.003100,16.565200,0,142,1,143
6598,0.001700,16.944900,0,142,1,143
6599,0.404000,16.392400,1752,141,2,143
6600,0.001600,16.923900,0,141,2,143
6601,0.001800,16.618100,0,141,2,143
6602,0.001600,16.543600,0,141,2,143
6603,0.002100,16.267900,0,141,2,143
6604,0.001700,16.834600,0,141,2,143
6605,0.017900,16.963700,0,141,2,143
6606,0.002700,16.485300,0,141,2,143
6607,0.003800,16.608000,0,141,2,143
6608,0.001500,16.602400,0,141,2,143
6609,0.002900,16.533900,0,141,2,143
6610,0.002000,17.275500,0,141,2,143
6611,0.505100,16.622700,1752,140,3,143
6612,0.001500,16.314200,0,140,3,143
6613,0.002000,16.624200,0,140,3,143
6614,0.001800,16.670500,0,140,3,143
6615,0.001400,16.423100,0,140,3,143
6616,0.002200,16.777800,0,140,3,143
6617,0.002400,16.941900,0,140,3,143
6618,0.001500,16.409200,0,140,3,143
6619,0.001400,16.637400,0,140,3,143
6620,0.002200,17.347400,0,140,3,143
6621,0.001500,16.075300,0,140,3,143
6622,0.001900,16.634900,0,140,3,143
6623,0.451900,16.986200,1752,139,4,143
6624,0.002100,16.616100,0,139,4,143
6625,0.001600,16.524200,0,139,4,143
6626,0.001700,16.629000,0,139,4,143
6627,0.001400,16.390700,0,139,4,143
6628,0.001200,16.802200,0,139,4,143
6629,0.001300,16.687700,0,139,4,143
6630,0.002600,16.841700,0,139,4,143
6631,0.002500,16.705200,0,139,4,143
6632,0.001300,16.432500,0,139,4,143
6633,0.371300,16.496900,1782,143,0,143
6634,0.001700,16.912700,0,143,0,143
6635,0.361000,16.620400,1758,143,0,143
6636,0.002700,16.768300,0,143,0,143
6637,0.001600,16.624800,0,143,0,143
6638,0.001700,16.582000,0,143,0,143
6639,0.001800,16.557300,0,143,0,143
6640,0.001400,16.781400,0,143,0,143
6641,0.001500,16.792900,0,143,0,143
6642,0.002100,16.656000,0,143,0,143
6643,0.002400,16.962700,0,143,0,143
6644,0.001900,16.640100,0,143,0,143
6645,0.001600,16.326000,0,143,0,143
6646,0.001400,16.766600,0,143,0,143
6647,0.410700,16.926300,1758,142,1,143
6648,0.001400,16.415000,0,142,1,143
6649,0.002500,16.871300,0,142,1,143
6650,0.001500,16.502500,0,142,1,143
6651,0.019900,18.783300,0,142,1,143
6652,0.001600,14.622500,0,142,1,143
6653,0.001600,16.542000,0,142,1,143
6654,0.001400,16.802800,0,142,1,143
6655,0.001300,16.773400,0,142,1,143
6656,0.002500,16.669300,0,142,1,143
6657,0.001500,16.732400,0,142,1,143
6658,0.012800,17.075000,0,142,1,143
6659,0.880100,17.536900,1758,141,2,143
6660,0.001400,16.562700,0,141,2,143
6661,0.001600,15.872300,0,141,2,143
6662,0.002200,17.487200,0,141,2,143
6663,0.002900,16.023700,0,141,2,143
6664,0.002100,16.534600,0,141,2,143
6665,0.001500,16.782000,0,141,2,143
6666,0.001300,16.495900,0,141,2,143
6667,0.001800,17.006800,0,141,2,143
6668,0.002200,16.614200,0,141,2,143
6669,0.003100,16.767100,0,141,2,143
6670,0.003500,18.217600,0,141,2,143
6671,0.615900,15.055400,1758,140,3,143
6672,0.001700,16.396600,0,140,3,143
6673,0.010300,16.531300,0,140,3,143
6674,0.003100,16.809500,0,140,3,143
6675,0.002100,16.549700,0,140,3,143
6676,0.002500,16.850700,0,140,3,143
6677,0.002300,16.432600,0,140,3,143
6678,0.001500,16.743100,0,140,3,143
6679,0.012800,18.125700,0,140,3,143
6680,0.001300,15.436500,0,140,3,143
6681,0.001500,16.213500,0,140,3,143
6682,0.003200,17.259300,0,140,3,143
6683,0.391900,16.234400,1758,139,4,143
6684,0.002000,16.749700,0,139,4,143
6685,0.002700,16.660500,0,139,4,143
6686,0.001500,16.585200,0,139,4,143
6687,0.001600,16.556000,0,139,4,143
6688,0.003100,17.197800,0,139,4,143
6689,0.001600,16.369400,0,139,4,143
6690,0.001200,16.637600,0,139,4,143
6691,0.002200,16.669800,0,139,4,143
6692,0.001900,16.785600,0,139,4,143
6693,0.003600,16.702800,0,139,4,143
6694,0.002200,16.891700,0,139,4,143
6695,0.484100,16.546600,1758,138,5,143
6696,0.327500,16.390700,1782,143,0,143
6697,0.001500,16.603300,0,143,0,143
6698,0.013400,17.784800,0,143,0,143
6699,0.002200,15.457800,0,143,0,143
6700,0.001500,16.745800,0,143,0,143
6701,0.001700,17.267500,0,143,0,143
6702,0.001500,16.122400,0,143,0,143
6703,0.014600,17.893200,0,143,0,143
6704,0.002000,15.513200,0,143,0,143
6705,0.001600,16.416700,0,143,0,143
6706,0.001500,17.382800,0,143,0,143
6707,0.680300,17.197800,1764,143,0,143
6708,0.003300,16.173100,0,143,0,143
6709,0.001900,16.302800,0,143,0,143
6710,0.001200,16.684000,0,143,0,143
6711,0.002300,18.642700,0,143,0,143
6712,0.001600,14.581500,0,143,0,143
6713,0.001200,16.805000,0,143,0,143
6714,0.002600,16.710100,0,143,0,143
6715,0.001500,16.574700,0,143,0,143
6716,0.001300,16.662000,0,143,0,143
6717,0.001500,16.437500,0,143,0,143
6718,0.001300,16.860100,0,143,0,143
6719,0.676800,16.870900,1764,142,1,143
6720,0.002600,16.916800,0,142,1,143
6721,0.002400,16.686500,0,142,1,143
6722,0.001300,16.385300,0,142,1,143
6723,0.002000,16.551500,0,142,1,143
6724,0.001800,16.623200,0,142,1,143
6725,0.002000,16.719800,0,142,1,143
6726,0.001200,16.560500,0,142,1,143
6727,0.001400,16.865200,0,142,1,143
6728,0.001800,16.694900,0,142,1,143
6729,0.002000,16.523400,0,142,1,143
6730,0.001300,16.718500,0,142,1,143
6731,0.320500,16.731100,1764,141,2,143
6732,0.001900,16.514700,0,141,2,143
6733,0.002500,17.202700,0,141,2,143
6734,0.001800,16.553200,0,141,2,143
6735,0.001800,16.300700,0,141,2,143
6736,0.001300,16.811100,0,141,2,143
6737,0.003800,16.875800,0,141,2,143
6738,0.002000,16.548100,0,141,2,143
6739,0.001800,16.649000,0,141,2,143
6740,0.002500,17.058400,0,141,2,143
6741,0.001900,16.150600,0,141,2,143
6742,0.001400,16.858400,0,141,2,143
6743,0.487000,17.179900,1764,140,3,143
6744,0.003100,16.212000,0,140,3,143
6745,0.001500,16.649300,0,140,3,143
6746,0.001200,16.546100,0,140,3,143
6747,0.001600,16.781600,0,140,3,143
6748,0.001900,16.873800,0,140,3,143
6749,0.001300,16.341600,0,140,3,143
6750,0.001500,16.712600,0,140,3,143
6751,0.001300,16.591900,0,140,3,143
6752,0.002100,16.924900,0,140,3,143
6753,0.002400,16.406800,0,140,3,143
6754,0.001500,16.688100,0,140,3,143
6755,0.342200,16.695600,1764,139,4,143
6756,0.002300,16.897500,0,139,4,143
6757,0.001500,16.516700,0,139,4,143
6758,0.001700,17.029300,0,139,4,143
6759,0.001800,16.038000,0,139,4,143
6760,0.001400,16.818800,0,139,4,143
6761,0.001900,16.809800,0,139,4,143
6762,0.008500,16.769700,0,139,4,143
6763,0.001900,16.549500,0,139,4,143
6764,0.001600,16.748300,0,139,4,143
6765,0.318900,16.319400,1782,143,0,143
6766,0.001900,16.897300,0,143,0,143
6767,0.350700,16.588400,1770,143,0,143
6768,0.003400,16.811300,0,143,0,143
6769,0.001500,16.502900,0,143,0,143
6770,0.001300,16.689900,0,143,0,143
6771,0.001500,16.512100,0,143,0,143
6772,0.001600,16.908000,0,143,0,143
6773,0.001800,16.816500,0,143,0,143
6774,0.002000,16.652300,0,143,0,143
6775,0.001400,16.446200,0,143,0,143
6776,0.001900,16.664600,0,143,0,143
6777,0.001400,16.520300,0,143,0,143
6778,0.001900,16.807800,0,143,0,143
6779,0.346100,16.900500,1770,142,1,143
6780,0.001700,16.822800,0,142,1,143
6781,0.001500,16.443800,0,142,1,143
6782,0.002600,16.879900,0,142,1,143
6783,0.001800,16.175100,0,142,1,143
6784,0.001700,17.014200,0,142,1,143
6785,0.003800,16.675300,0,142,1,143
6786,0.002100,16.806300,0,142,1,143
6787,0.001600,16.875200,0,142,1,143
6788,0.002400,16.160700,0,142,1,143
6789,0.001600,16.486700,0,142,1,143
6790,0.001500,16.833100,0,142,1,143
6791,0.354400,16.737500,1770,141,2,143
6792,0.002200,16.752700,0,141,2,143
6793,0.001500,16.601100,0,141,2,143
6794,0.001500,16.638000,0,141,2,143
6795,0.001700,16.418600,0,141,2,143
6796,0.001300,16.874200,0,141,2,143
6797,0.002300,16.654900,0,141,2,143
6798,0.001700,16.733000,0,141,2,143
6799,0.001600,16.659200,0,141,2,143
6800,0.002700,17.503400,0,141,2,143
6801,0.001700,15.624200,0,141,2,143
6802,0.001600,16.830700,0,141,2,143
6803,0.351000,16.655200,1770,140,3,143
6804,0.002200,16.866000,0,140,3,143
6805,0.002400,16.862100,0,140,3,143
6806,0.001600,16.440000,0,140,3,143
6807,0.001800,16.388400,0,140,3,143
6808,0.001600,16.872300,0,140,3,143
6809,0.001900,16.768900,0,140,3,143
6810,0.001400,16.490100,0,140,3,143
6811,0.002700,17.159700,0,140,3,143
6812,0.004000,17.582700,0,140,3,143
6813,0.001900,15.142200,0,140,3,143
6814,0.001300,16.724200,0,140,3,143
6815,0.371600,16.718600,1770,139,4,143
6816,0.001900,16.753100,0,139,4,143
6817,0.001400,16.613000,0,139,4,143
6818,0.001400,16.652600,0,139,4,143
6819,0.002400,16.580900,0,139,4,143
6820,0.001900,16.785400,0,139,4,143
6821,0.001900,16.891800,0,139,4,143
6822,0.002900,16.594800,0,139,4,143
6823,0.002000,16.435000,0,139,4,143
6824,0.001600,16.763800,0,139,4,143
6825,0.002200,16.715100,0,139,4,143
6826,0.001600,16.574300,0,139,4,143
6827,0.348000,16.639500,1770,138,5,143
6828,0.001400,16.725800,0,138,5,143
6829,0.001400,16.663100,0,138,5,143
6830,0.002200,16.646200,0,138,5,143
6831,0.001500,16.468600,0,138,5,143
6832,0.002500,16.925300,0,138,5,143
6833,0.001500,16.666200,0,138,5,143
6834,0.001800,16.585200,0,138,5,143
6835,0.002100,16.658800,0,138,5,143
6836,0.001300,16.781400,0,138,5,143
6837,0.002700,16.582500,0,138,5,143
6838,0.002100,16.846400,0,138,5,143
6839,0.383300,16.529600,1770,137,6,143
6840,0.001400,16.774100,0,137,6,143
6841,0.001200,16.448600,0,137,6,143
6842,0.001400,16.691100,0,137,6,143
6843,0.001400,16.508700,0,137,6,143
6844,0.001400,16.860200,0,137,6,143
6845,0.002300,16.867700,0,137,6,143
6846,0.002000,16.622000,0,137,6,143
6847,0.001500,16.479200,0,137,6,143
6848,0.001300,16.643800,0,137,6,143
6849,0.001400,16.530000,0,137,6,143
6850,0.468200,16.988000,1848,143,0,143
6851,0.388900,16.727100,1782,143,0,143
6852,0.003400,16.761100,0,143,0,143
6853,0.001300,16.454900,0,143,0,143
6854,0.001400,16.632000,0,143,0,143
6855,0.001500,16.416800,0,143,0,143
6856,0.001200,16.819700,0,143,0,143
6857,0.001900,16.707700,0,143,0,143
6858,0.001600,16.711200,0,143,0,143
6859,0.002000,16.595400,0,143,0,143
6860,0.002000,17.244700,0,143,0,143
6861,0.002300,16.073900,0,143,0,143
6862,0.001400,17.126100,0,143,0,143
6863,0.345500,16.360300,1782,142,1,143
6864,0.001600,16.989100,0,142,1,143
6865,0.001800,16.652500,0,142,1,143
6866,0.001600,16.442300,0,142,1,143
6867,0.001200,16.423100,0,142,1,143
6868,0.001300,16.845200,0,142,1,143
6869,0.001200,16.611100,0,142,1,143
6870,0.001800,16.669800,0,142,1,143
6871,0.001400,16.813500,0,142,1,143
6872,0.002400,16.567300,0,142,1,143
6873,0.002200,16.617900,0,142,1,143
6874,0.001600,16.758900,0,142,1,143
6875,0.443500,16.697300,1782,141,2,143
6876,0.001800,16.573000,0,141,2,143
6877,0.001900,16.929400,0,141,2,143
6878,0.003600,16.773900,0,141,2,143
6879,0.001900,17.342700,0,141,2,143
6880,0.001500,15.909000,0,141,2,143
6881,0.002100,16.828200,0,141,2,143
6882,0.001300,16.528800,0,141,2,143
6883,0.003000,16.751200,0,141,2,143
6884,0.002900,16.681100,0,141,2,143
6885,0.002900,16.525500,0,141,2,143
6886,0.002400,16.756900,0,141,2,143
6887,0.554600,16.892200,1782,140,3,143
6888,0.002600,16.457100,0,140,3,143
6889,0.001500,16.541800,0,140,3,143
6890,0.004100,16.775900,0,140,3,143
6891,0.006800,18.790500,0,140,3,143
6892,0.003900,17.853800,0,140,3,143
6893,0.001700,13.919200,0,140,3,143
6894,0.002600,17.845400,0,140,3,143
6895,0.001800,15.617500,0,140,3,143
6896,0.002600,16.678400,0,140,3,143
6897,0.002200,16.421500,0,140,3,143
6898,0.004200,17.976400,0,140,3,143
6899,0.523700,15.905300,1782,139,4,143
6900,0.002800,18.206100,0,139,4,143
6901,0.002400,16.587600,0,139,4,143
6902,0.003600,15.500800,0,139,4,143
6903,0.002600,16.085900,0,139,4,143
6904,0.001700,16.914000,0,139,4,143
6905,0.002300,16.598000,0,139,4,143
6906,0.002300,17.103400,0,139,4,143
6907,0.002400,16.888000,0,139,4,143
6908,0.001600,16.500400,0,139,4,143
6909,0.002100,16.992300,0,139,4,143
6910,0.022900,17.624300,0,139,4,143
6911,0.525200,20.377700,1782,138,5,143
6912,0.002700,12.746000,0,138,5,143
6913,0.003400,16.403500,0,138,5,143
6914,0.003100,16.582300,0,138,5,143
6915,0.002000,18.570700,0,138,5,143
6916,0.005000,14.754300,0,138,5,143
6917,0.003100,16.626600,0,138,5,143
6918,0.002700,16.667500,0,138,5,143
6919,0.001800,16.389500,0,138,5,143
6920,0.004000,19.176700,0,138,5,143
6921,0.001300,14.064700,0,138,5,143
6922,0.001400,16.558000,0,138,5,143
6923,0.465700,16.983300,1782,137,6,143
6924,0.004200,17.078200,0,137,6,143
6925,0.004000,17.015600,0,137,6,143
6926,0.001400,16.030500,0,137,6,143
6927,0.002400,16.887600,0,137,6,143
6928,0.001800,16.458500,0,137,6,143
6929,0.001700,17.775500,0,137,6,143
6930,0.002700,15.704800,0,137,6,143
6931,0.001400,16.514100,0,137,6,143
6932,0.001500,16.661600,0,137,6,143
6933,0.001400,16.668000,0,137,6,143
6934,0.003200,16.695200,0,137,6,143
6935,0.366300,16.759800,1782,136,7,143
6936,0.002300,16.637400,0,136,7,143
6937,0.001500,16.576900,0,136,7,143
6938,0.001500,17.116500,0,136,7,143
6939,0.002200,16.751100,0,136,7,143
6940,0.001600,16.139900,0,136,7,143
6941,0.001500,16.911200,0,136,7,143
6942,0.001500,16.732100,0,136,7,143
6943,0.001800,16.514900,0,136,7,143
6944,0.001800,16.712300,0,136,7,143
6945,0.002600,16.988500,0,136,7,143
6946,0.001400,16.151400,0,136,7,143
6947,0.351600,16.856600,1782,135,8,143
6948,0.001900,16.635200,0,135,8,143
6949,0.001500,16.665300,0,135,8,143
6950,0.001600,16.812900,0,135,8,143
6951,0.003300,20.011700,0,135,8,143
6952,0.003600,13.214200,0,135,8,143
6953,0.001600,16.673900,0,135,8,143
6954,0.003000,16.824000,0,135,8,143
6955,0.002900,16.881100,0,135,8,143
6956,0.001600,16.314400,0,135,8,143
6957,0.001800,16.730000,0,135,8,143
6958,0.001600,16.438500,0,135,8,143
6959,0.539400,17.054900,1782,134,9,143
6960,0.002900,17.544300,0,134,9,143
6961,0.001400,15.704600,0,134,9,143
6962,0.003200,17.168900,0,134,9,143
6963,0.002900,16.485900,0,134,9,143
6964,0.003300,16.592700,0,134,9,143
6965,0.004000,18.617400,0,134,9,143
6966,0.002900,15.335700,0,134,9,143
6967,0.002700,15.997100,0,134,9,143
6968,0.002700,16.424800,0,134,9,143
6969,0.003800,17.152100,0,134,9,143
6970,0.002500,16.418800,0,134,9,143
6971,0.353600,16.559200,1782,133,10,143
6972,0.002700,17.029600,0,133,10,143
6973,0.001500,16.417100,0,133,10,143
6974,0.002700,17.033000,0,133,10,143
6975,0.002000,16.424000,0,133,10,143
6976,0.002100,16.835800,0,133,10,143
6977,0.001500,16.443500,0,133,10,143
6978,0.001400,17.556300,0,133,10,143
6979,0.002000,16.080000,0,133,10,143
6980,0.001300,16.967000,0,133,10,143
6981,0.001800,16.319100,0,133,10,143
6982,0.001700,16.484400,0,133,10,143
6983,0.349300,16.909200,1782,132,11,143
6984,0.001400,16.607000,0,132,11,143
6985,0.001700,16.734700,0,132,11,143
6986,0.002100,16.719800,0,132,11,143
6987,0.002600,16.766800,0,132,11,143
6988,0.002300,17.270200,0,132,11,143
6989,0.004100,17.275100,0,132,11,143
6990,0.002000,16.213100,0,132,11,143
6991,0.002200,16.313500,0,132,11,143
6992,0.002600,16.542400,0,132,11,143
6993,0.001400,16.578500,0,132,11,143
6994,0.003500,16.825200,0,132,11,143
6995,0.672600,16.789700,1782,132,11,143
6996,0.001900,16.371300,0,132,11,143
6997,0.002600,16.971200,0,132,11,143
6998,0.003000,17.547500,0,132,11,143
6999,0.003400,16.087600,0,132,11,143
7000,0.001500,15.901300,0,132,11,143
7001,0.003000,25.371900,0,132,11,143
7002,0.002000,8.404800,0,132,11,143
7003,0.003400,17.712100,0,132,11,143
7004,0.003800,15.697300,0,132,11,143
7005,0.002700,16.572200,0,132,11,143
7006,0.001800,16.374500,0,132,11,143
7007,0.540100,16.913900,1782,132,11,143
7008,0.001600,17.196200,0,132,11,143
7009,0.001900,16.005400,0,132,11,143
7010,0.001300,16.505500,0,132,11,143
7011,0.002400,17.051300,0,132,11,143
7012,0.002200,16.301800,0,132,11,143
7013,0.001800,16.685600,0,132,11,143
7014,0.002600,16.657900,0,132,11,143
7015,0.002200,16.745700,0,132,11,143
7016,0.001500,16.610500,0,132,11,143
7017,0.002900,16.946600,0,132,11,143
7018,0.002700,16.402800,0,132,11,143
7019,0.591900,17.271700,1782,132,11,143
7020,0.001400,16.135600,0,132,11,143
7021,0.003200,16.926600,0,132,11,143
7022,0.001300,16.465500,0,132,11,143
7023,0.002000,16.490700,0,132,11,143
7024,0.001900,16.594500,0,132,11,143
7025,0.001700,16.789900,0,132,11,143
7026,0.002200,16.642600,0,132,11,143
7027,0.002300,16.679800,0,132,11,143
7028,0.002000,16.646900,0,132,11,143
7029,0.001400,16.703800,0,132,11,143
7030,0.001400,16.511700,0,132,11,143
7031,0.338700,17.117800,1782,132,11,143
7032,0.002200,16.923800,0,132,11,143
7033,0.001400,16.399400,0,132,11,143
7034,0.001900,16.683800,0,132,11,143
7035,0.001500,16.741200,0,132,11,143
7036,0.001500,16.448500,0,132,11,143
7037,0.001500,16.853300,0,132,11,143
7038,0.001400,16.607200,0,132,11,143
7039,0.001500,16.716000,0,132,11,143
7040,0.002400,16.880500,0,132,11,143
7041,0.001900,16.655600,0,132,11,143
7042,0.001700,16.288500,0,132,11,143
7043,0.334100,16.818000,1782,132,11,143
7044,0.001200,16.854300,0,132,11,143
7045,0.002800,17.242000,0,132,11,143
7046,0.001400,16.145000,0,132,11,143
7047,0.001400,16.781400,0,132,11,143
7048,0.001400,16.398500,0,132,11,143
7049,0.002200,16.996400,0,132,11,143
7050,0.001700,16.557800,0,132,11,143
7051,0.001400,16.845800,0,132,11,143
7052,0.002500,17.026700,0,132,11,143
7053,0.003300,16.450400,0,132,11,143
7054,0.001800,16.201500,0,132,11,143
7055,0.461600,17.018700,1782,132,11,143
7056,0.001600,16.445100,0,132,11,143
7057,0.001300,16.649500,0,132,11,143
7058,0.001200,16.674200,0,132,11,143
7059,0.001600,16.671200,0,132,11,143
7060,0.001800,16.592800,0,132,11,143
7061,0.001900,16.766800,0,132,11,143
7062,0.001800,16.735300,0,132,11,143
7063,0.001900,16.555300,0,132,11,143
7064,0.001300,16.799200,0,132,11,143
7065,0.001500,16.560800,0,132,11,143
7066,0.002600,16.659700,0,132,11,143
7067,0.324600,16.759400,1782,132,11,143
7068,0.001500,16.750300,0,132,11,143
7069,0.002000,16.713400,0,132,11,143
7070,0.004700,16.753200,0,132,11,143
7071,0.001300,16.420000,0,132,11,143
7072,0.001800,16.449900,0,132,11,143
7073,0.001500,16.858300,0,132,11,143
7074,0.001600,16.715700,0,132,11,143
7075,0.001500,16.580700,0,132,11,143
7076,0.001200,16.670300,0,132,11,143
7077,0.001400,16.821600,0,132,11,143
7078,0.001600,16.387300,0,132,11,143
7079,0.814000,17.483500,1782,132,11,143
7080,0.001300,16.146400,0,132,11,143
7081,0.001500,16.687900,0,132,11,143
7082,0.001900,16.558200,0,132,11,143
7083,0.002600,17.083800,0,132,11,143
7084,0.003000,17.026600,0,132,11,143
7085,0.002000,16.082700,0,132,11,143
7086,0.003500,17.307000,0,132,11,143
7087,0.002400,16.499000,0,132,11,143
7088,0.001300,16.488300,0,132,11,143
7089,0.003200,16.918200,0,132,11,143
7090,0.002700,16.477500,0,132,11,143
7091,0.486600,16.408700,1782,132,11,143
7092,0.001500,16.761700,0,132,11,143
7093,0.003000,17.019600,0,132,11,143
7094,0.001800,16.932600,0,132,11,143
7095,0.001900,16.076000,0,132,11,143
7096,0.002200,16.966100,0,132,11,143
7097,0.001500,16.243100,0,132,11,143
7098,0.001600,16.969100,0,132,11,143
7099,0.001600,16.639400,0,132,11,143
7100,0.003800,17.295700,0,132,11,143
7101,0.001700,15.923300,0,132,11,143
7102,0.001700,16.660100,0,132,11,143
7103,0.378000,16.506900,1782,132,11,143
7104,0.001900,16.837600,0,132,11,143
7105,0.002800,17.506200,0,132,11,143
7106,0.002200,16.327400,0,132,11,143
7107,0.001300,16.151400,0,132,11,143
7108,0.001500,16.641100,0,132,11,143
7109,0.001400,16.613800,0,132,11,143
7110,0.002600,16.863800,0,132,11,143
7111,0.001700,16.580100,0,132,11,143
7112,0.001600,16.707600,0,132,11,143
7113,0.002300,16.764000,0,132,11,143
7114,0.001400,16.585400,0,132,11,143
7115,0.626700,16.713000,1782,132,11,143
7116,0.001800,16.576600,0,132,11,143
7117,0.001400,16.664800,0,132,11,143
7118,0.002900,16.864600,0,132,11,143
7119,0.002300,16.748200,0,132,11,143
7120,0.001600,16.536800,0,132,11,143
7121,0.001800,16.368000,0,132,11,143
7122,0.002000,16.931300,0,132,11,143
7123,0.003800,16.663300,0,132,11,143
7124,0.002100,16.475500,0,132,11,143
7125,0.001300,16.874000,0,132,11,143
7126,0.002000,16.525600,0,132,11,143
7127,0.349200,16.476500,1782,132,11,143
7128,0.001400,16.854900,0,132,11,143
7129,0.002400,16.672600,0,132,11,143
7130,0.001500,16.918800,0,132,11,143
7131,0.002900,17.847800,0,132,11,143
7132,0.004100,19.367800,0,132,11,143
7133,0.003100,13.764000,0,132,11,143
7134,0.002100,18.455400,0,132,11,143
7135,0.002700,15.262500,0,132,11,143
7136,0.001500,16.278900,0,132,11,143
7137,0.001600,16.735700,0,132,11,143
7138,1.172600,17.287100,1782,132,11,143
7139,0.003800,17.821300,0,132,11,143
7140,0.002600,17.743800,0,132,11,143
7141,0.016700,19.396600,0,132,11,143
7142,0.015300,15.782600,0,132,11,143
7143,0.003200,15.884500,0,132,11,143
7144,0.007600,24.309600,0,132,11,143
7145,0.011000,16.162900,0,132,11,143
7146,0.002600,18.041200,0,132,11,143
7147,0.002500,14.812900,0,132,11,143
7148,0.005200,17.872100,0,132,11,143
7149,0.004100,18.976300,0,132,11,143
7150,0.808200,15.677400,1782,132,11,143
7151,0.003100,15.372300,0,132,11,143
7152,0.002300,18.233900,0,132,11,143
7153,0.002300,15.325400,0,132,11,143
7154,0.003500,18.673600,0,132,11,143
7155,0.003300,15.148200,0,132,11,143
7156,0.002000,17.387200,0,132,11,143
7157,0.002100,18.024100,0,132,11,143
7158,0.002200,17.401800,0,132,11,143
7159,0.002300,14.989200,0,132,11,143
7160,0.002900,17.399900,0,132,11,143
7161,0.002300,15.476200,0,132,11,143
7162,1.743300,22.128000,1782,132,11,143
7163,0.002200,13.396700,0,132,11,143
7164,0.003700,14.848300,0,132,11,143
7165,0.004700,18.024800,0,132,11,143
7166,0.004500,16.438600,0,132,11,143
7167,0.002500,16.108800,0,132,11,143
7168,0.003200,17.517900,0,132,11,143
7169,0.028200,16.977500,0,132,11,143
7170,0.002500,16.733800,0,132,11,143
7171,0.003100,19.536800,0,132,11,143
7172,0.002900,14.824700,0,132,11,143
7173,0.002000,16.232800,0,132,11,143
7174,0.738900,16.638400,1782,132,11,143
7175,0.002300,18.513300,0,132,11,143
7176,0.003400,15.602900,0,132,11,143
7177,0.016800,18.041900,0,132,11,143
7178,0.003000,14.625700,0,132,11,143
7179,0.003400,17.179600,0,132,11,143
7180,0.004600,15.641700,0,132,11,143
7181,0.001900,21.272800,0,132,11,143
7182,0.002700,12.788200,0,132,11,143
7183,0.003000,16.426400,0,132,11,143
7184,0.002900,16.703800,0,132,11,143
7185,0.002600,16.931200,0,132,11,143
7186,0.585500,16.375700,1782,132,11,143
7187,0.003300,16.915000,0,132,11,143
7188,0.001900,16.687800,0,132,11,143
7189,0.001800,16.285400,0,132,11,143
7190,0.003100,17.390300,0,132,11,143
7191,0.002600,16.052700,0,132,11,143
7192,0.003900,16.327500,0,132,11,143
7193,0.003200,17.263500,0,132,11,143
7194,0.002500,17.290200,0,132,11,143
7195,0.003900,18.444500,0,132,11,143
7196,0.002700,14.116500,0,132,11,143
7197,0.001700,16.435500,0,132,11,143
7198,0.539300,16.574400,1782,132,11,143
7199,0.003700,16.861400,0,132,11,143
7200,0.003900,16.792700,0,132,11,143
7201,0.002300,16.416700,0,132,11,143
7202,0.002300,16.785000,0,132,11,143
7203,0.002600,19.412900,0,132,11,143
7204,0.002300,13.736100,0,132,11,143
7205,0.003400,16.964500,0,132,11,143
7206,0.005600,17.162600,0,132,11,143
7207,0.001800,16.228400,0,132,11,143
7208,0.003800,16.722900,0,132,11,143
7209,0.621000,18.346400,1782,132,11,143
7210,0.003000,14.724000,0,132,11,143
7211,0.002700,16.636800,0,132,11,143
7212,0.002400,17.568200,0,132,11,143
7213,0.003300,16.289000,0,132,11,143
7214,0.003600,16.324700,0,132,11,143
7215,0.002700,16.865900,0,132,11,143
7216,0.003200,16.606000,0,132,11,143
7217,0.003700,16.647100,0,132,11,143
7218,0.003300,16.608700,0,132,11,143
7219,0.003700,16.862200,0,132,11,143
7220,0.002000,16.831600,0,132,11,143
7221,0.003200,16.160900,0,132,11,143
7222,0.566800,16.417600,1782,132,11,143
7223,0.003500,17.299800,0,132,11,143
7224,0.002400,16.467000,0,132,11,143
7225,0.003200,16.972000,0,132,11,143
7226,0.002600,17.169600,0,132,11,143
7227,0.003900,16.897200,0,132,11,143
7228,0.002800,15.479600,0,132,11,143
7229,0.003400,17.093000,0,132,11,143
7230,0.002400,16.661000,0,132,11,143
7231,0.002200,16.554400,0,132,11,143
7232,0.002400,18.368400,0,132,11,143
7233,0.604600,16.084900,1782,132,11,143
7234,0.002500,15.372800,0,132,11,143
7235,0.557400,17.068800,1716,143,0,143
7236,0.002600,16.578600,0,143,0,143
7237,0.002000,16.676500,0,143,0,143
7238,0.002700,16.800100,0,143,0,143
7239,0.002900,16.633600,0,143,0,143
7240,0.002500,16.544500,0,143,0,143
7241,0.002400,16.758300,0,143,0,143
7242,0.002400,17.396900,0,143,0,143
7243,0.003800,16.586100,0,143,0,143
7244,0.003000,16.207500,0,143,0,143
7245,0.002900,16.920300,0,143,0,143
7246,0.655600,16.099100,1770,143,0,143
7247,0.004600,17.327200,0,143,0,143
7248,0.002000,16.581300,0,143,0,143
7249,0.002900,16.458000,0,143,0,143
7250,0.002800,16.559500,0,143,0,143
7251,0.001800,16.772600,0,143,0,143
7252,0.004500,16.761900,0,143,0,143
7253,0.003300,16.736200,0,143,0,143
7254,0.004100,17.517100,0,143,0,143
7255,0.003500,20.780200,0,143,0,143
7256,0.003300,13.347700,0,143,0,143
7257,2.654200,18.837400,1770,142,1,143
7258,0.005400,13.552400,0,142,1,143
7259,0.002700,17.858200,0,142,1,143
7260,0.003300,15.719600,0,142,1,143
7261,0.004700,16.937900,0,142,1,143
7262,0.001600,16.397200,0,142,1,143
7263,0.002600,16.842300,0,142,1,143
7264,0.002600,16.369800,0,142,1,143
7265,0.002900,17.175700,0,142,1,143
7266,0.001300,16.907100,0,142,1,143
7267,0.017500,18.820400,0,142,1,143
7268,0.001800,14.656900,0,142,1,143
7269,0.470400,16.601900,1770,141,2,143
7270,0.001300,16.501700,0,141,2,143
7271,0.021600,17.021800,0,141,2,143
7272,0.001500,16.442300,0,141,2,143
7273,0.002000,19.076400,0,141,2,143
7274,0.002200,14.445100,0,141,2,143
7275,0.020000,17.431700,0,141,2,143
7276,0.002100,16.016900,0,141,2,143
7277,0.013400,16.241200,0,141,2,143
7278,0.001600,16.744500,0,141,2,143
7279,0.002000,16.841100,0,141,2,143
7280,0.001800,16.854400,0,141,2,143
7281,1.822500,17.260500,1770,140,3,143
7282,0.001200,15.699700,0,140,3,143
7283,0.002400,18.402700,0,140,3,143
7284,0.001700,14.875500,0,140,3,143
7285,0.003000,19.017400,0,140,3,143
7286,0.002600,14.798700,0,140,3,143
7287,0.003000,18.963500,0,140,3,143
7288,0.002600,14.092900,0,140,3,143
7289,0.007700,16.772000,0,140,3,143
7290,0.001200,16.567500,0,140,3,143
7291,0.020600,18.444500,0,140,3,143
7292,0.001500,15.023900,0,140,3,143
7293,1.130000,16.645800,1770,139,4,143
7294,0.004500,16.607800,0,139,4,143
7295,0.020400,17.036200,0,139,4,143
7296,0.003200,16.042200,0,139,4,143
7297,0.023300,18.657400,0,139,4,143
7298,0.001600,14.822600,0,139,4,143
7299,0.002300,16.862900,0,139,4,143
7300,0.008300,16.874900,0,139,4,143
7301,0.034100,17.692900,0,139,4,143
7302,0.001900,15.540300,0,139,4,143
7303,0.003100,16.557800,0,139,4,143
7304,0.003000,16.518000,0,139,4,143
7305,0.549700,18.597800,1770,138,5,143
7306,0.001200,14.580500,0,138,5,143
7307,0.002400,18.679000,0,138,5,143
7308,0.001400,14.648000,0,138,5,143
7309,0.002900,18.943300,0,138,5,143
7310,0.002100,14.558900,0,138,5,143
7311,0.002800,16.649900,0,138,5,143
7312,0.002600,16.580100,0,138,5,143
7313,0.002700,16.805900,0,138,5,143
7314,0.002900,17.030900,0,138,5,143
7315,0.004400,17.295900,0,138,5,143
7316,0.002600,17.284700,0,138,5,143
7317,0.520800,15.291100,1770,137,6,143
7318,0.002000,17.992200,0,137,6,143
7319,0.003500,17.045400,0,137,6,143
7320,0.958200,17.326300,1716,143,0,143
7321,0.003400,14.493000,0,143,0,143
7322,0.002500,16.631200,0,143,0,143
7323,0.002300,16.837700,0,143,0,143
7324,0.002700,18.049100,0,143,0,143
7325,0.020300,15.750400,0,143,0,143
7326,0.003700,16.806200,0,143,0,143
7327,0.002900,16.309800,0,143,0,143
7328,0.004300,18.510100,0,143,0,143
7329,0.581300,15.356700,1764,143,0,143
7330,0.001400,16.098200,0,143,0,143
7331,0.002900,18.350200,0,143,0,143
7332,0.001900,14.850000,0,143,0,143
7333,0.005100,17.197400,0,143,0,143
7334,0.002100,16.319500,0,143,0,143
7335,0.002600,18.324800,0,143,0,143
7336,0.003200,15.230300,0,143,0,143
7337,0.002200,18.111700,0,143,0,143
7338,0.002300,14.944800,0,143,0,143
7339,0.001700,19.030500,0,143,0,143
7340,0.002800,14.908500,0,143,0,143
7341,0.863500,18.496500,1764,142,1,143
7342,0.001800,14.325700,0,142,1,143
7343,0.002600,17.939100,0,142,1,143
7344,0.001800,15.527000,0,142,1,143
7345,0.002800,18.707600,0,142,1,143
7346,0.001700,14.470100,0,142,1,143
7347,0.002900,18.812300,0,142,1,143
7348,0.002000,14.592100,0,142,1,143
7349,0.002200,16.390500,0,142,1,143
7350,0.005800,17.441600,0,142,1,143
7351,0.003200,18.150200,0,142,1,143
7352,0.002300,15.610700,0,142,1,143
7353,0.675300,17.724300,1764,141,2,143
7354,0.001900,15.744200,0,141,2,143
7355,0.003800,17.837000,0,141,2,143
7356,0.002500,15.455400,0,141,2,143
7357,0.003300,18.193300,0,141,2,143
7358,0.002700,15.026700,0,141,2,143
7359,0.019000,18.103600,0,141,2,143
7360,0.003200,15.751900,0,141,2,143
7361,0.003600,19.127000,0,141,2,143
7362,0.002000,13.995400,0,141,2,143
7363,0.003200,17.359600,0,141,2,143
7364,0.003600,15.982700,0,141,2,143
7365,0.639500,18.005600,1764,140,3,143
7366,0.001600,15.272700,0,140,3,143
7367,0.002500,17.054500,0,140,3,143
7368,0.002800,16.494900,0,140,3,143
7369,0.002900,16.874300,0,140,3,143
7370,0.004100,17.026500,0,140,3,143
7371,0.002300,19.129700,0,140,3,143
7372,0.002400,14.328300,0,140,3,143
7373,0.002300,16.912600,0,140,3,143
7374,0.003200,15.917600,0,140,3,143
7375,0.002800,17.838300,0,140,3,143
7376,0.002800,16.217400,0,140,3,143
7377,0.762600,17.629500,1764,139,4,143
7378,0.002700,15.515200,0,139,4,143
7379,0.002300,16.423100,0,139,4,143
7380,0.003500,17.604600,0,139,4,143
7381,0.003100,16.754500,0,139,4,143
7382,0.002200,16.160700,0,139,4,143
7383,0.003400,17.801200,0,139,4,143
7384,0.002900,15.734500,0,139,4,143
7385,0.002400,19.024900,0,139,4,143
7386,0.002800,15.595600,0,139,4,143
7387,0.007900,17.684000,0,139,4,143
7388,0.017500,22.147100,0,139,4,143
7389,1.479000,15.202600,3318,142,1,143
7390,0.003700,16.657500,0,142,1,143
7391,0.002200,15.696400,0,142,1,143
7392,0.004100,16.067300,0,142,1,143
7393,0.003000,27.100500,0,142,1,143
7394,0.016300,17.211600,0,142,1,143
7395,0.016800,16.500200,0,142,1,143
7396,0.002800,14.935600,0,142,1,143
7397,0.003300,17.330800,0,142,1,143
7398,0.116000,18.088900,0,142,1,143
7399,0.003100,18.349300,0,142,1,143
7400,0.759600,16.113300,1758,142,1,143
7401,0.004300,15.432100,0,142,1,143
7402,0.003700,17.724000,0,142,1,143
7403,0.002600,15.918100,0,142,1,143
7404,0.003200,17.328200,0,142,1,143
7405,0.004500,18.295900,0,142,1,143
7406,0.001700,15.401300,0,142,1,143
7407,0.002300,15.367400,0,142,1,143
7408,0.003000,18.203400,0,142,1,143
7409,0.003900,17.192300,0,142,1,143
7410,0.002900,16.436100,0,142,1,143
7411,0.003100,20.621100,0,142,1,143
7412,1.169300,13.249200,1758,141,2,143
7413,0.003000,16.414000,0,141,2,143
7414,0.002600,16.815400,0,141,2,143
7415,0.003000,16.381900,0,141,2,143
7416,0.014800,17.193100,0,141,2,143
7417,0.001800,16.247600,0,141,2,143
7418,0.003200,19.742000,0,141,2,143
7419,0.002300,14.135000,0,141,2,143
7420,0.004700,21.413800,0,141,2,143
7421,0.002300,12.035900,0,141,2,143
7422,0.002800,17.666900,0,141,2,143
7423,0.003700,16.422600,0,141,2,143
7424,0.781700,16.208500,1758,140,3,143
7425,0.003600,16.457800,0,140,3,143
7426,0.004000,20.901300,0,140,3,143
7427,0.016600,18.526300,0,140,3,143
7428,0.003100,15.555100,0,140,3,143
7429,0.004500,16.217500,0,140,3,143
7430,0.004200,21.345100,0,140,3,143
7431,0.003900,17.721900,0,140,3,143
7432,0.003000,26.815100,0,140,3,143
7433,0.002800,6.217700,0,140,3,143
7434,0.003000,17.554900,0,140,3,143
7435,1.514800,17.376100,1758,139,4,143
7436,0.003000,15.041000,0,139,4,143
7437,0.002500,19.362000,0,139,4,143
7438,0.003400,14.449500,0,139,4,143
7439,0.002700,16.836900,0,139,4,143
7440,0.004700,19.681700,0,139,4,143
7441,0.002500,16.523500,0,139,4,143
7442,0.002600,15.653500,0,139,4,143
7443,0.002300,16.339400,0,139,4,143
7444,0.002400,16.948700,0,139,4,143
7445,0.003400,16.735100,0,139,4,143
7446,0.005200,18.321000,0,139,4,143
7447,0.902500,18.084300,1758,138,5,143
7448,0.002300,14.266200,0,138,5,143
7449,0.021700,16.825600,0,138,5,143
7450,0.002500,17.017900,0,138,5,143
7451,2.575300,19.702600,1716,143,0,143
7452,0.005000,16.007300,0,143,0,143
7453,0.003000,23.562200,0,143,0,143
7454,0.003200,9.170500,0,143,0,143
7455,0.004500,24.288800,0,143,0,143
7456,0.003300,8.367200,0,143,0,143
7457,0.015500,18.799200,0,143,0,143
7458,0.002400,16.018000,0,143,0,143
7459,0.764300,22.239800,1752,143,0,143
7460,0.002800,13.417100,0,143,0,143
7461,0.003300,19.015000,0,143,0,143
7462,0.004600,16.058300,0,143,0,143
7463,0.003600,27.367800,0,143,0,143
7464,0.002200,7.299200,0,143,0,143
7465,0.008500,50.797900,0,143,0,143
7466,0.002700,8.302700,0,143,0,143
7467,0.002700,11.087900,0,143,0,143
7468,0.004300,16.858100,0,143,0,143
7469,1.105000,20.727200,1752,142,1,143
7470,0.003500,11.818800,0,142,1,143
7471,0.002800,20.432700,0,142,1,143
7472,0.003600,13.669400,0,142,1,143
7473,0.002300,16.211700,0,142,1,143
7474,0.005300,19.481000,0,142,1,143
7475,0.002800,14.955600,0,142,1,143
7476,0.012200,16.303800,0,142,1,143
7477,0.008000,16.853900,0,142,1,143
7478,0.004100,17.533800,0,142,1,143
7479,0.004400,16.021400,0,142,1,143
7480,0.002800,16.419300,0,142,1,143
7481,0.003100,16.889100,0,142,1,143
7482,0.630600,16.350600,1752,141,2,143
7483,0.002800,16.886600,0,141,2,143
7484,0.002500,17.331400,0,141,2,143
7485,0.005800,18.339100,0,141,2,143
7486,0.002800,14.799300,0,141,2,143
7487,0.003800,17.581300,0,141,2,143
7488,0.003000,21.859400,0,141,2,143
7489,0.005300,11.156800,0,141,2,143
7490,0.002500,17.656700,0,141,2,143
7491,0.005000,15.657000,0,141,2,143
7492,0.004700,20.692300,0,141,2,143
7493,0.597500,12.619900,1752,140,3,143
7494,0.003500,16.503200,0,140,3,143
7495,0.004400,17.187000,0,140,3,143
7496,0.003600,16.639600,0,140,3,143
7497,0.004300,17.016900,0,140,3,143
7498,0.001900,16.753900,0,140,3,143
7499,0.003200,16.676100,0,140,3,143
7500,0.002100,16.013400,0,140,3,143
7501,0.003600,17.493900,0,140,3,143
7502,0.002600,16.094400,0,140,3,143
7503,0.002200,16.959200,0,140,3,143
7504,0.010900,17.206900,0,140,3,143
7505,0.681400,16.038800,1752,139,4,143
7506,0.004300,16.419600,0,139,4,143
7507,0.003500,18.999900,0,139,4,143
7508,0.003200,16.347800,0,139,4,143
7509,0.505100,15.105600,1716,143,0,143
7510,0.003000,17.813400,0,143,0,143
7511,0.002500,17.045100,0,143,0,143
7512,0.003600,15.505700,0,143,0,143
7513,0.002800,16.775800,0,143,0,143
7514,0.001900,16.830000,0,143,0,143
7515,0.020900,18.405000,0,143,0,143
7516,0.003800,15.469000,0,143,0,143
7517,0.710200,23.233800,1746,143,0,143
7518,0.002800,10.196300,0,143,0,143
7519,0.001900,16.306400,0,143,0,143
7520,0.007400,17.156000,0,143,0,143
7521,0.002600,25.121200,0,143,0,143
7522,0.002800,12.723000,0,143,0,143
7523,0.003600,18.888900,0,143,0,143
7524,0.003700,15.064700,0,143,0,143
7525,0.003400,18.573300,0,143,0,143
7526,0.002500,13.851500,0,143,0,143
7527,0.004500,17.889000,0,143,0,143
7528,0.004000,15.836100,0,143,0,143
7529,0.545600,19.223600,1746,142,1,143
7530,0.002400,16.317700,0,142,1,143
7531,0.012100,16.648500,0,142,1,143
7532,0.003200,16.740200,0,142,1,143
7533,0.001800,16.198800,0,142,1,143
7534,0.003500,17.034000,0,142,1,143
7535,0.003600,16.927000,0,142,1,143
7536,0.002800,16.475000,0,142,1,143
7537,0.003500,16.869400,0,142,1,143
7538,0.001700,16.269100,0,142,1,143
7539,0.005100,17.544700,0,142,1,143
7540,0.004200,17.555900,0,142,1,143
7541,0.665800,16.592900,1746,141,2,143
7542,0.003300,16.634400,0,141,2,143
7543,0.002100,15.142900,0,141,2,143
7544,0.002300,16.861000,0,141,2,143
7545,0.002900,16.431300,0,141,2,143
7546,0.003800,17.138200,0,141,2,143
7547,0.002800,16.411600,0,141,2,143
7548,0.003200,16.720200,0,141,2,143
7549,0.003200,16.504300,0,141,2,143
7550,0.002100,16.640000,0,141,2,143
7551,0.003800,16.627900,0,141,2,143
7552,0.002600,16.739200,0,141,2,143
7553,1.000900,16.653800,1746,140,3,143
7554,0.002700,16.762900,0,140,3,143
7555,0.003000,16.882000,0,140,3,143
7556,0.003000,16.447900,0,140,3,143
7557,0.004100,19.154500,0,140,3,143
7558,0.003400,15.922600,0,140,3,143
7559,0.003000,16.988000,0,140,3,143
7560,0.002700,16.817600,0,140,3,143
7561,0.002900,16.622100,0,140,3,143
7562,0.003400,16.910500,0,140,3,143
7563,0.003900,17.134600,0,140,3,143
7564,0.004300,16.439500,0,140,3,143
7565,0.693300,17.428400,1746,139,4,143
7566,0.001800,15.861300,0,139,4,143
7567,0.002800,16.847600,0,139,4,143
7568,0.006300,16.584800,0,139,4,143
7569,0.548200,16.542500,1716,143,0,143
7570,0.001800,16.389800,0,143,0,143
7571,0.004300,17.492600,0,143,0,143
7572,0.003000,16.886700,0,143,0,143
7573,0.002500,16.476100,0,143,0,143
7574,0.002300,16.397400,0,143,0,143
7575,0.002600,16.787100,0,143,0,143
7576,0.005500,16.910900,0,143,0,143
7577,0.626800,17.400000,1740,143,0,143
7578,0.003000,17.136900,0,143,0,143
7579,0.003000,15.417500,0,143,0,143
7580,0.004200,16.916900,0,143,0,143
7581,0.002600,16.796400,0,143,0,143
7582,0.004300,16.458200,0,143,0,143
7583,0.003000,16.927100,0,143,0,143
7584,0.003400,16.754800,0,143,0,143
7585,0.003200,16.929400,0,143,0,143
7586,0.002200,17.199500,0,143,0,143
7587,0.002800,16.606500,0,143,0,143
7588,0.002400,15.799700,0,143,0,143
7589,0.513400,16.415800,1740,142,1,143
7590,0.002500,17.041100,0,142,1,143
7591,0.002400,17.832700,0,142,1,143
7592,0.005400,17.463900,0,142,1,143
7593,0.004800,14.806800,0,142,1,143
7594,0.002500,16.886200,0,142,1,143
7595,0.003200,16.267600,0,142,1,143
7596,0.027500,17.832000,0,142,1,143
7597,0.004300,17.199900,0,142,1,143
7598,0.003400,14.855900,0,142,1,143
7599,0.001700,16.591200,0,142,1,143
7600,0.002500,16.484800,0,142,1,143
7601,0.532400,17.657200,1740,141,2,143
7602,0.002500,16.783700,0,141,2,143
7603,0.001700,16.789400,0,141,2,143
7604,0.003200,16.547200,0,141,2,143
7605,0.004800,18.271400,0,141,2,143
7606,0.003800,32.877700,0,141,2,143
7607,0.005700,11.067300,0,141,2,143
7608,0.003600,15.617900,0,141,2,143
7609,0.002500,16.240600,0,141,2,143
7610,0.006100,17.364200,0,141,2,143
7611,0.002500,15.312300,0,141,2,143
7612,0.740000,17.139500,1740,140,3,143
7613,0.001500,15.358900,0,140,3,143
7614,0.002400,17.035800,0,140,3,143
7615,0.002400,16.159800,0,140,3,143
7616,0.005100,17.705200,0,140,3,143
7617,0.004100,22.138500,0,140,3,143
7618,0.003800,15.426400,0,140,3,143
7619,0.002700,16.748600,0,140,3,143
7620,0.003500,15.716800,0,140,3,143
7621,0.003300,18.021200,0,140,3,143
7622,0.004600,16.511100,0,140,3,143
7623,0.005800,17.106300,0,140,3,143
7624,0.933300,21.210400,1740,139,4,143
7625,0.004200,12.875900,0,139,4,143
7626,0.003200,16.429200,0,139,4,143
7627,0.005100,16.844600,0,139,4,143
7628,0.002800,16.930400,0,139,4,143
7629,0.005300,16.426300,0,139,4,143
7630,0.005300,17.899200,0,139,4,143
7631,0.665700,18.062900,1716,143,0,143
7632,0.002900,14.134700,0,143,0,143
7633,0.003000,16.951500,0,143,0,143
7634,0.004900,16.622200,0,143,0,143
7635,0.004900,16.537000,0,143,0,143
7636,0.540600,17.400400,1734,143,0,143
7637,0.004400,16.351700,0,143,0,143
7638,0.003300,16.729200,0,143,0,143
7639,0.002700,17.224600,0,143,0,143
7640,0.003000,16.936800,0,143,0,143
7641,0.008100,15.402400,0,143,0,143
7642,0.003500,17.690500,0,143,0,143
7643,0.004000,16.174200,0,143,0,143
7644,0.003600,16.321900,0,143,0,143
7645,0.001500,16.703600,0,143,0,143
7646,0.002700,16.422700,0,143,0,143
7647,0.002600,17.351000,0,143,0,143
7648,0.358400,15.921000,1734,142,1,143
7649,0.002400,17.007500,0,142,1,143
7650,0.001900,16.403100,0,142,1,143
7651,0.004000,16.876500,0,142,1,143
7652,0.002100,16.404000,0,142,1,143
7653,0.003500,16.762200,0,142,1,143
7654,0.003600,17.172000,0,142,1,143
7655,0.002900,16.304100,0,142,1,143
7656,0.002400,17.725500,0,142,1,143
7657,0.004000,17.033000,0,142,1,143
7658,0.002200,15.774600,0,142,1,143
7659,0.001400,16.431400,0,142,1,143
7660,1.530300,17.678900,1734,141,2,143
7661,0.002900,16.428400,0,141,2,143
7662,0.003200,16.733400,0,141,2,143
7663,0.003200,17.874700,0,141,2,143
7664,0.003700,19.971300,0,141,2,143
7665,0.001800,11.929600,0,141,2,143
7666,0.008400,16.673800,0,141,2,143
7667,0.002500,19.198600,0,141,2,143
7668,0.003400,16.721000,0,141,2,143
7669,0.003000,20.007800,0,141,2,143
7670,0.003100,14.608400,0,141,2,143
7671,0.792100,16.858600,1734,140,3,143
7672,0.002900,17.082400,0,140,3,143
7673,0.002500,16.112600,0,140,3,143
7674,0.002700,16.469500,0,140,3,143
7675,0.003200,18.084500,0,140,3,143
7676,0.003300,16.076300,0,140,3,143
7677,0.003100,17.425300,0,140,3,143
7678,0.002400,15.528900,0,140,3,143
7679,0.002200,16.449100,0,140,3,143
7680,0.002100,17.584800,0,140,3,143
7681,0.014100,17.667100,0,140,3,143
7682,0.002900,14.974400,0,140,3,143
7683,0.655000,16.789000,1734,139,4,143
7684,0.002600,16.524400,0,139,4,143
7685,0.001900,16.593900,0,139,4,143
7686,0.002700,17.095500,0,139,4,143
7687,0.002400,19.262000,0,139,4,143
7688,0.006100,13.850500,0,139,4,143
7689,0.003100,16.719300,0,139,4,143
7690,0.002100,16.467000,0,139,4,143
7691,0.019800,18.559800,0,139,4,143
7692,0.002100,14.722800,0,139,4,143
7693,0.004000,17.029200,0,139,4,143
7694,0.001800,16.163200,0,139,4,143
7695,0.768400,19.340200,1734,138,5,143
7696,0.005500,14.650900,0,138,5,143
7697,0.003000,16.566700,0,138,5,143
7698,0.002800,16.282200,0,138,5,143
7699,0.003600,19.334600,0,138,5,143
7700,0.602900,14.092500,1716,143,0,143
7701,0.010000,19.167400,0,143,0,143
7702,0.001500,14.607200,0,143,0,143
7703,0.004600,16.316400,0,143,0,143
7704,0.002900,17.327100,0,143,0,143
7705,0.019200,19.209900,0,143,0,143
7706,0.002400,13.897000,0,143,0,143
7707,1.796700,17.788200,1728,143,0,143
7708,0.006300,15.475000,0,143,0,143
7709,0.006600,18.690800,0,143,0,143
7710,0.003200,14.480200,0,143,0,143
7711,0.014400,17.615500,0,143,0,143
7712,0.005300,16.020600,0,143,0,143
7713,0.003400,19.219900,0,143,0,143
7714,0.003400,13.944400,0,143,0,143
7715,0.002000,18.682900,0,143,0,143
7716,0.003300,15.236500,0,143,0,143
7717,0.003200,18.919400,0,143,0,143
7718,0.004200,14.744100,0,143,0,143
7719,0.954300,18.886500,1728,142,1,143
7720,0.002400,14.159200,0,142,1,143
7721,0.002100,18.141000,0,142,1,143
7722,0.003100,14.990700,0,142,1,143
7723,0.004700,18.576600,0,142,1,143
7724,0.003000,15.502400,0,142,1,143
7725,0.002200,17.493000,0,142,1,143
7726,0.002000,16.117700,0,142,1,143
7727,0.003600,16.899400,0,142,1,143
7728,0.003200,17.362600,0,142,1,143
7729,0.002600,16.390200,0,142,1,143
7730,0.002900,16.495000,0,142,1,143
7731,0.754800,17.743700,1728,141,2,143
7732,0.002500,15.502800,0,141,2,143
7733,0.001900,16.875500,0,141,2,143
7734,0.003500,16.386700,0,141,2,143
7735,0.003800,17.529700,0,141,2,143
7736,0.003400,16.325000,0,141,2,143
7737,0.004600,21.231400,0,141,2,143
7738,0.008600,15.726900,0,141,2,143
7739,0.002200,16.202700,0,141,2,143
7740,0.003200,16.862700,0,141,2,143
7741,0.002400,16.183500,0,141,2,143
7742,0.003200,16.592700,0,141,2,143
7743,0.766400,16.821100,1728,140,3,143
7744,0.003000,16.476200,0,140,3,143
7745,0.002400,17.364500,0,140,3,143
7746,0.004400,16.010600,0,140,3,143
7747,0.003100,17.088600,0,140,3,143
7748,0.002100,16.109300,0,140,3,143
7749,0.004100,16.600800,0,140,3,143
7750,0.002900,17.280700,0,140,3,143
7751,0.004700,16.352900,0,140,3,143
7752,0.001900,16.332400,0,140,3,143
7753,0.002000,16.889200,0,140,3,143
7754,0.012000,17.585600,0,140,3,143
7755,0.438200,15.801400,1728,139,4,143
7756,0.003900,17.393800,0,139,4,143
7757,0.001800,15.962900,0,139,4,143
7758,0.003900,16.432200,0,139,4,143
7759,0.002500,16.703500,0,139,4,143
7760,0.002100,16.902000,0,139,4,143
7761,0.002600,16.990000,0,139,4,143
7762,0.002000,16.652500,0,139,4,143
7763,0.002000,16.375200,0,139,4,143
7764,0.020700,16.419600,0,139,4,143
7765,0.003200,17.270500,0,139,4,143
7766,0.002200,16.163300,0,139,4,143
7767,0.528600,16.690200,1728,138,5,143
7768,0.003900,17.257500,0,138,5,143
7769,0.004400,16.332200,0,138,5,143
7770,0.001600,16.437100,0,138,5,143
7771,0.003300,16.648800,0,138,5,143
7772,0.002000,17.064300,0,138,5,143
7773,0.005300,17.193900,0,138,5,143
7774,0.005100,16.333600,0,138,5,143
7775,0.003500,17.009100,0,138,5,143
7776,0.002200,16.409000,0,138,5,143
7777,0.002600,16.425600,0,138,5,143
7778,0.001500,16.665200,0,138,5,143
7779,0.585700,17.275900,1728,137,6,143
7780,0.002200,17.035900,0,137,6,143
7781,0.002900,16.734700,0,137,6,143
7782,0.003000,16.216000,0,137,6,143
7783,0.004100,17.214200,0,137,6,143
7784,0.002800,16.474700,0,137,6,143
7785,0.587500,17.059700,1716,143,0,143
7786,0.004700,16.429800,0,143,0,143
7787,0.003200,19.167500,0,143,0,143
7788,0.005800,16.176500,0,143,0,143
7789,0.003500,16.310900,0,143,0,143
7790,0.001900,17.082900,0,143,0,143
7791,0.516000,16.923100,1722,143,0,143
7792,0.002300,16.176200,0,143,0,143
7793,0.002300,16.605600,0,143,0,143
7794,0.002200,18.402000,0,143,0,143
7795,0.002500,16.133400,0,143,0,143
7796,0.002200,16.249500,0,143,0,143
7797,0.003300,17.346200,0,143,0,143
7798,0.003500,16.523000,0,143,0,143
7799,0.003000,16.664500,0,143,0,143
7800,0.010700,16.403700,0,143,0,143
7801,0.001600,16.767000,0,143,0,143
7802,0.002300,16.357400,0,143,0,143
7803,0.573100,16.902500,1722,142,1,143
7804,0.002700,16.729400,0,142,1,143
7805,0.002000,17.267300,0,142,1,143
7806,0.001700,16.193500,0,142,1,143
7807,0.002900,16.864500,0,142,1,143
7808,0.001800,16.164600,0,142,1,143
7809,0.001200,16.849400,0,142,1,143
7810,0.001800,16.736300,0,142,1,143
7811,0.002100,16.609000,0,142,1,143
7812,0.001700,16.701200,0,142,1,143
7813,0.002100,17.364100,0,142,1,143
7814,0.003600,15.958200,0,142,1,143
7815,0.768800,17.185500,1722,141,2,143
7816,0.001600,16.738500,0,141,2,143
7817,0.002200,16.182600,0,141,2,143
7818,0.002600,16.523500,0,141,2,143
7819,0.003200,17.000800,0,141,2,143
7820,0.002200,16.250200,0,141,2,143
7821,0.002500,17.019600,0,141,2,143
7822,0.002600,16.845400,0,141,2,143
7823,0.001500,16.657200,0,141,2,143
7824,0.002100,16.600200,0,141,2,143
7825,0.003300,16.813100,0,141,2,143
7826,0.001800,16.291200,0,141,2,143
7827,0.677600,17.065400,1722,140,3,143
7828,0.001800,16.519500,0,140,3,143
7829,0.001400,16.683400,0,140,3,143
7830,0.001800,16.624100,0,140,3,143
7831,0.002400,17.540800,0,140,3,143
7832,0.003700,18.380900,0,140,3,143
7833,0.003400,16.124900,0,140,3,143
7834,0.004000,17.150600,0,140,3,143
7835,0.002800,17.365300,0,140,3,143
7836,0.002100,16.431700,0,140,3,143
7837,0.003100,17.978300,0,140,3,143
7838,0.003200,15.381200,0,140,3,143
7839,0.583800,16.359400,1722,139,4,143
7840,0.002700,19.247900,0,139,4,143
7841,0.003700,14.756000,0,139,4,143
7842,0.002900,18.703800,0,139,4,143
7843,0.002400,14.661400,0,139,4,143
7844,0.001700,16.896300,0,139,4,143
7845,0.003000,17.393400,0,139,4,143
7846,0.003500,17.529200,0,139,4,143
7847,0.001900,16.118500,0,139,4,143
7848,0.019900,21.825200,0,139,4,143
7849,0.002900,12.258200,0,139,4,143
7850,0.681300,18.426500,1722,138,5,143
7851,0.003300,15.426200,0,138,5,143
7852,0.004800,19.074000,0,138,5,143
7853,0.002200,18.151600,0,138,5,143
7854,0.023000,14.943800,0,138,5,143
7855,0.017200,17.137100,0,138,5,143
7856,0.002200,15.025600,0,138,5,143
7857,0.004400,16.413600,0,138,5,143
7858,0.002500,18.254300,0,138,5,143
7859,0.002800,17.318400,0,138,5,143
7860,0.002300,14.972900,0,138,5,143
7861,0.003200,16.175100,0,138,5,143
7862,0.843300,19.236700,1722,137,6,143
7863,0.003200,14.370600,0,137,6,143
7864,0.002600,17.958000,0,137,6,143
7865,0.002700,18.369200,0,137,6,143
7866,0.002400,15.506800,0,137,6,143
7867,0.002300,15.905400,0,137,6,143
7868,0.002300,17.779300,0,137,6,143
7869,0.003900,16.939600,0,137,6,143
7870,0.002400,17.478900,0,137,6,143
7871,0.003200,15.318500,0,137,6,143
7872,0.002800,17.234900,0,137,6,143
7873,0.002600,16.780100,0,137,6,143
7874,0.892300,17.826000,1722,136,7,143
7875,0.003000,16.583700,0,136,7,143
7876,0.002600,17.701100,0,136,7,143
7877,0.002900,15.371400,0,136,7,143
7878,0.002200,16.930700,0,136,7,143
7879,0.002000,16.620800,0,136,7,143
7880,0.004700,17.150900,0,136,7,143
7881,0.002000,16.075600,0,136,7,143
7882,0.003000,16.666800,0,136,7,143
7883,0.002500,16.455900,0,136,7,143
7884,0.002800,17.104200,0,136,7,143
7885,0.007000,17.034700,0,136,7,143
7886,0.535200,17.193000,1722,135,8,143
7887,0.003700,16.145500,0,135,8,143
7888,0.005000,16.762000,0,135,8,143
7889,0.002600,15.900600,0,135,8,143
7890,0.003600,17.566800,0,135,8,143
7891,0.003000,16.486200,0,135,8,143
7892,0.003000,16.217200,0,135,8,143
7893,0.003300,16.762500,0,135,8,143
7894,0.003700,20.449600,0,135,8,143
7895,0.002600,15.819200,0,135,8,143
7896,0.003100,16.272700,0,135,8,143
7897,0.022100,19.343500,0,135,8,143
7898,0.549800,14.107100,1722,134,9,143
7899,0.001400,16.690400,0,134,9,143
7900,0.001500,16.697400,0,134,9,143
7901,0.001800,16.916400,0,134,9,143
7902,0.003800,17.959500,0,134,9,143
7903,0.004700,15.846700,0,134,9,143
7904,0.003300,19.675900,0,134,9,143
7905,0.004000,14.309200,0,134,9,143
7906,0.002800,18.472000,0,134,9,143
7907,0.003000,16.419300,0,134,9,143
7908,0.002000,15.707700,0,134,9,143
7909,0.002300,16.957100,0,134,9,143
7910,0.641800,17.302600,1722,133,10,143
7911,0.004800,16.786000,0,133,10,143
7912,0.006900,17.641300,0,133,10,143
7913,0.002100,14.958100,0,133,10,143
7914,0.004000,19.414100,0,133,10,143
7915,0.007300,14.103600,0,133,10,143
7916,0.144800,16.962900,0,133,10,143
7917,0.002900,16.293300,0,133,10,143
7918,0.002200,16.965500,0,133,10,143
7919,0.001500,16.311800,0,133,10,143
7920,0.002000,16.711600,0,133,10,143
7921,0.002400,16.411100,0,133,10,143
7922,0.536600,16.918300,1722,132,11,143
7923,0.004700,16.835700,0,132,11,143
7924,0.001900,16.309900,0,132,11,143
7925,0.007100,17.049600,0,132,11,143
7926,0.002300,16.738200,0,132,11,143
7927,0.002100,16.319600,0,132,11,143
7928,0.004100,17.300000,0,132,11,143
7929,0.001900,16.312800,0,132,11,143
7930,0.003300,17.191700,0,132,11,143
7931,0.001400,16.390600,0,132,11,143
7932,0.002200,16.956600,0,132,11,143
7933,0.002200,16.382800,0,132,11,143
7934,0.508900,16.989100,1722,132,11,143
7935,0.001700,16.353700,0,132,11,143
7936,0.001700,17.120800,0,132,11,143
7937,0.001700,16.260600,0,132,11,143
7938,0.003800,16.742500,0,132,11,143
7939,0.002000,16.246000,0,132,11,143
7940,0.001500,16.834700,0,132,11,143
7941,0.002200,16.735700,0,132,11,143
7942,0.001800,16.629200,0,132,11,143
7943,0.002300,16.723200,0,132,11,143
7944,0.002100,16.781400,0,132,11,143
7945,0.001900,16.312500,0,132,11,143
7946,0.339700,16.796100,1722,132,11,143
7947,0.002000,16.894200,0,132,11,143
7948,0.002700,16.756400,0,132,11,143
7949,0.001600,16.895900,0,132,11,143
7950,0.002700,16.426900,0,132,11,143
7951,0.002100,16.409800,0,132,11,143
7952,0.003200,17.246300,0,132,11,143
7953,0.002500,16.517800,0,132,11,143
7954,0.003800,16.539100,0,132,11,143
7955,0.001900,16.635300,0,132,11,143
7956,0.002400,16.611800,0,132,11,143
7957,0.003000,16.446000,0,132,11,143
7958,0.478700,16.755600,1722,132,11,143
7959,0.001600,16.689100,0,132,11,143
7960,0.001600,16.696600,0,132,11,143
7961,0.003500,16.989900,0,132,11,143
7962,0.001800,16.392500,0,132,11,143
7963,0.002200,16.513100,0,132,11,143
7964,0.001600,17.581100,0,132,11,143
7965,0.002000,16.500500,0,132,11,143
7966,0.001200,16.575000,0,132,11,143
7967,0.003700,16.746100,0,132,11,143
7968,0.001800,16.633000,0,132,11,143
7969,0.003800,16.533600,0,132,11,143
7970,0.519900,17.125600,1722,132,11,143
7971,0.002700,16.473800,0,132,11,143
7972,0.002100,16.512100,0,132,11,143
7973,0.002500,16.877600,0,132,11,143
7974,0.003000,16.687700,0,132,11,143
7975,0.005300,16.550700,0,132,11,143
7976,0.002000,16.630900,0,132,11,143
7977,0.003400,16.887300,0,132,11,143
7978,0.001700,16.270400,0,132,11,143
7979,0.002700,16.959500,0,132,11,143
7980,0.001800,16.498100,0,132,11,143
7981,0.004700,16.618900,0,132,11,143
7982,0.649200,17.140100,1722,132,11,143
7983,0.001400,16.243700,0,132,11,143
7984,0.001700,16.592400,0,132,11,143
7985,0.003300,16.700900,0,132,11,143
7986,0.001900,16.674700,0,132,11,143
7987,0.003000,16.544600,0,132,11,143
7988,0.002900,17.223400,0,132,11,143
7989,0.002100,16.374100,0,132,11,143
7990,0.002100,16.622800,0,132,11,143
7991,0.003800,16.934000,0,132,11,143
7992,0.001400,16.331800,0,132,11,143
7993,0.002000,16.401600,0,132,11,143
7994,1.010700,17.152400,1722,132,11,143
7995,0.001800,16.856400,0,132,11,143
7996,0.003000,16.771500,0,132,11,143
7997,0.001400,16.167400,0,132,11,143
7998,0.001400,16.737900,0,132,11,143
7999,0.003400,16.470900,0,132,11,143
8000,0.002000,17.434500,0,132,11,143
8001,0.001700,16.038300,0,132,11,143
8002,0.002300,17.070300,0,132,11,143
8003,0.002600,16.435400,0,132,11,143
8004,0.002100,16.536200,0,132,11,143
8005,0.001600,16.521600,0,132,11,143
8006,0.476000,16.927000,1722,132,11,143
8007,0.002800,17.070500,0,132,11,143
8008,0.002900,19.844600,0,132,11,143
8009,0.002500,13.360300,0,132,11,143
8010,0.003900,17.547700,0,132,11,143
8011,0.002500,16.606800,0,132,11,143
8012,0.001900,16.431200,0,132,11,143
8013,0.002100,16.534400,0,132,11,143
8014,0.001400,16.620700,0,132,11,143
8015,0.003000,16.677200,0,132,11,143
8016,0.003900,16.926600,0,132,11,143
8017,0.002600,16.261000,0,132,11,143
8018,0.541900,16.983600,1722,132,11,143
8019,0.002800,16.556600,0,132,11,143
8020,0.002600,16.828400,0,132,11,143
8021,0.001900,16.673700,0,132,11,143
8022,0.003000,16.500500,0,132,11,143
8023,0.001800,16.439000,0,132,11,143
8024,0.002400,16.954600,0,132,11,143
8025,0.001700,16.571500,0,132,11,143
8026,0.002100,16.743200,0,132,11,143
8027,0.003000,16.909000,0,132,11,143
8028,0.003500,16.406300,0,132,11,143
8029,0.002400,16.463500,0,132,11,143
8030,0.495500,16.943600,1722,132,11,143
8031,0.002700,16.660600,0,132,11,143
8032,0.002500,16.583500,0,132,11,143
8033,0.003200,16.809000,0,132,11,143
8034,0.002900,16.628300,0,132,11,143
8035,0.002700,16.361000,0,132,11,143
8036,0.005000,16.945100,0,132,11,143
8037,0.002800,16.608400,0,132,11,143
8038,0.003300,16.723900,0,132,11,143
8039,0.002500,16.670200,0,132,11,143
8040,0.002500,16.823500,0,132,11,143
8041,0.002100,16.240700,0,132,11,143
8042,0.465000,17.010300,1722,132,11,143
8043,0.002900,16.589300,0,132,11,143
8044,0.002200,16.648500,0,132,11,143
8045,0.002700,16.827400,0,132,11,143
8046,0.002300,16.574400,0,132,11,143
8047,0.002600,16.346800,0,132,11,143
8048,0.003600,17.323100,0,132,11,143
8049,0.002400,16.184800,0,132,11,143
8050,0.002100,16.751100,0,132,11,143
8051,0.002000,16.548200,0,132,11,143
8052,0.002600,16.799800,0,132,11,143
8053,0.003000,16.408400,0,132,11,143
8054,1.381700,16.860700,1722,132,11,143
8055,0.002000,16.820900,0,132,11,143
8056,0.002100,17.076300,0,132,11,143
8057,0.004100,16.233500,0,132,11,143
8058,0.002100,16.664300,0,132,11,143
8059,0.001900,16.263000,0,132,11,143
8060,0.001800,16.954200,0,132,11,143
8061,0.002500,16.751700,0,132,11,143
8062,0.003100,16.551900,0,132,11,143
8063,0.002100,16.802500,0,132,11,143
8064,0.001900,16.623000,0,132,11,143
8065,0.002000,16.315500,0,132,11,143
8066,0.446600,16.874300,1722,132,11,143
8067,0.002300,16.699200,0,132,11,143
8068,0.001900,16.898500,0,132,11,143
8069,0.002300,16.559100,0,132,11,143
8070,0.003300,16.747900,0,132,11,143
8071,0.002700,16.318000,0,132,11,143
8072,0.002400,16.819600,0,132,11,143
8073,0.001800,16.635100,0,132,11,143
8074,0.001700,16.742500,0,132,11,143
8075,0.004700,17.098700,0,132,11,143
8076,0.003500,31.673900,0,132,11,143
8077,0.722300,4.485600,1722,132,11,143
8078,0.003700,17.039600,0,132,11,143
8079,0.019500,17.847700,0,132,11,143
8080,0.003000,15.369600,0,132,11,143
8081,0.002200,19.801000,0,132,11,143
8082,0.002600,16.476900,0,132,11,143
8083,0.021000,19.612400,0,132,11,143
8084,0.003300,13.370600,0,132,11,143
8085,0.004600,17.755700,0,132,11,143
8086,0.002900,15.709000,0,132,11,143
8087,0.003400,17.042300,0,132,11,143
8088,0.003400,16.209100,0,132,11,143
8089,0.720800,18.318300,1722,132,11,143
8090,0.002700,16.768400,0,132,11,143
8091,0.001700,19.510500,0,132,11,143
8092,0.017300,20.870900,0,132,11,143
8093,0.013800,16.212600,0,132,11,143
8094,0.002300,14.786700,0,132,11,143
8095,0.002800,18.672100,0,132,11,143
8096,0.003600,17.156900,0,132,11,143
8097,0.002900,23.995600,0,132,11,143
8098,0.002900,11.563600,0,132,11,143
8099,0.002900,15.075800,0,132,11,143
8100,0.002800,16.432200,0,132,11,143
8101,1.044100,17.227500,1722,132,11,143
8102,0.002900,17.249000,0,132,11,143
8103,0.002900,16.138800,0,132,11,143
8104,0.002100,16.543800,0,132,11,143
8105,0.002500,18.120800,0,132,11,143
8106,0.001900,19.424400,0,132,11,143
8107,0.003900,18.357000,0,132,11,143
8108,0.004200,18.107300,0,132,11,143
8109,0.003000,17.613300,0,132,11,143
8110,0.005100,16.454500,0,132,11,143
8111,0.001800,18.750200,0,132,11,143
8112,0.824800,14.727500,1722,132,11,143
8113,0.002500,16.505900,0,132,11,143
8114,0.002600,17.310800,0,132,11,143
8115,0.003100,16.135400,0,132,11,143
8116,0.003500,23.333600,0,132,11,143
8117,0.002200,9.762900,0,132,11,143
8118,0.002400,19.740500,0,132,11,143
8119,0.004400,15.294400,0,132,11,143
8120,0.003000,15.715500,0,132,11,143
8121,0.002300,16.100000,0,132,11,143
8122,0.002700,17.160400,0,132,11,143
8123,0.002400,18.174600,0,132,11,143
8124,0.699600,16.906700,1722,132,11,143
8125,0.002600,17.834100,0,132,11,143
8126,0.003600,17.312600,0,132,11,143
8127,0.003200,14.430800,0,132,11,143
8128,0.001900,16.760600,0,132,11,143
8129,0.002700,16.805300,0,132,11,143
8130,0.001700,16.545000,0,132,11,143
8131,0.002200,17.243100,0,132,11,143
8132,0.002300,16.635700,0,132,11,143
8133,0.003100,16.696100,0,132,11,143
8134,0.004300,16.447400,0,132,11,143
8135,0.002100,16.188400,0,132,11,143
8136,0.467800,16.682300,1722,132,11,143
8137,0.001900,16.649300,0,132,11,143
8138,0.002100,16.806300,0,132,11,143
8139,0.002300,16.527600,0,132,11,143
8140,0.002300,17.004900,0,132,11,143
8141,0.002200,16.646700,0,132,11,143
8142,0.001800,16.800900,0,132,11,143
8143,0.002400,16.535900,0,132,11,143
8144,0.002400,17.031200,0,132,11,143
8145,0.002400,15.979000,0,132,11,143
8146,0.003600,17.580700,0,132,11,143
8147,0.004500,16.382400,0,132,11,143
8148,1.053400,16.719000,1722,132,11,143
8149,0.002400,16.713400,0,132,11,143
8150,0.003000,16.635900,0,132,11,143
8151,0.002300,16.032400,0,132,11,143
8152,0.001600,16.817200,0,132,11,143
8153,0.001600,16.683000,0,132,11,143
8154,0.001500,16.590400,0,132,11,143
8155,0.001700,16.870600,0,132,11,143
8156,0.001700,16.950100,0,132,11,143
8157,0.001500,16.045700,0,132,11,143
8158,0.002600,16.802700,0,132,11,143
8159,0.001600,18.613200,0,132,11,143
8160,0.451500,14.778300,1722,132,11,143
8161,0.001800,16.731700,0,132,11,143
8162,0.001500,16.613300,0,132,11,143
8163,0.001300,16.397600,0,132,11,143
8164,0.001500,16.872500,0,132,11,143
8165,0.001500,16.656500,0,132,11,143
8166,0.003900,18.332400,0,132,11,143
8167,0.002600,15.518900,0,132,11,143
8168,0.887300,16.806000,1782,143,0,143
8169,0.001500,15.880500,0,143,0,143
8170,0.002100,16.781100,0,143,0,143
8171,0.001500,16.727200,0,143,0,143
8172,0.440200,16.606500,1728,143,0,143
8173,0.003300,17.424300,0,143,0,143
8174,0.001800,16.266000,0,143,0,143
8175,0.001800,16.428300,0,143,0,143
8176,0.001600,16.544900,0,143,0,143
8177,0.001500,16.869900,0,143,0,143
8178,0.001600,16.457900,0,143,0,143
8179,0.002200,16.860100,0,143,0,143
8180,0.002500,16.910300,0,143,0,143
8181,0.003800,16.455200,0,143,0,143
8182,0.002500,16.662000,0,143,0,143
8183,0.002600,16.651100,0,143,0,143
8184,0.429400,16.674900,1728,142,1,143
8185,0.001800,16.686700,0,142,1,143
8186,0.001500,16.613400,0,142,1,143
8187,0.001900,16.471900,0,142,1,143
8188,0.001900,17.225700,0,142,1,143
8189,0.002300,16.195300,0,142,1,143
8190,0.001500,16.640600,0,142,1,143
8191,0.001400,16.700300,0,142,1,143
8192,0.001300,16.677300,0,142,1,143
8193,0.002500,16.743700,0,142,1,143
8194,0.002700,17.027600,0,142,1,143
8195,0.002600,16.846700,0,142,1,143
8196,0.960200,16.465100,1728,141,2,143
8197,0.003200,16.617500,0,141,2,143
8198,0.002900,16.935600,0,141,2,143
8199,0.003200,16.001200,0,141,2,143
8200,0.002400,17.220700,0,141,2,143
8201,0.002500,16.599200,0,141,2,143
8202,0.002400,16.669200,0,141,2,143
8203,0.001700,16.431000,0,141,2,143
8204,0.002200,16.821700,0,141,2,143
8205,0.003300,16.455600,0,141,2,143
8206,0.003200,16.938600,0,141,2,143
8207,0.003900,16.774200,0,141,2,143
8208,0.507300,16.307400,1728,140,3,143
8209,0.002000,16.661700,0,140,3,143
8210,0.001600,16.506000,0,140,3,143
8211,0.001500,16.517100,0,140,3,143
8212,0.002200,17.612900,0,140,3,143
8213,0.002000,16.060700,0,140,3,143
8214,0.003000,17.386800,0,140,3,143
8215,0.002100,16.028100,0,140,3,143
8216,0.010400,17.155700,0,140,3,143
8217,0.002500,15.817200,0,140,3,143
8218,0.003200,16.971900,0,140,3,143
8219,0.001400,16.516000,0,140,3,143
8220,0.423700,16.675600,1728,139,4,143
8221,0.001500,16.629800,0,139,4,143
8222,0.001600,16.784100,0,139,4,143
8223,0.001400,16.368600,0,139,4,143
8224,0.001500,16.878600,0,139,4,143
8225,0.001400,16.623500,0,139,4,143
8226,0.002700,17.297000,0,139,4,143
8227,0.003000,16.635300,0,139,4,143
8228,0.003400,16.639600,0,139,4,143
8229,0.002500,16.233000,0,139,4,143
8230,0.003000,17.495200,0,139,4,143
8231,0.002400,16.478200,0,139,4,143
8232,0.955700,16.652300,1728,138,5,143
8233,0.001500,16.251700,0,138,5,143
8234,0.002100,16.765500,0,138,5,143
8235,0.001400,16.676800,0,138,5,143
8236,0.001300,16.782600,0,138,5,143
8237,0.002900,17.193100,0,138,5,143
8238,0.001400,16.079300,0,138,5,143
8239,0.001400,16.789800,0,138,5,143
8240,0.001300,16.563900,0,138,5,143
8241,0.001400,16.495100,0,138,5,143
8242,0.001200,16.882200,0,138,5,143
8243,0.002400,17.177100,0,138,5,143
8244,0.930400,16.717300,1728,137,6,143
8245,0.002900,16.575100,0,137,6,143
8246,0.002400,16.731700,0,137,6,143
8247,0.003900,16.183900,0,137,6,143
8248,0.002500,17.194900,0,137,6,143
8249,0.002500,16.818500,0,137,6,143
8250,0.002500,16.627300,0,137,6,143
8251,0.003100,16.746800,0,137,6,143
8252,0.004600,16.671800,0,137,6,143
8253,0.984100,16.140300,1782,143,0,143
8254,0.002400,16.984000,0,143,0,143
8255,0.002500,16.604400,0,143,0,143
8256,0.365300,16.403300,1734,143,0,143
8257,0.001500,16.476000,0,143,0,143
8258,0.001300,16.671900,0,143,0,143
8259,0.002200,16.532900,0,143,0,143
8260,0.002400,17.121500,0,143,0,143
8261,0.002500,16.946800,0,143,0,143
8262,0.002900,16.786700,0,143,0,143
8263,0.002500,16.727900,0,143,0,143
8264,0.001700,16.484900,0,143,0,143
8265,0.001800,16.728300,0,143,0,143
8266,0.010500,16.413200,0,143,0,143
8267,0.003400,17.560000,0,143,0,143
8268,0.432000,16.097400,1734,142,1,143
8269,0.001300,16.539600,0,142,1,143
8270,0.002500,16.997600,0,142,1,143
8271,0.003000,16.763700,0,142,1,143
8272,0.012400,16.291600,0,142,1,143
8273,0.001200,16.565800,0,142,1,143
8274,0.001900,16.760800,0,142,1,143
8275,0.001100,16.705200,0,142,1,143
8276,0.002000,16.617100,0,142,1,143
8277,0.002000,16.622400,0,142,1,143
8278,0.002000,16.504700,0,142,1,143
8279,0.003400,16.893000,0,142,1,143
8280,0.451400,16.592700,1734,141,2,143
8281,0.001300,16.723600,0,141,2,143
8282,0.002900,17.135600,0,141,2,143
8283,0.002400,16.479100,0,141,2,143
8284,0.002700,16.376400,0,141,2,143
8285,0.002400,17.057300,0,141,2,143
8286,0.002500,16.615300,0,141,2,143
8287,0.001200,16.315100,0,141,2,143
8288,0.002100,16.648500,0,141,2,143
8289,0.001700,16.631200,0,141,2,143
8290,0.001300,16.547400,0,141,2,143
8291,0.001300,16.821400,0,141,2,143
8292,0.548300,16.790300,1734,140,3,143
8293,0.003500,17.238800,0,140,3,143
8294,0.002600,16.991800,0,140,3,143
8295,0.003600,16.722500,0,140,3,143
8296,0.001600,15.476800,0,140,3,143
8297,0.002200,17.167700,0,140,3,143
8298,0.001300,16.361500,0,140,3,143
8299,0.001200,16.560900,0,140,3,143
8300,0.001700,16.781700,0,140,3,143
8301,0.001300,16.571900,0,140,3,143
8302,0.001400,16.500800,0,140,3,143
8303,0.001300,16.824600,0,140,3,143
8304,0.341500,16.678500,1734,139,4,143
8305,0.001300,16.962500,0,139,4,143
8306,0.001700,16.391000,0,139,4,143
8307,0.001200,16.777900,0,139,4,143
8308,0.003000,16.532800,0,139,4,143
8309,0.001400,16.822200,0,139,4,143
8310,0.002300,16.867800,0,139,4,143
8311,0.001400,16.614100,0,139,4,143
8312,0.002500,16.912700,0,139,4,143
8313,0.003100,16.713000,0,139,4,143
8314,0.002700,16.261900,0,139,4,143
8315,0.002000,16.601300,0,139,4,143
8316,0.458200,16.832200,1734,138,5,143
8317,0.002400,16.825300,0,138,5,143
8318,0.002300,17.146900,0,138,5,143
8319,0.002500,16.746000,0,138,5,143
8320,0.004400,16.551100,0,138,5,143
8321,0.002400,16.957700,0,138,5,143
8322,0.001800,16.270700,0,138,5,143
8323,0.383000,16.621700,1782,143,0,143
8324,0.001500,16.619400,0,143,0,143
8325,0.002400,16.651800,0,143,0,143
8326,0.001900,16.402700,0,143,0,143
8327,0.014400,18.680700,0,143,0,143
8328,0.647100,15.085100,1740,143,0,143
8329,0.001900,16.559200,0,143,0,143
8330,0.001300,16.764600,0,143,0,143
8331,0.001100,16.570000,0,143,0,143
8332,0.001600,16.531200,0,143,0,143
8333,0.012400,18.483900,0,143,0,143
8334,0.001700,15.079400,0,143,0,143
8335,0.001400,16.530300,0,143,0,143
8336,0.001100,16.649100,0,143,0,143
8337,0.001500,18.535700,0,143,0,143
8338,0.014700,14.791900,0,143,0,143
8339,0.001300,16.743200,0,143,0,143
8340,0.362700,16.627400,1740,142,1,143
8341,0.002000,16.682900,0,142,1,143
8342,0.001400,16.714500,0,142,1,143
8343,0.017200,18.405500,0,142,1,143
8344,0.001900,14.698300,0,142,1,143
8345,0.001400,16.878000,0,142,1,143
8346,0.002300,17.031300,0,142,1,143
8347,0.033300,17.466300,0,142,1,143
8348,0.006200,16.819900,0,142,1,143
8349,0.002700,15.837400,0,142,1,143
8350,0.001900,16.078100,0,142,1,143
8351,0.002100,16.977700,0,142,1,143
8352,1.031700,16.790800,1740,141,2,143
8353,0.002700,16.939100,0,141,2,143
8354,0.001400,16.077700,0,141,2,143
8355,0.002300,16.882900,0,141,2,143
8356,0.001400,16.265400,0,141,2,143
8357,0.001500,18.750500,0,141,2,143
8358,0.003600,15.252500,0,141,2,143
8359,0.003900,16.912000,0,141,2,143
8360,0.003100,16.365000,0,141,2,143
8361,0.003200,16.738100,0,141,2,143
8362,0.002600,16.143200,0,141,2,143
8363,0.002900,17.185100,0,141,2,143
8364,0.818100,16.693300,1740,140,3,143
8365,0.001400,16.159400,0,140,3,143
8366,0.001400,16.627800,0,140,3,143
8367,0.002300,17.026700,0,140,3,143
8368,0.002900,16.269800,0,140,3,143
8369,0.002600,17.052200,0,140,3,143
8370,0.003100,17.002500,0,140,3,143
8371,0.004600,16.460700,0,140,3,143
8372,0.002600,16.718900,0,140,3,143
8373,0.002600,16.795700,0,140,3,143
8374,0.003000,16.147200,0,140,3,143
8375,0.002500,17.054600,0,140,3,143
8376,1.021900,16.749500,1740,139,4,143
8377,0.003100,16.548300,0,139,4,143
8378,0.002500,16.723800,0,139,4,143
8379,0.002600,16.890100,0,139,4,143
8380,0.003400,16.096500,0,139,4,143
8381,0.001400,16.903300,0,139,4,143
8382,0.001800,16.681400,0,139,4,143
8383,0.003000,16.932100,0,139,4,143
8384,0.003800,16.771000,0,139,4,143
8385,0.002700,17.029600,0,139,4,143
8386,1.052700,16.013100,1782,143,0,143
8387,0.001900,16.588600,0,143,0,143
8388,0.435300,16.766100,1746,143,0,143
8389,0.001900,16.539800,0,143,0,143
8390,0.001900,16.577200,0,143,0,143
8391,0.002400,16.833600,0,143,0,143
8392,0.003200,16.579000,0,143,0,143
8393,0.002400,17.242000,0,143,0,143
8394,0.002600,16.452700,0,143,0,143
8395,0.002900,16.742100,0,143,0,143
8396,0.002600,16.950900,0,143,0,143
8397,0.003100,16.557500,0,143,0,143
8398,0.003500,16.192600,0,143,0,143
8399,0.002400,16.885900,0,143,0,143
8400,0.767800,16.673900,1746,142,1,143
8401,0.002900,16.680600,0,142,1,143
8402,0.003300,16.715800,0,142,1,143
8403,0.002500,16.884000,0,142,1,143
8404,0.002500,16.097600,0,142,1,143
8405,0.003100,17.299300,0,142,1,143
8406,0.001300,16.121500,0,142,1,143
8407,0.001200,16.598200,0,142,1,143
8408,0.001500,16.930600,0,142,1,143
8409,0.002400,16.990100,0,142,1,143
8410,0.002800,16.413300,0,142,1,143
8411,0.002400,16.841600,0,142,1,143
8412,1.007700,16.978800,1746,141,2,143
8413,0.002300,16.462600,0,141,2,143
8414,0.002200,16.624100,0,141,2,143
8415,0.002500,17.278700,0,141,2,143
8416,0.003500,16.068400,0,141,2,143
8417,0.002900,16.928500,0,141,2,143
8418,0.002900,16.708300,0,141,2,143
8419,0.003000,16.648500,0,141,2,143
8420,0.003000,16.778500,0,141,2,143
8421,0.002600,16.996900,0,141,2,143
8422,0.003000,16.065600,0,141,2,143
8423,0.002400,17.186100,0,141,2,143
8424,0.987200,16.526200,1746,140,3,143
8425,0.002400,16.562700,0,140,3,143
8426,0.002500,16.659000,0,140,3,143
8427,0.002500,16.622200,0,140,3,143
8428,0.003100,16.461900,0,140,3,143
8429,0.002500,16.910100,0,140,3,143
8430,0.001500,16.600100,0,140,3,143
8431,0.003000,16.743700,0,140,3,143
8432,0.002000,16.300000,0,140,3,143
8433,0.001500,16.719700,0,140,3,143
8434,0.001400,16.475400,0,140,3,143
8435,0.001900,16.962800,0,140,3,143
8436,1.015900,16.934000,1746,139,4,143
8437,0.002500,17.770200,0,139,4,143
8438,0.002300,16.763600,0,139,4,143
8439,0.002400,16.648000,0,139,4,143
8440,0.002400,16.519700,0,139,4,143
8441,0.002600,16.325500,0,139,4,143
8442,0.002400,17.219000,0,139,4,143
8443,0.002900,16.443000,0,139,4,143
8444,0.003200,16.910600,0,139,4,143
8445,0.002600,16.661200,0,139,4,143
8446,0.430600,16.315800,1782,143,0,143
8447,0.001800,16.446700,0,143,0,143
8448,0.461800,16.949300,1752,143,0,143
8449,0.001900,16.557800,0,143,0,143
8450,0.001900,16.593100,0,143,0,143
8451,0.002300,17.231300,0,143,0,143
8452,0.001300,16.120500,0,143,0,143
8453,0.001500,16.482300,0,143,0,143
8454,0.001200,16.863100,0,143,0,143
8455,0.001300,16.606300,0,143,0,143
8456,0.001500,16.782200,0,143,0,143
8457,0.001400,16.545700,0,143,0,143
8458,0.001300,16.647700,0,143,0,143
8459,0.001500,16.531300,0,143,0,143
8460,0.338200,16.841600,1752,142,1,143
8461,0.003400,17.035400,0,142,1,143
8462,0.001300,16.383200,0,142,1,143
8463,0.001400,16.618900,0,142,1,143
8464,0.001300,16.725900,0,142,1,143
8465,0.003100,16.647900,0,142,1,143
8466,0.002900,17.201900,0,142,1,143
8467,0.002400,16.565700,0,142,1,143
8468,0.002500,16.942000,0,142,1,143
8469,0.001300,16.145200,0,142,1,143
8470,0.001300,16.649600,0,142,1,143
8471,0.001500,16.475800,0,142,1,143
8472,0.991400,17.583300,1752,141,2,143
8473,0.002800,16.429200,0,141,2,143
8474,0.002600,16.907100,0,141,2,143
8475,0.002400,17.086100,0,141,2,143
8476,0.002600,16.291800,0,141,2,143
8477,0.002500,16.372600,0,141,2,143
8478,0.003200,17.135600,0,141,2,143
8479,0.002500,16.783700,0,141,2,143
8480,0.002800,16.713400,0,141,2,143
8481,0.002400,16.829900,0,141,2,143
8482,0.002400,16.550400,0,141,2,143
8483,0.002600,16.264700,0,141,2,143
8484,1.106600,17.352300,1752,140,3,143
8485,0.002900,17.184800,0,140,3,143
8486,0.001900,16.077300,0,140,3,143
8487,0.001400,16.484700,0,140,3,143
8488,0.001400,16.727100,0,140,3,143
8489,0.001400,16.433600,0,140,3,143
8490,0.001300,16.848000,0,140,3,143
8491,0.002400,16.682600,0,140,3,143
8492,0.001300,16.627300,0,140,3,143
8493,0.001500,16.761400,0,140,3,143
8494,0.001200,16.580500,0,140,3,143
8495,0.001300,16.492700,0,140,3,143
8496,0.355700,16.882200,1752,139,4,143
8497,0.001300,16.607600,0,139,4,143
8498,0.001200,16.671500,0,139,4,143
8499,0.001900,16.640500,0,139,4,143
8500,0.001500,16.976800,0,139,4,143
8501,0.001200,16.227700,0,139,4,143
8502,0.001300,16.841600,0,139,4,143
8503,0.001100,16.640900,0,139,4,143
8504,0.001200,16.671500,0,139,4,143
8505,0.002000,16.770200,0,139,4,143
8506,0.317200,16.692600,1782,143,0,143
8507,0.002000,16.568700,0,143,0,143
8508,0.385200,16.820100,1758,143,0,143
8509,0.001800,16.660700,0,143,0,143
8510,0.001300,16.557600,0,143,0,143
8511,0.001700,16.630100,0,143,0,143
8512,0.001500,16.934900,0,143,0,143
8513,0.002300,16.289900,0,143,0,143
8514,0.002700,17.105500,0,143,0,143
8515,0.001200,16.420400,0,143,0,143
8516,0.001400,16.601900,0,143,0,143
8517,0.001100,16.691300,0,143,0,143
8518,0.002000,16.714600,0,143,0,143
8519,0.001400,16.426500,0,143,0,143
8520,0.325700,16.891700,1758,142,1,143
8521,0.001400,16.623600,0,142,1,143
8522,0.001200,16.659400,0,142,1,143
8523,0.001400,16.643100,0,142,1,143
8524,0.001200,16.675800,0,142,1,143
8525,0.001300,16.541500,0,142,1,143
8526,0.001600,16.846200,0,142,1,143
8527,0.001200,16.645500,0,142,1,143
8528,0.001300,16.693800,0,142,1,143
8529,0.001200,16.577600,0,142,1,143
8530,0.001500,16.769600,0,142,1,143
8531,0.001800,16.462600,0,142,1,143
8532,0.896900,17.317900,1758,141,2,143
8533,0.003100,16.535400,0,141,2,143
8534,0.003000,16.863100,0,141,2,143
8535,0.002300,16.586700,0,141,2,143
8536,0.002200,16.475300,0,141,2,143
8537,0.002100,16.212800,0,141,2,143
8538,0.001800,16.822600,0,141,2,143
8539,0.002100,16.881100,0,141,2,143
8540,0.001500,16.625300,0,141,2,143
8541,0.003300,16.643100,0,141,2,143
8542,0.001500,16.702900,0,141,2,143
8543,0.001600,16.430200,0,141,2,143
8544,0.496700,16.975900,1758,140,3,143
8545,0.001700,16.567200,0,140,3,143
8546,0.001500,16.769900,0,140,3,143
8547,0.001600,16.662200,0,140,3,143
8548,0.002000,16.520300,0,140,3,143
8549,0.002900,16.706600,0,140,3,143
8550,0.004500,17.699800,0,140,3,143
8551,0.002700,16.197500,0,140,3,143
8552,0.001600,17.183000,0,140,3,143
8553,0.001400,16.595200,0,140,3,143
8554,0.001400,16.681800,0,140,3,143
8555,0.001600,16.546000,0,140,3,143
8556,0.482000,16.890900,1758,139,4,143
8557,0.001500,16.848400,0,139,4,143
8558,0.002200,16.806400,0,139,4,143
8559,0.002200,17.085200,0,139,4,143
8560,0.002000,15.838700,0,139,4,143
8561,0.002100,16.489000,0,139,4,143
8562,0.002100,17.032700,0,139,4,143
8563,0.002300,16.794000,0,139,4,143
8564,0.001800,16.488600,0,139,4,143
8565,0.002600,16.814000,0,139,4,143
8566,0.002800,19.578900,0,139,4,143
8567,0.003300,13.607300,0,139,4,143
8568,0.815400,18.637600,1758,138,5,143
8569,0.437300,14.579500,1782,143,0,143
8570,0.001800,16.765900,0,143,0,143
8571,0.003100,16.588300,0,143,0,143
8572,0.003700,17.352900,0,143,0,143
8573,0.005600,16.649800,0,143,0,143
8574,0.005100,17.089100,0,143,0,143
8575,0.001700,16.257100,0,143,0,143
8576,0.002800,16.508700,0,143,0,143
8577,0.003900,17.617500,0,143,0,143
8578,0.002900,16.868100,0,143,0,143
8579,0.003600,17.554600,0,143,0,143
8580,0.548100,14.661200,1764,143,0,143
8581,0.002900,19.441700,0,143,0,143
8582,0.002500,14.131100,0,143,0,143
8583,0.003400,17.666900,0,143,0,143
8584,0.001300,15.479800,0,143,0,143
8585,0.004300,17.270700,0,143,0,143
8586,0.002000,16.010600,0,143,0,143
8587,0.002700,18.855800,0,143,0,143
8588,0.003600,14.937600,0,143,0,143
8589,0.002400,16.815900,0,143,0,143
8590,0.001300,16.338600,0,143,0,143
8591,0.002300,16.673100,0,143,0,143
8592,1.503900,17.866000,1764,142,1,143
8593,0.003200,16.058200,0,142,1,143
8594,0.002300,16.197800,0,142,1,143
8595,0.003900,17.031200,0,142,1,143
8596,0.001600,16.266600,0,142,1,143
8597,0.002500,17.215100,0,142,1,143
8598,0.003900,16.779400,0,142,1,143
8599,0.003400,16.458600,0,142,1,143
8600,0.004000,20.127000,0,142,1,143
8601,0.004800,13.957900,0,142,1,143
8602,0.002400,19.759300,0,142,1,143
8603,0.003000,13.179300,0,142,1,143
8604,0.464600,16.069900,1764,141,2,143
8605,0.003500,17.398600,0,141,2,143
8606,0.001600,16.203900,0,141,2,143
8607,0.006800,20.705400,0,141,2,143
8608,0.004400,14.932300,0,141,2,143
8609,0.002000,14.584500,0,141,2,143
8610,0.002900,16.306700,0,141,2,143
8611,0.002600,17.105100,0,141,2,143
8612,0.003300,16.683000,0,141,2,143
8613,0.002700,16.479300,0,141,2,143
8614,0.002200,17.164000,0,141,2,143
8615,0.002000,16.174000,0,141,2,143
8616,0.474100,16.419800,1764,140,3,143
8617,0.002300,16.790100,0,140,3,143
8618,0.003300,17.661500,0,140,3,143
8619,0.006100,17.640900,0,140,3,143
8620,0.002200,15.167500,0,140,3,143
8621,0.003200,17.302600,0,140,3,143
8622,0.002400,16.319100,0,140,3,143
8623,0.001800,16.082300,0,140,3,143
8624,0.001600,16.855100,0,140,3,143
8625,0.002500,16.683600,0,140,3,143
8626,0.004100,16.843900,0,140,3,143
8627,0.003400,16.339100,0,140,3,143
8628,0.584300,20.474600,1764,139,4,143
8629,0.007800,15.492500,0,139,4,143
8630,0.001900,17.230700,0,139,4,143
8631,0.002600,17.227500,0,139,4,143
8632,0.003500,16.637100,0,139,4,143
8633,0.001300,16.210300,0,139,4,143
8634,0.003900,17.625200,0,139,4,143
8635,0.003100,15.651400,0,139,4,143
8636,0.001700,18.215600,0,139,4,143
8637,0.003200,15.231600,0,139,4,143
8638,0.002200,18.064200,0,139,4,143
8639,1.430900,16.127100,3390,142,1,143
8640,0.002200,15.950700,0,142,1,143
8641,0.002100,16.234100,0,142,1,143
8642,0.001600,17.670000,0,142,1,143
8643,0.001500,16.027600,0,142,1,143
8644,0.002100,16.528700,0,142,1,143
8645,0.002300,16.827100,0,142,1,143
8646,0.003200,17.670300,0,142,1,143
8647,0.002800,15.503500,0,142,1,143
8648,0.002300,16.933700,0,142,1,143
8649,0.003400,20.206500,0,142,1,143
8650,0.002500,13.025400,0,142,1,143
8651,0.680100,16.796200,1770,142,1,143
8652,0.002300,17.095600,0,142,1,143
8653,0.002200,15.953100,0,142,1,143
8654,0.003600,17.161300,0,142,1,143
8655,0.001800,18.219000,0,142,1,143
8656,0.002700,14.961600,0,142,1,143
8657,0.002300,18.318500,0,142,1,143
8658,0.001600,14.769000,0,142,1,143
8659,0.001500,17.576200,0,142,1,143
8660,0.001500,15.702800,0,142,1,143
8661,0.001500,17.672800,0,142,1,143
8662,0.002800,15.968500,0,142,1,143
8663,0.371700,17.758900,1770,141,2,143
8664,0.002500,15.397600,0,141,2,143
8665,0.002900,18.380800,0,141,2,143
8666,0.002100,15.112200,0,141,2,143
8667,0.002900,19.302200,0,141,2,143
8668,0.002500,14.000900,0,141,2,143
8669,0.002700,17.218400,0,141,2,143
8670,0.002000,16.327500,0,141,2,143
8671,0.002300,17.531300,0,141,2,143
8672,0.001900,15.514700,0,141,2,143
8673,0.003100,19.643200,0,141,2,143
8674,0.002100,13.813800,0,141,2,143
8675,0.831400,18.225300,1770,140,3,143
8676,0.003200,15.025100,0,140,3,143
8677,0.003500,19.025500,0,140,3,143
8678,0.001600,14.375500,0,140,3,143
8679,0.005400,18.408600,0,140,3,143
8680,0.001700,14.808500,0,140,3,143
8681,0.002200,18.602500,0,140,3,143
8682,0.001800,15.142500,0,140,3,143
8683,0.002100,17.308000,0,140,3,143
8684,0.001900,16.271200,0,140,3,143
8685,0.001600,17.790200,0,140,3,143
8686,0.001200,15.259600,0,140,3,143
8687,0.682500,18.213300,1770,139,4,143
8688,0.001500,14.640300,0,139,4,143
8689,0.002500,18.436100,0,139,4,143
8690,0.003700,16.058600,0,139,4,143
8691,0.003500,18.166500,0,139,4,143
8692,0.004900,15.843700,0,139,4,143
8693,0.006100,15.720300,0,139,4,143
8694,0.010800,17.053100,0,139,4,143
8695,0.002600,16.510300,0,139,4,143
8696,0.003400,17.146900,0,139,4,143
8697,0.002800,15.551700,0,139,4,143
8698,0.003600,18.235300,0,139,4,143
8699,0.769400,16.041500,1770,138,5,143
8700,0.002900,16.205100,0,138,5,143
8701,0.004300,16.003900,0,138,5,143
8702,0.003400,16.901200,0,138,5,143
8703,0.004500,16.588600,0,138,5,143
8704,0.003000,16.664900,0,138,5,143
8705,0.001900,16.726600,0,138,5,143
8706,0.002500,16.814300,0,138,5,143
8707,0.002700,16.212200,0,138,5,143
8708,0.024200,17.794700,0,138,5,143
8709,0.002400,17.437000,0,138,5,143
8710,0.002700,14.865900,0,138,5,143
8711,0.704700,18.575700,1770,137,6,143
8712,0.002200,15.264300,0,137,6,143
8713,0.002500,16.519100,0,137,6,143
8714,0.004100,16.615300,0,137,6,143
8715,0.001900,16.543600,0,137,6,143
8716,0.003100,17.539800,0,137,6,143
8717,0.003500,16.079800,0,137,6,143
8718,0.002700,16.886900,0,137,6,143
8719,0.003500,19.037400,0,137,6,143
8720,0.003200,14.664100,0,137,6,143
8721,0.003000,18.117200,0,137,6,143
8722,0.004500,14.922800,0,137,6,143
8723,0.518200,17.317600,1770,136,7,143
8724,0.369200,15.251600,1848,143,0,143
8725,0.002500,17.048000,0,143,0,143
8726,0.001400,16.326000,0,143,0,143
8727,0.003700,18.653100,0,143,0,143
8728,0.002100,15.741300,0,143,0,143
8729,0.003400,18.870700,0,143,0,143
8730,0.001200,14.255000,0,143,0,143
8731,0.001500,16.528800,0,143,0,143
8732,0.002100,16.815200,0,143,0,143
8733,0.001500,16.921400,0,143,0,143
8734,0.001500,16.427900,0,143,0,143
8735,0.667700,17.366200,1782,143,0,143
8736,0.001600,15.992100,0,143,0,143
8737,0.002900,16.801600,0,143,0,143
8738,0.005400,17.309500,0,143,0,143
8739,0.003700,18.138800,0,143,0,143
8740,0.002900,15.117500,0,143,0,143
8741,0.004400,18.734900,0,143,0,143
8742,0.002000,15.710000,0,143,0,143
8743,0.004900,16.632900,0,143,0,143
8744,0.002300,16.333200,0,143,0,143
8745,0.002500,17.163400,0,143,0,143
8746,0.003700,16.206600,0,143,0,143
8747,0.536500,17.488000,1782,142,1,143
8748,0.002500,15.938300,0,142,1,143
8749,0.003000,18.039400,0,142,1,143
8750,0.002700,15.254200,0,142,1,143
8751,0.002400,16.812500,0,142,1,143
8752,0.002100,16.478300,0,142,1,143
8753,0.001800,17.004300,0,142,1,143
8754,0.002600,16.352500,0,142,1,143
8755,0.002500,16.833500,0,142,1,143
8756,0.001600,16.200400,0,142,1,143
8757,0.003100,17.510000,0,142,1,143
8758,0.003300,16.254800,0,142,1,143
8759,0.732400,16.933200,1782,141,2,143
8760,0.002300,16.458500,0,141,2,143
8761,0.002900,19.433900,0,141,2,143
8762,0.003000,14.206700,0,141,2,143
8763,0.001400,16.747900,0,141,2,143
8764,0.008300,17.068700,0,141,2,143
8765,0.005600,17.533400,0,141,2,143
8766,0.002600,15.766900,0,141,2,143
8767,0.001700,16.723700,0,141,2,143
8768,0.002100,16.377600,0,141,2,143
8769,0.003400,17.425100,0,141,2,143
8770,0.001800,16.267800,0,141,2,143
8771,0.721000,16.702300,1782,140,3,143
8772,0.001900,16.344500,0,140,3,143
8773,0.001700,16.780600,0,140,3,143
8774,0.001200,16.695300,0,140,3,143
8775,0.001900,16.665800,0,140,3,143
8776,0.001600,17.183500,0,140,3,143
8777,0.002600,16.274600,0,140,3,143
8778,0.001400,16.633000,0,140,3,143
8779,0.001500,16.553500,0,140,3,143
8780,0.001400,16.492400,0,140,3,143
8781,0.001400,16.955000,0,140,3,143
8782,0.002200,16.533800,0,140,3,143
8783,0.389800,16.767400,1782,139,4,143
8784,0.001600,16.563500,0,139,4,143
8785,0.002100,16.665100,0,139,4,143
8786,0.001600,16.513700,0,139,4,143
8787,0.002000,16.887100,0,139,4,143
8788,0.001400,16.802500,0,139,4,143
8789,0.002100,16.672900,0,139,4,143
8790,0.003100,16.743200,0,139,4,143
8791,0.001400,16.775400,0,139,4,143
8792,0.001900,16.137900,0,139,4,143
8793,0.001300,16.905300,0,139,4,143
8794,0.001300,16.544300,0,139,4,143
8795,0.341500,16.706400,1782,138,5,143
8796,0.001300,16.633200,0,138,5,143
8797,0.001600,16.803500,0,138,5,143
8798,0.002100,16.376500,0,138,5,143
8799,0.002100,16.794900,0,138,5,143
8800,0.002400,17.311600,0,138,5,143
8801,0.017300,17.440800,0,138,5,143
8802,0.001500,15.451600,0,138,5,143
8803,0.001400,16.728800,0,138,5,143
8804,0.003900,16.811900,0,138,5,143
8805,0.002200,16.677500,0,138,5,143
8806,0.002100,16.783100,0,138,5,143
8807,1.093800,16.919600,1782,137,6,143
8808,0.001300,16.084300,0,137,6,143
8809,0.002900,17.258200,0,137,6,143
8810,0.002900,16.466800,0,137,6,143
8811,0.003100,17.170100,0,137,6,143
8812,0.002400,16.499400,0,137,6,143
8813,0.002100,16.460500,0,137,6,143
8814,0.003500,17.091800,0,137,6,143
8815,0.004300,16.839900,0,137,6,143
8816,0.003200,16.022900,0,137,6,143
8817,0.003100,17.115600,0,137,6,143
8818,0.003200,16.610200,0,137,6,143
8819,1.478200,16.758900,1782,136,7,143
8820,0.002700,18.000400,0,136,7,143
8821,0.002100,15.128800,0,136,7,143
8822,0.003300,16.518000,0,136,7,143
8823,0.003300,17.659200,0,136,7,143
8824,0.002700,16.487900,0,136,7,143
8825,0.003100,16.827600,0,136,7,143
8826,0.003200,16.650100,0,136,7,143
8827,0.002700,17.107800,0,136,7,143
8828,0.002800,15.616800,0,136,7,143
8829,0.003100,17.380200,0,136,7,143
8830,0.005800,16.565600,0,136,7,143
8831,1.045400,16.696900,1782,135,8,143
8832,0.002600,16.613100,0,135,8,143
8833,0.002600,16.746500,0,135,8,143
8834,0.003700,16.121300,0,135,8,143
8835,0.003200,17.219400,0,135,8,143
8836,0.003100,16.964300,0,135,8,143
8837,0.002800,16.879700,0,135,8,143
8838,0.001600,15.918100,0,135,8,143
8839,0.001900,16.669000,0,135,8,143
8840,0.002100,16.608100,0,135,8,143
8841,0.001500,16.917800,0,135,8,143
8842,0.001600,17.230000,0,135,8,143
8843,0.354600,15.946000,1782,134,9,143
8844,0.001300,16.727500,0,134,9,143
8845,0.001900,16.922500,0,134,9,143
8846,0.002900,16.369300,0,134,9,143
8847,0.003200,17.034100,0,134,9,143
8848,0.001700,16.252900,0,134,9,143
8849,0.002200,16.765000,0,134,9,143
8850,0.002100,16.863400,0,134,9,143
8851,0.002800,16.895300,0,134,9,143
8852,0.003700,16.835900,0,134,9,143
8853,0.002800,16.278500,0,134,9,143
8854,0.003600,17.084400,0,134,9,143
8855,0.348700,16.168100,1782,133,10,143
8856,0.002400,17.075700,0,133,10,143
8857,0.002400,16.689200,0,133,10,143
8858,0.002500,16.867300,0,133,10,143
8859,0.003200,16.076200,0,133,10,143
8860,0.002500,16.959400,0,133,10,143
8861,0.002500,17.557100,0,133,10,143
8862,0.001700,15.859800,0,133,10,143
8863,0.002200,16.655300,0,133,10,143
8864,0.002200,16.845300,0,133,10,143
8865,0.002500,16.264100,0,133,10,143
8866,0.003000,17.237800,0,133,10,143
8867,0.371100,16.225300,1782,132,11,143
8868,0.001300,16.818000,0,132,11,143
8869,0.002000,16.816700,0,132,11,143
8870,0.001400,16.380100,0,132,11,143
8871,0.002000,16.470800,0,132,11,143
8872,0.002800,17.077700,0,132,11,143
8873,0.002500,16.782100,0,132,11,143
8874,0.002900,16.679200,0,132,11,143
8875,0.003800,16.774700,0,132,11,143
8876,0.002300,16.566400,0,132,11,143
8877,0.002600,16.139100,0,132,11,143
8878,0.002300,17.038200,0,132,11,143
8879,1.006200,17.283000,1782,132,11,143
8880,0.002900,16.397600,0,132,11,143
8881,0.002500,16.556700,0,132,11,143
8882,0.002400,16.875400,0,132,11,143
8883,0.002700,16.044400,0,132,11,143
8884,0.002500,17.016000,0,132,11,143
8885,0.002800,16.729400,0,132,11,143
8886,0.002500,16.643200,0,132,11,143
8887,0.002900,19.887400,0,132,11,143
8888,0.002400,13.409800,0,132,11,143
8889,0.002700,16.372100,0,132,11,143
8890,0.002400,17.225500,0,132,11,143
8891,0.701500,16.396600,1782,132,11,143
8892,0.001600,16.541300,0,132,11,143
8893,0.002500,17.017300,0,132,11,143
8894,0.002600,16.687500,0,132,11,143
8895,0.002700,16.349700,0,132,11,143
8896,0.001900,17.177100,0,132,11,143
8897,0.002300,16.501900,0,132,11,143
8898,0.001700,16.512000,0,132,11,143
8899,0.001800,16.638000,0,132,11,143
8900,0.002100,16.896200,0,132,11,143
8901,0.002500,16.280900,0,132,11,143
8902,0.002300,16.974100,0,132,11,143
8903,0.958200,16.717900,1782,132,11,143
8904,0.003000,16.778900,0,132,11,143
8905,0.002300,16.687900,0,132,11,143
8906,0.001800,16.818200,0,132,11,143
8907,0.002600,16.826800,0,132,11,143
8908,0.002600,17.411700,0,132,11,143
8909,0.005400,15.601200,0,132,11,143
8910,0.001400,16.975200,0,132,11,143
8911,0.001900,16.600400,0,132,11,143
8912,0.001500,16.530200,0,132,11,143
8913,0.001400,16.307300,0,132,11,143
8914,0.002900,17.263300,0,132,11,143
8915,0.939300,16.732600,1782,132,11,143
8916,0.002400,16.696500,0,132,11,143
8917,0.002500,17.164100,0,132,11,143
8918,0.003700,16.891900,0,132,11,143
8919,0.003000,16.093100,0,132,11,143
8920,0.002900,17.010000,0,132,11,143
8921,0.002500,16.480600,0,132,11,143
8922,0.002400,16.761800,0,132,11,143
8923,0.003100,17.183800,0,132,11,143
8924,0.002500,16.242800,0,132,11,143
8925,0.003200,16.274900,0,132,11,143
8926,0.001500,16.633100,0,132,11,143
8927,0.651800,17.140600,1782,132,11,143
8928,0.003300,16.393500,0,132,11,143
8929,0.001900,16.637500,0,132,11,143
8930,0.002800,16.882800,0,132,11,143
8931,0.002000,16.146300,0,132,11,143
8932,0.002800,17.165700,0,132,11,143
8933,0.002100,16.807900,0,132,11,143
8934,0.002800,16.513500,0,132,11,143
8935,0.003000,16.629000,0,132,11,143
8936,0.002500,16.789600,0,132,11,143
8937,0.002900,16.431700,0,132,11,143
8938,0.002400,16.941600,0,132,11,143
8939,0.955800,16.810300,1782,132,11,143
8940,0.003900,16.688300,0,132,11,143
8941,0.003100,16.622100,0,132,11,143
8942,0.001600,16.375500,0,132,11,143
8943,0.001300,16.325700,0,132,11,143
8944,0.001400,16.963500,0,132,11,143
8945,0.003000,17.004000,0,132,11,143
8946,0.003000,16.676300,0,132,11,143
8947,0.002700,16.748500,0,132,11,143
8948,0.003100,16.609600,0,132,11,143
8949,0.002500,16.498700,0,132,11,143
8950,0.002300,17.090500,0,132,11,143
8951,0.954000,16.787200,1782,132,11,143
8952,0.001200,16.194600,0,132,11,143
8953,0.002500,17.052600,0,132,11,143
8954,0.003300,16.780500,0,132,11,143
8955,0.003700,16.282400,0,132,11,143
8956,0.002400,17.516000,0,132,11,143
8957,0.003100,16.153300,0,132,11,143
8958,0.002100,16.123900,0,132,11,143
8959,0.015200,17.723200,0,132,11,143
8960,0.001800,15.591500,0,132,11,143
8961,0.001600,16.558300,0,132,11,143
8962,0.001400,16.865200,0,132,11,143
8963,0.367900,16.602800,1782,132,11,143
8964,0.001300,16.624500,0,132,11,143
8965,0.001400,16.765800,0,132,11,143
8966,0.002100,16.653500,0,132,11,143
8967,0.002400,16.486300,0,132,11,143
8968,0.002100,16.916500,0,132,11,143
8969,0.001300,16.612500,0,132,11,143
8970,0.001400,16.611000,0,132,11,143
8971,0.001500,16.664800,0,132,11,143
8972,0.001600,16.674600,0,132,11,143
8973,0.001300,16.483100,0,132,11,143
8974,0.001200,16.853900,0,132,11,143
8975,0.480600,16.990400,1782,132,11,143
8976,0.001400,16.444700,0,132,11,143
8977,0.001400,16.663700,0,132,11,143
8978,0.001400,16.660400,0,132,11,143
8979,0.002700,16.420400,0,132,11,143
8980,0.001400,16.941200,0,132,11,143
8981,0.001700,16.710100,0,132,11,143
8982,0.001400,16.503300,0,132,11,143
8983,0.001800,17.074500,0,132,11,143
8984,0.001800,16.264600,0,132,11,143
8985,0.002600,16.680200,0,132,11,143
8986,0.002300,17.301900,0,132,11,143
8987,0.602800,16.330200,1782,132,11,143
8988,0.001600,16.958500,0,132,11,143
8989,0.002100,16.399000,0,132,11,143
8990,0.002900,16.653800,0,132,11,143
8991,0.001400,16.546000,0,132,11,143
8992,0.001200,16.499100,0,132,11,143
8993,0.001400,16.778400,0,132,11,143
8994,0.002600,17.106200,0,132,11,143
8995,0.001700,16.314200,0,132,11,143
8996,0.002200,16.712600,0,132,11,143
8997,0.003300,16.541600,0,132,11,143
8998,0.002400,17.190300,0,132,11,143
8999,0.381700,16.188000,1782,132,11,143
9000,0.002100,16.822100,0,132,11,143
9001,0.002600,16.565300,0,132,11,143
9002,0.001400,16.531600,0,132,11,143
9003,0.002200,16.530100,0,132,11,143
9004,0.001900,16.766000,0,132,11,143
9005,0.001800,16.700000,0,132,11,143
9006,0.002000,16.624300,0,132,11,143
9007,0.002200,17.165500,0,132,11,143
9008,0.002200,16.687200,0,132,11,143
9009,0.001600,16.052300,0,132,11,143
9010,0.001900,17.000600,0,132,11,143
9011,0.903200,16.761700,1782,132,11,143
9012,0.002400,16.714800,0,132,11,143
9013,0.003100,16.854300,0,132,11,143
9014,0.002800,16.704000,0,132,11,143
9015,0.003100,16.207800,0,132,11,143
9016,0.001600,16.939000,0,132,11,143
9017,0.001900,16.492800,0,132,11,143
9018,0.003100,17.244000,0,132,11,143
9019,0.002600,16.640300,0,132,11,143
9020,0.003000,16.406100,0,132,11,143
9021,0.003000,16.358500,0,132,11,143
9022,0.003800,17.221900,0,132,11,143
9023,0.461700,16.358400,1782,132,11,143
9024,0.001300,16.453700,0,132,11,143
9025,0.002700,16.819000,0,132,11,143
9026,0.002400,17.015900,0,132,11,143
9027,0.002400,16.153000,0,132,11,143
9028,0.002600,17.203600,0,132,11,143
9029,0.003000,16.588400,0,132,11,143
9030,0.003400,16.882700,0,132,11,143
9031,0.001800,16.173200,0,132,11,143
9032,0.002900,16.902300,0,132,11,143
9033,0.001500,16.020200,0,132,11,143
9034,0.001200,16.813700,0,132,11,143
9035,0.360400,16.891600,1782,132,11,143
9036,0.003600,17.198900,0,132,11,143
9037,0.001400,16.041200,0,132,11,143
9038,0.001600,16.709200,0,132,11,143
9039,0.001600,16.941100,0,132,11,143
9040,0.001500,16.251000,0,132,11,143
9041,0.001900,18.466800,0,132,11,143
9042,0.002100,15.987200,0,132,11,143
9043,0.001500,15.934000,0,132,11,143
9044,0.001500,16.675300,0,132,11,143
9045,0.001900,16.358100,0,132,11,143
9046,0.001800,17.048500,0,132,11,143
9047,0.542100,18.265800,1782,132,11,143
9048,0.001700,14.996500,0,132,11,143
9049,0.002000,16.996100,0,132,11,143
9050,0.002700,16.637500,0,132,11,143
9051,0.001600,17.015300,0,132,11,143
9052,0.002600,16.984100,0,132,11,143
9053,0.002500,17.630200,0,132,11,143
9054,0.002700,15.482800,0,132,11,143
9055,0.001700,16.503400,0,132,11,143
9056,0.002100,16.756700,0,132,11,143
9057,0.003800,17.382900,0,132,11,143
9058,0.002700,18.028900,0,132,11,143
9059,0.322100,15.254600,1782,132,11,143
9060,0.001200,16.906800,0,132,11,143
9061,0.002000,16.719500,0,132,11,143
9062,0.001500,16.522900,0,132,11,143
9063,0.001300,16.610200,0,132,11,143
9064,0.001400,16.554300,0,132,11,143
9065,0.002100,17.022500,0,132,11,143
9066,0.001800,16.714800,0,132,11,143
9067,0.002600,16.997800,0,132,11,143
9068,0.002500,17.223300,0,132,11,143
9069,0.002600,15.994800,0,132,11,143
9070,0.002600,16.324500,0,132,11,143
9071,0.532100,16.941900,1782,132,11,143
9072,0.003200,17.418400,0,132,11,143
9073,0.002500,15.993400,0,132,11,143
9074,0.002400,16.726100,0,132,11,143
9075,0.002300,16.722700,0,132,11,143
9076,0.002600,16.655100,0,132,11,143
9077,0.003500,17.335700,0,132,11,143
9078,0.002900,15.778200,0,132,11,143
9079,0.001400,16.544000,0,132,11,143
9080,0.001900,16.910700,0,132,11,143
9081,0.001800,16.742100,0,132,11,143
9082,0.002500,16.559700,0,132,11,143
9083,0.668300,17.046200,1782,132,11,143
9084,0.003500,16.773500,0,132,11,143
9085,0.004500,16.644900,0,132,11,143
9086,0.001700,17.702300,0,132,11,143
9087,0.001500,14.935800,0,132,11,143
9088,0.002300,16.622800,0,132,11,143
9089,0.002600,17.021200,0,132,11,143
9090,0.002400,16.599700,0,132,11,143
9091,0.002600,16.910100,0,132,11,143
9092,0.003900,16.681800,0,132,11,143
9093,0.001600,16.319100,0,132,11,143
9094,0.002000,16.298800,0,132,11,143
9095,0.496900,16.986600,1782,132,11,143
9096,0.003300,17.055900,0,132,11,143
9097,0.003000,16.840800,0,132,11,143
9098,0.003600,16.512300,0,132,11,143
9099,0.007800,17.942400,0,132,11,143
9100,0.002000,14.650800,0,132,11,143
9101,0.001400,16.895200,0,132,11,143
9102,0.003200,17.037000,0,132,11,143
9103,0.001900,16.354000,0,132,11,143
9104,0.001900,16.848400,0,132,11,143
9105,0.001900,16.398300,0,132,11,143
9106,0.001400,16.475000,0,132,11,143
9107,0.417400,16.925800,1782,132,11,143
9108,0.002800,17.026400,0,132,11,143
9109,0.540900,16.400000,1716,143,0,143
9110,0.001900,16.649600,0,143,0,143
9111,0.002600,17.246900,0,143,0,143
9112,0.002200,15.875500,0,143,0,143
9113,0.001300,16.878500,0,143,0,143
9114,0.001300,16.544700,0,143,0,143
9115,0.001300,16.796300,0,143,0,143
9116,0.001300,16.652900,0,143,0,143
9117,0.002300,16.984400,0,143,0,143
9118,0.020900,16.494500,0,143,0,143
9119,0.528900,17.065300,1770,143,0,143
9120,0.002100,16.407500,0,143,0,143
9121,0.001500,16.490100,0,143,0,143
9122,0.003000,17.182600,0,143,0,143
9123,0.002400,16.719600,0,143,0,143
9124,0.002700,16.056600,0,143,0,143
9125,0.003400,17.264700,0,143,0,143
9126,0.002000,16.288500,0,143,0,143
9127,0.001700,16.667400,0,143,0,143
9128,0.002700,16.834700,0,143,0,143
9129,0.002600,16.984500,0,143,0,143
9130,0.002600,16.112000,0,143,0,143
9131,0.945900,17.162500,1770,142,1,143
9132,0.002300,16.835700,0,142,1,143
9133,0.002300,16.224700,0,142,1,143
9134,0.002200,16.529200,0,142,1,143
9135,0.002900,17.351300,0,142,1,143
9136,0.002800,16.612300,0,142,1,143
9137,0.002300,16.695000,0,142,1,143
9138,0.003100,16.486400,0,142,1,143
9139,0.002600,16.864600,0,142,1,143
9140,0.002800,16.317300,0,142,1,143
9141,0.002100,16.665500,0,142,1,143
9142,0.001500,16.288400,0,142,1,143
9143,0.928000,17.533900,1770,141,2,143
9144,0.002900,16.536000,0,141,2,143
9145,0.003200,17.233700,0,141,2,143
9146,0.001300,15.986400,0,141,2,143
9147,0.001400,16.596100,0,141,2,143
9148,0.002000,16.488700,0,141,2,143
9149,0.003200,17.283700,0,141,2,143
9150,0.002400,16.525600,0,141,2,143
9151,0.002400,16.698300,0,141,2,143
9152,0.002300,16.770500,0,141,2,143
9153,0.002600,16.719600,0,141,2,143
9154,0.001600,16.111300,0,141,2,143
9155,0.679000,17.080600,1770,140,3,143
9156,0.003000,16.865600,0,140,3,143
9157,0.003000,16.730200,0,140,3,143
9158,0.003100,16.641900,0,140,3,143
9159,0.002600,16.524400,0,140,3,143
9160,0.002500,16.288300,0,140,3,143
9161,0.001700,16.871000,0,140,3,143
9162,0.002300,16.942600,0,140,3,143
9163,0.001900,16.255800,0,140,3,143
9164,0.002100,16.671200,0,140,3,143
9165,0.001400,16.618600,0,140,3,143
9166,0.001700,16.540400,0,140,3,143
9167,0.374100,17.024400,1770,139,4,143
9168,0.001300,16.486500,0,139,4,143
9169,0.002100,16.626000,0,139,4,143
9170,0.001900,16.693400,0,139,4,143
9171,0.001200,16.699800,0,139,4,143
9172,0.002100,16.412200,0,139,4,143
9173,0.001800,16.905300,0,139,4,143
9174,0.003500,16.755900,0,139,4,143
9175,0.002600,16.818300,0,139,4,143
9176,0.002000,16.951900,0,139,4,143
9177,0.001500,16.659100,0,139,4,143
9178,0.001800,16.407600,0,139,4,143
9179,0.405500,16.912600,1770,138,5,143
9180,0.001800,16.629000,0,138,5,143
9181,0.002300,17.325400,0,138,5,143
9182,0.001900,16.082200,0,138,5,143
9183,0.001400,16.632600,0,138,5,143
9184,0.001600,16.400300,0,138,5,143
9185,0.002000,17.618700,0,138,5,143
9186,0.002400,16.643100,0,138,5,143
9187,0.002900,16.894300,0,138,5,143
9188,0.001700,16.716700,0,138,5,143
9189,0.003700,17.138700,0,138,5,143
9190,0.003100,16.311000,0,138,5,143
9191,0.946800,16.240300,1770,137,6,143
9192,0.002800,16.997800,0,137,6,143
9193,0.003000,17.111800,0,137,6,143
9194,0.412400,16.229400,1716,143,0,143
9195,0.001900,16.288800,0,143,0,143
9196,0.001200,16.850000,0,143,0,143
9197,0.001900,16.361700,0,143,0,143
9198,0.002900,17.251600,0,143,0,143
9199,0.002400,16.562600,0,143,0,143
9200,0.004300,17.185900,0,143,0,143
9201,0.003600,16.206400,0,143,0,143
9202,0.001400,16.404300,0,143,0,143
9203,0.844900,16.518400,1764,143,0,143
9204,0.002500,17.097200,0,143,0,143
9205,0.002300,16.515000,0,143,0,143
9206,0.002500,16.746500,0,143,0,143
9207,0.003600,16.661700,0,143,0,143
9208,0.003100,16.831400,0,143,0,143
9209,0.001700,16.029800,0,143,0,143
9210,0.002300,17.311800,0,143,0,143
9211,0.002900,16.656300,0,143,0,143
9212,0.003000,16.883900,0,143,0,143
9213,0.002700,16.707100,0,143,0,143
9214,0.002900,16.404000,0,143,0,143
9215,0.669700,16.217400,1764,142,1,143
9216,0.001900,16.873700,0,142,1,143
9217,0.002300,16.817500,0,142,1,143
9218,0.002500,16.704900,0,142,1,143
9219,0.002900,16.714800,0,142,1,143
9220,0.002800,16.782100,0,142,1,143
9221,0.002500,16.277300,0,142,1,143
9222,0.003400,17.208900,0,142,1,143
9223,0.002200,16.394100,0,142,1,143
9224,0.002000,16.776900,0,142,1,143
9225,0.006700,16.743400,0,142,1,143
9226,0.002500,16.715400,0,142,1,143
9227,0.937500,16.171000,1764,141,2,143
9228,0.002600,16.964500,0,141,2,143
9229,0.002900,16.716600,0,141,2,143
9230,0.001600,16.464300,0,141,2,143
9231,0.002400,16.835900,0,141,2,143
9232,0.003300,17.185000,0,141,2,143
9233,0.002100,15.819600,0,141,2,143
9234,0.001400,16.762200,0,141,2,143
9235,0.002800,16.994600,0,141,2,143
9236,0.002800,16.931600,0,141,2,143
9237,0.001500,16.123800,0,141,2,143
9238,0.002600,16.975500,0,141,2,143
9239,0.385100,16.226100,1764,140,3,143
9240,0.001300,16.874500,0,140,3,143
9241,0.002200,16.900300,0,140,3,143
9242,0.001600,16.569400,0,140,3,143
9243,0.002000,17.201700,0,140,3,143
9244,0.002800,16.376300,0,140,3,143
9245,0.002100,16.298200,0,140,3,143
9246,0.002300,16.897000,0,140,3,143
9247,0.002400,16.771500,0,140,3,143
9248,0.001600,16.613500,0,140,3,143
9249,0.001600,16.757700,0,140,3,143
9250,0.002200,16.686800,0,140,3,143
9251,0.366900,16.487200,1764,139,4,143
9252,0.003000,17.249800,0,139,4,143
9253,0.002600,16.774000,0,139,4,143
9254,0.002300,16.707500,0,139,4,143
9255,0.001400,16.296300,0,139,4,143
9256,0.001900,16.931900,0,139,4,143
9257,0.001500,16.167900,0,139,4,143
9258,0.002500,16.868100,0,139,4,143
9259,0.001400,16.641100,0,139,4,143
9260,0.001500,16.622100,0,139,4,143
9261,0.001900,16.680500,0,139,4,143
9262,0.001900,16.806900,0,139,4,143
9263,0.358100,16.344400,1764,138,5,143
9264,0.357500,16.860000,1716,143,0,143
9265,0.001800,16.902200,0,143,0,143
9266,0.004300,17.131900,0,143,0,143
9267,0.001400,16.112900,0,143,0,143
9268,0.002100,16.491400,0,143,0,143
9269,0.002500,16.572100,0,143,0,143
9270,0.001500,17.383800,0,143,0,143
9271,0.002200,16.617800,0,143,0,143
9272,0.001900,16.738600,0,143,0,143
9273,0.001600,16.528900,0,143,0,143
9274,0.002700,16.828700,0,143,0,143
9275,0.992600,16.464400,1758,143,0,143
9276,0.002900,17.080000,0,143,0,143
9277,0.002100,16.548100,0,143,0,143
9278,0.026300,20.793600,0,143,0,143
9279,0.010200,12.705600,0,143,0,143
9280,0.002000,16.627000,0,143,0,143
9281,0.002700,16.355000,0,143,0,143
9282,0.002600,17.015500,0,143,0,143
9283,0.001600,16.592500,0,143,0,143
9284,0.003100,17.841900,0,143,0,143
9285,0.002200,15.657300,0,143,0,143
9286,1.371100,17.171600,1758,142,1,143
9287,0.002000,15.756000,0,142,1,143
9288,0.001400,17.039200,0,142,1,143
9289,0.001800,16.430900,0,142,1,143
9290,0.034600,16.720500,0,142,1,143
9291,0.003700,17.132400,0,142,1,143
9292,0.002900,16.816100,0,142,1,143
9293,0.003000,15.961800,0,142,1,143
9294,0.002500,17.438800,0,142,1,143
9295,0.002400,16.408100,0,142,1,143
9296,0.002500,16.901500,0,142,1,143
9297,0.003100,16.364700,0,142,1,143
9298,0.002200,16.441500,0,142,1,143
9299,1.143400,16.483500,1758,141,2,143
9300,0.003000,17.174100,0,141,2,143
9301,0.003100,16.763400,0,141,2,143
9302,0.006000,16.638700,0,141,2,143
9303,0.003300,16.672000,0,141,2,143
9304,0.004400,16.704500,0,141,2,143
9305,0.004200,16.162400,0,141,2,143
9306,0.002600,17.197800,0,141,2,143
9307,0.003100,16.563900,0,141,2,143
9308,0.002500,16.646900,0,141,2,143
9309,0.002700,16.910600,0,141,2,143
9310,0.936400,16.643500,1758,140,3,143
9311,0.004200,16.126300,0,140,3,143
9312,0.002600,17.207900,0,140,3,143
9313,0.003000,16.539800,0,140,3,143
9314,0.002600,16.810100,0,140,3,143
9315,0.003100,16.499800,0,140,3,143
9316,0.002600,17.659500,0,140,3,143
9317,0.002900,15.259800,0,140,3,143
9318,0.003100,17.327000,0,140,3,143
9319,0.002800,16.671100,0,140,3,143
9320,0.003000,16.680500,0,140,3,143
9321,0.002600,16.528900,0,140,3,143
9322,1.037600,16.676300,1758,139,4,143
9323,0.002800,16.124300,0,139,4,143
9324,0.004000,17.273500,0,139,4,143
9325,0.003300,16.582000,0,139,4,143
9326,0.003000,16.782200,0,139,4,143
9327,0.951200,16.323400,1716,143,0,143
9328,0.002700,17.181300,0,143,0,143
9329,0.003400,15.948500,0,143,0,143
9330,0.004100,17.332500,0,143,0,143
9331,0.002500,16.440500,0,143,0,143
9332,0.002600,16.978600,0,143,0,143
9333,0.001900,16.313300,0,143,0,143
9334,0.001400,16.464700,0,143,0,143
9335,0.906500,16.493700,1752,143,0,143
9336,0.002300,17.116300,0,143,0,143
9337,0.002300,16.702900,0,143,0,143
9338,0.002000,17.385500,0,143,0,143
9339,0.002100,15.512100,0,143,0,143
9340,0.003000,17.293900,0,143,0,143
9341,0.002100,16.351500,0,143,0,143
9342,0.003200,17.379000,0,143,0,143
9343,0.032800,16.655200,0,143,0,143
9344,0.003100,16.853100,0,143,0,143
9345,0.002600,16.421700,0,143,0,143
9346,1.385600,16.793400,1752,142,1,143
9347,0.002300,15.938300,0,142,1,143
9348,0.001400,16.985200,0,142,1,143
9349,0.001600,16.557600,0,142,1,143
9350,0.002000,16.943400,0,142,1,143
9351,0.001300,16.363600,0,142,1,143
9352,0.002400,17.071700,0,142,1,143
9353,0.003200,16.203200,0,142,1,143
9354,0.001900,17.139500,0,142,1,143
9355,0.001600,16.347200,0,142,1,143
9356,0.002400,17.230800,0,142,1,143
9357,0.003200,16.586800,0,142,1,143
9358,0.701300,18.819100,1752,141,2,143
9359,0.001600,13.718600,0,141,2,143
9360,0.002000,16.956600,0,141,2,143
9361,0.002600,16.525500,0,141,2,143
9362,0.001900,18.740700,0,141,2,143
9363,0.001300,14.568000,0,141,2,143
9364,0.001600,18.708500,0,141,2,143
9365,0.001400,14.473900,0,141,2,143
9366,0.002600,17.413500,0,141,2,143
9367,0.001200,16.165700,0,141,2,143
9368,0.001600,16.757400,0,141,2,143
9369,0.001400,16.593000,0,141,2,143
9370,0.438400,18.628800,1752,140,3,143
9371,0.002000,14.416200,0,140,3,143
9372,0.003300,19.272800,0,140,3,143
9373,0.002500,14.973900,0,140,3,143
9374,0.001300,16.146000,0,140,3,143
9375,0.001700,16.845800,0,140,3,143
9376,0.011900,18.457600,0,140,3,143
9377,0.001400,14.472700,0,140,3,143
9378,0.001600,18.794700,0,140,3,143
9379,0.001400,14.678100,0,140,3,143
9380,0.001700,18.812400,0,140,3,143
9381,0.002100,14.514800,0,140,3,143
9382,0.453600,18.500300,1752,139,4,143
9383,0.001900,14.697100,0,139,4,143
9384,0.002700,17.236300,0,139,4,143
9385,0.003200,17.155700,0,139,4,143
9386,0.002500,16.451800,0,139,4,143
9387,1.235800,16.635200,1716,143,0,143
9388,0.016700,17.518200,0,143,0,143
9389,0.001700,15.085800,0,143,0,143
9390,0.002600,17.143300,0,143,0,143
9391,0.001400,16.329100,0,143,0,143
9392,0.002300,16.698600,0,143,0,143
9393,0.001300,16.586500,0,143,0,143
9394,0.836700,18.353300,1746,143,0,143
9395,0.001400,15.012600,0,143,0,143
9396,0.001500,18.433700,0,143,0,143
9397,0.002300,15.665600,0,143,0,143
9398,0.003600,16.879300,0,143,0,143
9399,0.002600,16.722600,0,143,0,143
9400,0.003000,16.515600,0,143,0,143
9401,0.001400,16.053400,0,143,0,143
9402,0.001300,16.871100,0,143,0,143
9403,0.001700,16.740300,0,143,0,143
9404,0.001400,17.867700,0,143,0,143
9405,0.001200,15.447300,0,143,0,143
9406,0.458700,18.379700,1746,142,1,143
9407,0.001400,14.748700,0,142,1,143
9408,0.003600,19.013200,0,142,1,143
9409,0.001200,14.470200,0,142,1,143
9410,0.002100,18.129700,0,142,1,143
9411,0.001400,15.201100,0,142,1,143
9412,0.003100,17.340500,0,142,1,143
9413,0.001400,15.880500,0,142,1,143
9414,0.002300,19.042500,0,142,1,143
9415,0.001400,14.564000,0,142,1,143
9416,0.001300,18.039400,0,142,1,143
9417,0.002300,15.834600,0,142,1,143
9418,1.534500,16.585900,1746,141,2,143
9419,0.002600,16.876700,0,141,2,143
9420,0.002600,16.116000,0,141,2,143
9421,0.002600,16.986300,0,141,2,143
9422,0.001900,16.552200,0,141,2,143
9423,0.002300,16.907400,0,141,2,143
9424,0.003600,18.526000,0,141,2,143
9425,0.002400,14.955300,0,141,2,143
9426,0.003000,16.202700,0,141,2,143
9427,0.002800,17.194200,0,141,2,143
9428,0.001900,17.898300,0,141,2,143
9429,0.001400,14.852500,0,141,2,143
9430,0.404000,17.758600,1746,140,3,143
9431,0.001300,15.639900,0,140,3,143
9432,0.001600,17.546400,0,140,3,143
9433,0.002800,16.311400,0,140,3,143
9434,0.009100,18.016900,0,140,3,143
9435,0.002300,15.955900,0,140,3,143
9436,0.006000,17.873100,0,140,3,143
9437,0.002600,15.707100,0,140,3,143
9438,0.004500,17.926500,0,140,3,143
9439,0.001400,14.941100,0,140,3,143
9440,0.001700,17.353900,0,140,3,143
9441,0.001400,15.941400,0,140,3,143
9442,0.506300,18.488600,1746,139,4,143
9443,0.001300,14.926100,0,139,4,143
9444,0.003300,17.971000,0,139,4,143
9445,0.003100,15.658600,0,139,4,143
9446,0.002200,18.381800,0,139,4,143
9447,0.002500,15.084300,0,139,4,143
9448,0.575600,18.420900,1716,143,0,143
9449,0.001700,14.735500,0,143,0,143
9450,0.002400,17.866900,0,143,0,143
9451,0.002800,16.166200,0,143,0,143
9452,0.004800,16.724400,0,143,0,143
9453,0.003200,16.544400,0,143,0,143
9454,1.025100,18.413700,1740,143,0,143
9455,0.001400,14.834400,0,143,0,143
9456,0.002000,16.434700,0,143,0,143
9457,0.002100,17.176600,0,143,0,143
9458,0.002500,17.851700,0,143,0,143
9459,0.001500,15.216200,0,143,0,143
9460,0.001400,16.878500,0,143,0,143
9461,0.002200,16.942400,0,143,0,143
9462,0.001900,17.923100,0,143,0,143
9463,0.001800,15.088900,0,143,0,143
9464,0.003600,17.726200,0,143,0,143
9465,0.004000,16.056400,0,143,0,143
9466,1.249700,17.837300,1740,142,1,143
9467,0.002800,15.357200,0,142,1,143
9468,0.015300,17.376600,0,142,1,143
9469,0.004700,16.530800,0,142,1,143
9470,0.004200,16.422400,0,142,1,143
9471,0.002300,16.284400,0,142,1,143
9472,0.002800,16.813000,0,142,1,143
9473,0.001300,16.394700,0,142,1,143
9474,0.002500,17.300000,0,142,1,143
9475,0.002000,16.136600,0,142,1,143
9476,0.003500,16.795600,0,142,1,143
9477,0.001300,16.443700,0,142,1,143
9478,0.516100,17.093200,1740,141,2,143
9479,0.001800,16.800400,0,141,2,143
9480,0.004200,16.411100,0,141,2,143
9481,0.004200,17.032300,0,141,2,143
9482,0.004400,18.713700,0,141,2,143
9483,0.002700,14.442300,0,141,2,143
9484,0.003100,18.624300,0,141,2,143
9485,0.005100,14.941700,0,141,2,143
9486,0.002300,16.300400,0,141,2,143
9487,0.001600,16.705000,0,141,2,143
9488,0.002700,16.809100,0,141,2,143
9489,0.002600,17.146200,0,141,2,143
9490,0.368200,16.045900,1740,140,3,143
9491,0.002300,16.969000,0,140,3,143
9492,0.002700,16.389300,0,140,3,143
9493,0.002600,16.874700,0,140,3,143
9494,0.002000,16.577000,0,140,3,143
9495,0.001300,16.440100,0,140,3,143
9496,0.001800,17.198700,0,140,3,143
9497,0.001400,16.122600,0,140,3,143
9498,0.002800,16.781700,0,140,3,143
9499,0.001500,17.524600,0,140,3,143
9500,0.001400,15.738500,0,140,3,143
9501,0.001200,16.632600,0,140,3,143
9502,0.473600,16.761400,1740,139,4,143
9503,0.002300,16.957500,0,139,4,143
9504,0.003200,16.576800,0,139,4,143
9505,0.002600,17.036400,0,139,4,143
9506,0.002700,17.927000,0,139,4,143
9507,0.005400,14.825500,0,139,4,143
9508,0.001200,16.627700,0,139,4,143
9509,0.002000,16.847000,0,139,4,143
9510,0.424200,16.693200,1716,143,0,143
9511,0.001400,16.430500,0,143,0,143
9512,0.002200,17.019700,0,143,0,143
9513,0.002700,16.491700,0,143,0,143
9514,0.336900,16.546800,1734,143,0,143
9515,0.001500,16.951500,0,143,0,143
9516,0.003500,16.555200,0,143,0,143
9517,0.001500,16.605000,0,143,0,143
9518,0.002100,16.792300,0,143,0,143
9519,0.019500,19.820700,0,143,0,143
9520,0.012200,14.666600,0,143,0,143
9521,0.001400,15.388400,0,143,0,143
9522,0.001700,16.458600,0,143,0,143
9523,0.002100,16.893100,0,143,0,143
9524,0.001300,16.604200,0,143,0,143
9525,0.006000,16.861700,0,143,0,143
9526,0.506700,16.808800,1734,142,1,143
9527,0.001300,16.451600,0,142,1,143
9528,0.002300,17.733200,0,142,1,143
9529,0.001900,16.303100,0,142,1,143
9530,0.001300,17.039900,0,142,1,143
9531,0.002000,16.580800,0,142,1,143
9532,0.001300,16.514700,0,142,1,143
9533,0.001800,16.904500,0,142,1,143
9534,0.018200,16.701400,0,142,1,143
9535,0.001900,16.408300,0,142,1,143
9536,0.001500,17.356000,0,142,1,143
9537,0.002000,16.189800,0,142,1,143
9538,0.426900,16.655300,1734,141,2,143
9539,0.001500,17.397500,0,141,2,143
9540,0.002200,16.938100,0,141,2,143
9541,0.002000,16.006200,0,141,2,143
9542,0.002000,17.292500,0,141,2,143
9543,0.002700,16.897400,0,141,2,143
9544,0.001500,16.502800,0,141,2,143
9545,0.001500,16.563400,0,141,2,143
9546,0.003300,16.782000,0,141,2,143
9547,0.001500,16.331400,0,141,2,143
9548,0.001300,17.040100,0,141,2,143
9549,0.001400,16.620000,0,141,2,143
9550,0.413000,16.698400,1734,140,3,143
9551,0.001500,16.531400,0,140,3,143
9552,0.002700,17.037600,0,140,3,143
9553,0.002300,16.500600,0,140,3,143
9554,0.001400,16.644100,0,140,3,143
9555,0.001900,16.696900,0,140,3,143
9556,0.002300,17.026100,0,140,3,143
9557,0.001300,16.333000,0,140,3,143
9558,0.001300,16.709800,0,140,3,143
9559,0.003100,16.576700,0,140,3,143
9560,0.002600,16.961300,0,140,3,143
9561,0.001800,16.500000,0,140,3,143
9562,0.501600,17.200400,1734,139,4,143
9563,0.005300,17.523000,0,139,4,143
9564,0.001700,15.713900,0,139,4,143
9565,0.004200,16.151600,0,139,4,143
9566,0.001300,16.679200,0,139,4,143
9567,0.002400,17.021800,0,139,4,143
9568,0.005100,18.418900,0,139,4,143
9569,0.003200,17.021100,0,139,4,143
9570,0.006600,15.045300,0,139,4,143
9571,0.002300,15.709400,0,139,4,143
9572,0.002600,16.992700,0,139,4,143
9573,0.003900,16.623800,0,139,4,143
9574,0.434200,16.522000,1734,138,5,143
9575,0.003300,16.723400,0,138,5,143
9576,0.002700,17.011800,0,138,5,143
9577,0.001500,16.112500,0,138,5,143
9578,0.010700,19.278200,0,138,5,143
9579,0.003000,14.263600,0,138,5,143
9580,0.421600,16.636000,1716,143,0,143
9581,0.001300,16.586500,0,143,0,143
9582,0.001500,16.695000,0,143,0,143
9583,0.001900,16.466500,0,143,0,143
9584,0.001400,16.871400,0,143,0,143
9585,0.002000,16.761000,0,143,0,143
9586,0.980600,17.193700,1728,143,0,143
9587,0.001400,16.011400,0,143,0,143
9588,0.002000,16.795500,0,143,0,143
9589,0.001400,16.371300,0,143,0,143
9590,0.001900,16.814800,0,143,0,143
9591,0.002000,16.821300,0,143,0,143
9592,0.003200,17.048800,0,143,0,143
9593,0.002500,16.771300,0,143,0,143
9594,0.001500,16.306200,0,143,0,143
9595,0.002000,16.273000,0,143,0,143
9596,0.002000,17.117300,0,143,0,143
9597,0.002900,17.129600,0,143,0,143
9598,1.076200,17.321900,1728,142,1,143
9599,0.002100,15.680300,0,142,1,143
9600,0.002200,16.643100,0,142,1,143
9601,0.002000,16.637600,0,142,1,143
9602,0.001600,16.830600,0,142,1,143
9603,0.002400,17.030600,0,142,1,143
9604,0.002600,16.840700,0,142,1,143
9605,0.002900,16.701600,0,142,1,143
9606,0.003900,16.433100,0,142,1,143
9607,0.003600,16.114800,0,142,1,143
9608,0.002100,17.227400,0,142,1,143
9609,0.002100,16.277300,0,142,1,143
9610,0.484400,16.646700,1728,141,2,143
9611,0.003100,17.099700,0,141,2,143
9612,0.002300,16.486300,0,141,2,143
9613,0.002600,16.382600,0,141,2,143
9614,0.003800,17.236000,0,141,2,143
9615,0.001500,16.231300,0,141,2,143
9616,0.001300,16.831300,0,141,2,143
9617,0.002900,16.968900,0,141,2,143
9618,0.004000,16.901600,0,141,2,143
9619,0.003500,15.844000,0,141,2,143
9620,0.002500,17.092200,0,141,2,143
9621,0.003200,16.592000,0,141,2,143
9622,0.391000,16.366800,1728,140,3,143
9623,0.002700,16.842700,0,140,3,143
9624,0.002600,17.027400,0,140,3,143
9625,0.003300,16.025100,0,140,3,143
9626,0.002500,16.962000,0,140,3,143
9627,0.001900,16.553400,0,140,3,143
9628,0.002500,16.726100,0,140,3,143
9629,0.001500,16.489000,0,140,3,143
9630,0.002200,16.848500,0,140,3,143
9631,0.003200,16.435900,0,140,3,143
9632,0.003400,17.346800,0,140,3,143
9633,0.002400,16.665300,0,140,3,143
9634,0.971200,16.650800,1728,139,4,143
9635,0.002500,16.504200,0,139,4,143
9636,0.001700,16.267800,0,139,4,143
9637,0.003300,16.564900,0,139,4,143
9638,0.002900,16.997900,0,139,4,143
9639,0.001800,16.417400,0,139,4,143
9640,0.002200,16.588700,0,139,4,143
9641,0.001900,16.702500,0,139,4,143
9642,0.002500,16.806300,0,139,4,143
9643,0.001500,16.448300,0,139,4,143
9644,0.002100,17.109300,0,139,4,143
9645,0.002400,16.693700,0,139,4,143
9646,0.968000,16.760500,1728,138,5,143
9647,0.002700,17.227800,0,138,5,143
9648,0.002100,15.640900,0,138,5,143
9649,0.002900,16.556100,0,138,5,143
9650,0.002800,17.112000,0,138,5,143
9651,0.002900,16.751600,0,138,5,143
9652,0.002300,16.855300,0,138,5,143
9653,0.002400,16.501300,0,138,5,143
9654,0.002400,16.880800,0,138,5,143
9655,0.002700,16.087600,0,138,5,143
9656,0.001400,16.691500,0,138,5,143
9657,0.002900,16.870100,0,138,5,143
9658,0.306300,16.524400,1728,137,6,143
9659,0.002300,17.167500,0,137,6,143
9660,0.001400,16.208300,0,137,6,143
9661,0.001700,16.366800,0,137,6,143
9662,0.001700,17.026500,0,137,6,143
9663,0.001800,16.582100,0,137,6,143
9664,0.002600,16.846700,0,137,6,143
9665,0.876700,16.875500,1716,143,0,143
9666,0.002400,16.637300,0,143,0,143
9667,0.002900,16.328700,0,143,0,143
9668,0.001400,16.628900,0,143,0,143
9669,0.001500,16.700300,0,143,0,143
9670,0.331300,16.719200,1722,143,0,143
9671,0.002900,16.960000,0,143,0,143
9672,0.001600,16.284900,0,143,0,143
9673,0.001600,16.600500,0,143,0,143
9674,0.001200,16.661200,0,143,0,143
9675,0.001400,16.865800,0,143,0,143
9676,0.002000,17.566300,0,143,0,143
9677,0.003000,16.188900,0,143,0,143
9678,0.002900,16.612400,0,143,0,143
9679,0.002000,15.976300,0,143,0,143
9680,0.002300,17.315000,0,143,0,143
9681,0.001600,16.522300,0,143,0,143
9682,0.361300,16.525700,1722,142,1,143
9683,0.001600,16.816700,0,142,1,143
9684,0.003600,16.988300,0,142,1,143
9685,0.003300,16.187000,0,142,1,143
9686,0.003300,17.275200,0,142,1,143
9687,0.002400,16.627100,0,142,1,143
9688,0.002700,16.824100,0,142,1,143
9689,0.001800,16.101400,0,142,1,143
9690,0.001800,16.646200,0,142,1,143
9691,0.001600,16.420300,0,142,1,143
9692,0.001600,16.829200,0,142,1,143
9693,0.002200,16.895400,0,142,1,143
9694,0.933000,16.940500,1722,141,2,143
9695,0.002400,16.560400,0,141,2,143
9696,0.002800,16.445100,0,141,2,143
9697,0.002000,16.329600,0,141,2,143
9698,0.002400,17.294900,0,141,2,143
9699,0.002600,16.697800,0,141,2,143
9700,0.003200,16.628800,0,141,2,143
9701,0.002400,17.292700,0,141,2,143
9702,0.002800,16.214600,0,141,2,143
9703,0.002600,15.973700,0,141,2,143
9704,0.005000,17.118500,0,141,2,143
9705,0.001100,16.296600,0,141,2,143
9706,0.843300,16.986000,1722,140,3,143
9707,0.002000,16.372600,0,140,3,143
9708,0.002200,16.619100,0,140,3,143
9709,0.001600,16.523000,0,140,3,143
9710,0.001800,17.042900,0,140,3,143
9711,0.002000,16.477300,0,140,3,143
9712,0.002100,16.898200,0,140,3,143
9713,0.002400,16.832800,0,140,3,143
9714,0.002500,16.721300,0,140,3,143
9715,0.002700,16.204000,0,140,3,143
9716,0.002900,17.241400,0,140,3,143
9717,0.001500,16.137700,0,140,3,143
9718,0.495300,16.827800,1722,139,4,143
9719,0.002300,16.809500,0,139,4,143
9720,0.001300,16.365600,0,139,4,143
9721,0.002200,16.481900,0,139,4,143
9722,0.001500,16.731100,0,139,4,143
9723,0.002000,16.791900,0,139,4,143
9724,0.009300,16.948900,0,139,4,143
9725,0.001500,16.321900,0,139,4,143
9726,0.002500,17.243800,0,139,4,143
9727,0.003100,16.157300,0,139,4,143
9728,0.001200,16.564400,0,139,4,143
9729,0.002000,16.612500,0,139,4,143
9730,0.345300,16.710100,1722,138,5,143
9731,0.001300,16.729800,0,138,5,143
9732,0.001400,16.603100,0,138,5,143
9733,0.001900,16.506900,0,138,5,143
9734,0.001300,16.886500,0,138,5,143
9735,0.002000,16.646700,0,138,5,143
9736,0.002500,17.174100,0,138,5,143
9737,0.002400,16.417100,0,138,5,143
9738,0.002300,16.909500,0,138,5,143
9739,0.002600,16.198700,0,138,5,143
9740,0.002400,17.174400,0,138,5,143
9741,0.003100,16.437300,0,138,5,143
9742,0.952300,17.200600,1722,137,6,143
9743,0.002000,16.528000,0,137,6,143
9744,0.001700,16.509100,0,137,6,143
9745,0.002800,16.830200,0,137,6,143
9746,0.002500,16.478100,0,137,6,143
9747,0.001400,16.639800,0,137,6,143
9748,0.001300,16.656700,0,137,6,143
9749,0.001400,16.699300,0,137,6,143
9750,0.001800,17.147400,0,137,6,143
9751,0.001900,16.459200,0,137,6,143
9752,0.002500,16.433600,0,137,6,143
9753,0.001500,17.095000,0,137,6,143
9754,0.329600,16.661000,1722,136,7,143
9755,0.002200,16.884200,0,136,7,143
9756,0.003200,16.823500,0,136,7,143
9757,0.001500,16.375300,0,136,7,143
9758,0.014600,17.226200,0,136,7,143
9759,0.001300,16.075000,0,136,7,143
9760,0.001900,16.617600,0,136,7,143
9761,0.002300,17.142500,0,136,7,143
9762,0.003200,16.596200,0,136,7,143
9763,0.003800,16.594900,0,136,7,143
9764,0.001500,16.170000,0,136,7,143
9765,0.002000,17.035000,0,136,7,143
9766,0.588100,16.698600,1722,135,8,143
9767,0.001800,16.669900,0,135,8,143
9768,0.001400,16.464200,0,135,8,143
9769,0.001500,16.702500,0,135,8,143
9770,0.002400,16.600300,0,135,8,143
9771,0.005400,16.986900,0,135,8,143
9772,0.003900,16.943600,0,135,8,143
9773,0.001300,16.152600,0,135,8,143
9774,0.001200,16.782700,0,135,8,143
9775,0.001400,16.494000,0,135,8,143
9776,0.001500,16.521800,0,135,8,143
9777,0.002000,17.268700,0,135,8,143
9778,0.357000,16.220100,1722,134,9,143
9779,0.001800,16.600300,0,134,9,143
9780,0.001500,16.977900,0,134,9,143
9781,0.002200,16.678100,0,134,9,143
9782,0.002100,16.304900,0,134,9,143
9783,0.001800,16.911700,0,134,9,143
9784,0.001400,16.674900,0,134,9,143
9785,0.002600,17.178200,0,134,9,143
9786,0.002500,16.199400,0,134,9,143
9787,0.003100,17.048100,0,134,9,143
9788,0.002100,15.999600,0,134,9,143
9789,0.002500,17.065800,0,134,9,143
9790,0.587700,16.506000,1722,133,10,143
9791,0.002100,16.810500,0,133,10,143
9792,0.002500,16.580500,0,133,10,143
9793,0.003200,16.805100,0,133,10,143
9794,0.002500,16.326800,0,133,10,143
9795,0.002800,17.091100,0,133,10,143
9796,0.001900,16.871100,0,133,10,143
9797,0.003200,16.658600,0,133,10,143
9798,0.001300,16.270600,0,133,10,143
9799,0.002300,16.484800,0,133,10,143
9800,0.002100,16.576700,0,133,10,143
9801,0.003500,17.034500,0,133,10,143
9802,1.372000,16.982700,1722,132,11,143
9803,0.002500,16.582500,0,132,11,143
9804,0.003100,16.418700,0,132,11,143
9805,0.001900,16.850500,0,132,11,143
9806,0.002900,16.240500,0,132,11,143
9807,0.003000,16.974800,0,132,11,143
9808,0.001800,16.594900,0,132,11,143
9809,0.002400,16.938600,0,132,11,143
9810,0.002500,16.932200,0,132,11,143
9811,0.001600,16.160600,0,132,11,143
9812,0.001900,16.345800,0,132,11,143
9813,0.002000,16.834000,0,132,11,143
9814,0.944800,16.972600,1722,132,11,143
9815,0.002600,17.070000,0,132,11,143
9816,0.002400,16.677300,0,132,11,143
9817,0.002400,16.291400,0,132,11,143
9818,0.006500,18.008700,0,132,11,143
9819,0.001300,15.243500,0,132,11,143
9820,0.002100,16.694400,0,132,11,143
9821,0.002600,16.898400,0,132,11,143
9822,0.002600,16.784600,0,132,11,143
9823,0.001900,16.221600,0,132,11,143
9824,0.001500,16.488600,0,132,11,143
9825,0.001800,17.080100,0,132,11,143
9826,0.610600,16.421500,1722,132,11,143
9827,0.002500,17.196400,0,132,11,143
9828,0.001400,16.198200,0,132,11,143
9829,0.002800,16.783200,0,132,11,143
9830,0.002400,16.316000,0,132,11,143
9831,0.002000,16.865000,0,132,11,143
9832,0.001400,16.656900,0,132,11,143
9833,0.001800,16.904000,0,132,11,143
9834,0.002200,16.827100,0,132,11,143
9835,0.003100,16.683300,0,132,11,143
9836,0.003000,16.384900,0,132,11,143
9837,0.003800,17.134200,0,132,11,143
9838,0.435800,16.819100,1722,132,11,143
9839,0.002000,16.026100,0,132,11,143
9840,0.002000,17.075700,0,132,11,143
9841,0.002500,16.635300,0,132,11,143
9842,0.002700,16.330300,0,132,11,143
9843,0.003800,17.641300,0,132,11,143
9844,0.003200,16.481700,0,132,11,143
9845,0.001700,16.473400,0,132,11,143
9846,0.001600,16.435500,0,132,11,143
9847,0.002600,16.998800,0,132,11,143
9848,0.003300,16.273100,0,132,11,143
9849,0.002400,16.934000,0,132,11,143
9850,0.931500,16.886300,1722,132,11,143
9851,0.002900,16.448800,0,132,11,143
9852,0.002000,16.838700,0,132,11,143
9853,0.001600,16.326900,0,132,11,143
9854,0.001500,16.357800,0,132,11,143
9855,0.001800,16.888900,0,132,11,143
9856,0.002000,17.231700,0,132,11,143
9857,0.002500,16.269900,0,132,11,143
9858,0.003100,16.918900,0,132,11,143
9859,0.001900,16.212900,0,132,11,143
9860,0.001500,16.491400,0,132,11,143
9861,0.001600,16.857000,0,132,11,143
9862,0.328100,16.615200,1722,132,11,143
9863,0.001100,16.661900,0,132,11,143
9864,0.001200,16.669500,0,132,11,143
9865,0.001400,16.791000,0,132,11,143
9866,0.001500,16.400300,0,132,11,143
9867,0.003200,17.168000,0,132,11,143
9868,0.001400,16.356800,0,132,11,143
9869,0.001300,16.654600,0,132,11,143
9870,0.001500,16.649900,0,132,11,143
9871,0.001400,16.751500,0,132,11,143
9872,0.002400,16.650500,0,132,11,143
9873,0.001700,16.855700,0,132,11,143
9874,0.864400,17.055000,1722,132,11,143
9875,0.002100,16.322800,0,132,11,143
9876,0.003400,17.014700,0,132,11,143
9877,0.001500,16.082000,0,132,11,143
9878,0.001600,16.477000,0,132,11,143
9879,0.002400,16.925400,0,132,11,143
9880,0.002200,16.558300,0,132,11,143
9881,0.001800,16.672100,0,132,11,143
9882,0.001300,16.717000,0,132,11,143
9883,0.002500,16.933200,0,132,11,143
9884,0.003300,16.355900,0,132,11,143
9885,0.002500,17.018200,0,132,11,143
9886,0.490800,16.624900,1722,132,11,143
9887,0.002800,17.309500,0,132,11,143
9888,0.002200,16.151200,0,132,11,143
9889,0.001600,16.381800,0,132,11,143
9890,0.002800,16.896800,0,132,11,143
9891,0.001300,16.697600,0,132,11,143
9892,0.003400,16.557400,0,132,11,143
9893,0.017700,16.529800,0,132,11,143
9894,0.001300,16.590100,0,132,11,143
9895,0.001500,16.795700,0,132,11,143
9896,0.002500,16.523200,0,132,11,143
9897,0.003300,17.278800,0,132,11,143
9898,0.744800,18.883200,1722,132,11,143
9899,0.002700,14.305000,0,132,11,143
9900,0.005200,19.250800,0,132,11,143
9901,0.004100,15.318000,0,132,11,143
9902,0.003000,16.364900,0,132,11,143
9903,0.001900,16.899600,0,132,11,143
9904,0.002200,16.551900,0,132,11,143
9905,0.003000,16.628100,0,132,11,143
9906,0.003000,16.875200,0,132,11,143
9907,0.002500,16.665700,0,132,11,143
9908,0.005600,16.365200,0,132,11,143
9909,0.002500,17.737600,0,132,11,143
9910,0.656400,18.247200,1722,132,11,143
9911,0.003100,14.593900,0,132,11,143
9912,0.003400,16.756400,0,132,11,143
9913,0.003000,16.466700,0,132,11,143
9914,0.003100,16.811400,0,132,11,143
9915,0.004800,16.614200,0,132,11,143
9916,0.002500,17.657500,0,132,11,143
9917,0.003100,15.749400,0,132,11,143
9918,0.003900,16.492100,0,132,11,143
9919,0.003000,17.050400,0,132,11,143
9920,0.004300,16.192000,0,132,11,143
9921,0.003900,17.176700,0,132,11,143
9922,0.538700,16.811000,1722,132,11,143
9923,0.002500,16.298100,0,132,11,143
9924,0.002600,16.541100,0,132,11,143
9925,0.003300,17.471200,0,132,11,143
9926,0.003100,15.637400,0,132,11,143
9927,0.001900,16.980400,0,132,11,143
9928,0.003000,16.892400,0,132,11,143
9929,0.002000,16.391000,0,132,11,143
9930,0.002000,16.587100,0,132,11,143
9931,0.003600,16.605100,0,132,11,143
9932,0.001700,16.406200,0,132,11,143
9933,0.003400,17.188500,0,132,11,143
9934,0.739900,18.760500,1722,132,11,143
9935,0.002900,14.741500,0,132,11,143
9936,0.003400,16.416100,0,132,11,143
9937,0.001700,16.505600,0,132,11,143
9938,0.003100,16.485300,0,132,11,143
9939,0.002000,17.023800,0,132,11,143
9940,0.004300,17.016500,0,132,11,143
9941,0.001500,15.982800,0,132,11,143
9942,0.002300,16.734300,0,132,11,143
9943,0.001600,16.560000,0,132,11,143
9944,0.001900,17.504900,0,132,11,143
9945,0.001200,15.849400,0,132,11,143
9946,0.359700,16.760600,1722,132,11,143
9947,0.001300,16.574400,0,132,11,143
9948,0.001400,16.713900,0,132,11,143
9949,0.001700,17.074200,0,132,11,143
9950,0.001700,16.086500,0,132,11,143
9951,0.001500,17.019700,0,132,11,143
9952,0.001500,16.613600,0,132,11,143
9953,0.002700,17.156600,0,132,11,143
9954,0.001400,16.168900,0,132,11,143
9955,0.001700,17.157900,0,132,11,143
9956,0.001800,16.799600,0,132,11,143
9957,0.002000,16.410100,0,132,11,143
9958,0.330700,16.773700,1722,132,11,143
9959,0.002600,16.779200,0,132,11,143
9960,0.001700,16.637500,0,132,11,143
9961,0.002000,16.637300,0,132,11,143
9962,0.002800,16.969600,0,132,11,143
9963,0.002000,16.203200,0,132,11,143
9964,0.002400,16.870500,0,132,11,143
9965,0.001800,16.684300,0,132,11,143
9966,0.001600,16.698900,0,132,11,143
9967,0.001700,16.631900,0,132,11,143
9968,0.001900,16.640200,0,132,11,143
9969,0.001500,16.498200,0,132,11,143
9970,0.390200,16.869600,1722,132,11,143
9971,0.001600,16.607400,0,132,11,143
9972,0.001300,16.700600,0,132,11,143
9973,0.003900,16.796800,0,132,11,143
9974,0.001800,16.603000,0,132,11,143
9975,0.001300,16.424800,0,132,11,143
9976,0.003500,17.020500,0,132,11,143
9977,0.001400,16.437400,0,132,11,143
9978,0.001200,16.600600,0,132,11,143
9979,0.001700,16.696400,0,132,11,143
9980,0.001300,16.671200,0,132,11,143
9981,0.001800,16.601700,0,132,11,143
9982,0.360700,16.786900,1722,132,11,143
9983,0.003000,17.096900,0,132,11,143
9984,0.002900,16.644900,0,132,11,143
9985,0.002400,16.596500,0,132,11,143
9986,0.003000,17.058500,0,132,11,143
9987,0.002000,15.679400,0,132,11,143
9988,0.002100,17.056900,0,132,11,143
9989,0.001400,16.469600,0,132,11,143
9990,0.001300,16.779700,0,132,11,143
9991,0.001800,16.598600,0,132,11,143
9992,0.002200,16.969900,0,132,11,143
9993,0.003200,16.701100,0,132,11,143
9994,1.008700,17.098600,1722,132,11,143
9995,0.001900,16.437200,0,132,11,143
9996,0.001900,17.251700,0,132,11,143
9997,0.001700,17.006700,0,132,11,143
9998,0.001600,15.921300,0,132,11,143
9999,0.002500,16.416200,0,132,11,143
10000,0.002100,17.111300,0,132,11,143
10001,0.001800,16.603400,0,132,11,143
10002,0.001400,16.404100,0,132,11,143
10003,0.003100,16.755000,0,132,11,143
10004,0.001200,16.875100,0,132,11,143
10005,0.002700,16.947500,0,132,11,143
10006,0.609500,17.569900,1722,132,11,143
10007,0.001500,15.353000,0,132,11,143
10008,0.001400,16.616100,0,132,11,143
10009,0.001500,17.453000,0,132,11,143
10010,0.001300,16.634100,0,132,11,143
10011,0.001600,16.396800,0,132,11,143
10012,0.001400,16.948700,0,132,11,143
10013,0.001500,16.750600,0,132,11,143
10014,0.001600,16.835900,0,132,11,143
10015,0.001600,16.824200,0,132,11,143
10016,0.001500,16.571500,0,132,11,143
10017,0.002100,16.416700,0,132,11,143
10018,0.349100,16.788400,1722,132,11,143
10019,0.001300,16.748000,0,132,11,143
10020,0.003000,16.978200,0,132,11,143
10021,0.001400,16.353600,0,132,11,143
10022,0.001600,16.660300,0,132,11,143
10023,0.002200,16.377900,0,132,11,143
10024,0.001400,16.829900,0,132,11,143
10025,0.001300,16.790700,0,132,11,143
10026,0.001300,16.640000,0,132,11,143
10027,0.001400,16.638700,0,132,11,143
10028,0.001500,17.015600,0,132,11,143
10029,0.002000,16.140000,0,132,11,143
10030,0.393500,16.867500,1722,132,11,143
10031,0.002100,16.746000,0,132,11,143
10032,0.001300,16.601300,0,132,11,143
10033,0.001400,16.613200,0,132,11,143
10034,0.001300,16.786700,0,132,11,143
10035,0.001400,16.388300,0,132,11,143
10036,0.001400,16.999500,0,132,11,143
10037,0.001600,16.759200,0,132,11,143
10038,0.001700,16.597100,0,132,11,143
10039,0.001900,18.439200,0,132,11,143
10040,0.002000,14.791600,0,132,11,143
10041,0.002900,16.567000,0,132,11,143
10042,0.529200,16.829500,1722,132,11,143
10043,0.002400,17.003700,0,132,11,143
10044,0.003000,17.386300,0,132,11,143
10045,0.003500,17.785200,0,132,11,143
10046,0.002200,14.814000,0,132,11,143
10047,0.003200,16.399000,0,132,11,143
10048,0.001700,16.952300,0,132,11,143
10049,0.001600,16.449500,0,132,11,143
10050,0.001300,16.654500,0,132,11,143
10051,0.300000,16.592200,1782,143,0,143
10052,0.001300,16.644300,0,143,0,143
10053,0.001600,16.488600,0,143,0,143
10054,0.370100,17.068400,1728,143,0,143
10055,0.001700,16.402600,0,143,0,143
10056,0.001200,16.733200,0,143,0,143
10057,0.006300,19.670900,0,143,0,143
10058,0.001300,13.678100,0,143,0,143
10059,0.002800,16.527600,0,143,0,143
10060,0.002400,17.284500,0,143,0,143
10061,0.002600,16.700000,0,143,0,143
10062,0.001800,16.119600,0,143,0,143
10063,0.002900,17.143500,0,143,0,143
10064,0.002400,16.857300,0,143,0,143
10065,0.003400,16.172400,0,143,0,143
10066,0.342200,16.846700,1728,142,1,143
10067,0.001300,16.453900,0,142,1,143
10068,0.001600,16.744800,0,142,1,143
10069,0.001400,16.566800,0,142,1,143
10070,0.001800,16.677700,0,142,1,143
10071,0.001400,16.529000,0,142,1,143
10072,0.002000,16.874900,0,142,1,143
10073,0.002900,17.056400,0,142,1,143
10074,0.002500,16.562900,0,142,1,143
10075,0.001400,16.438900,0,142,1,143
10076,0.001500,16.674000,0,142,1,143
10077,0.002700,16.570000,0,142,1,143
10078,0.817000,17.006200,1728,141,2,143
10079,0.002400,16.689400,0,141,2,143
10080,0.002800,16.709500,0,141,2,143
10081,0.003200,16.685800,0,141,2,143
10082,0.002900,16.725700,0,141,2,143
10083,0.002000,16.202700,0,141,2,143
10084,0.002800,16.942800,0,141,2,143
10085,0.002600,16.939100,0,141,2,143
10086,0.002400,16.478900,0,141,2,143
10087,0.001300,16.330000,0,141,2,143
10088,0.001700,16.853800,0,141,2,143
10089,0.002100,16.409500,0,141,2,143
10090,0.340400,16.832700,1728,140,3,143
10091,0.002400,17.062500,0,140,3,143
10092,0.003000,16.649800,0,140,3,143
10093,0.003100,16.575200,0,140,3,143
10094,0.003600,20.642000,0,140,3,143
10095,0.006800,15.777200,0,140,3,143
10096,0.002000,16.280700,0,140,3,143
10097,0.001600,16.520500,0,140,3,143
10098,0.001400,16.573600,0,140,3,143
10099,0.001300,16.813500,0,140,3,143
10100,0.001400,16.489500,0,140,3,143
10101,0.774600,17.064700,1728,139,4,143
10102,0.002800,16.132500,0,139,4,143
10103,0.015000,17.640000,0,139,4,143
10104,0.002900,16.298500,0,139,4,143
10105,0.003200,16.875700,0,139,4,143
10106,0.001300,16.101600,0,139,4,143
10107,0.013800,17.970300,0,139,4,143
10108,0.002900,15.181800,0,139,4,143
10109,0.001500,19.036400,0,139,4,143
10110,0.001900,14.804200,0,139,4,143
10111,0.002700,17.169100,0,139,4,143
10112,0.002500,16.888200,0,139,4,143
10113,1.336000,17.217300,1728,138,5,143
10114,0.002600,15.350500,0,138,5,143
10115,0.003000,17.045900,0,138,5,143
10116,0.001400,16.378700,0,138,5,143
10117,0.002000,16.993000,0,138,5,143
10118,0.002500,16.842400,0,138,5,143
10119,0.003900,16.813100,0,138,5,143
10120,0.010400,15.797100,0,138,5,143
10121,0.010000,18.412900,0,138,5,143
10122,0.001700,15.099600,0,138,5,143
10123,0.010400,18.455800,0,138,5,143
10124,0.002400,15.202300,0,138,5,143
10125,1.250100,16.920500,1728,137,6,143
10126,0.001600,15.996100,0,137,6,143
10127,0.017700,17.588800,0,137,6,143
10128,0.001700,16.296500,0,137,6,143
10129,0.002500,16.935600,0,137,6,143
10130,0.001400,16.479600,0,137,6,143
10131,0.009700,18.358600,0,137,6,143
10132,0.002000,14.579000,0,137,6,143
10133,0.001500,18.664400,0,137,6,143
10134,0.001600,15.075100,0,137,6,143
10135,0.002200,18.946100,0,137,6,143
10136,0.342700,14.138700,1782,143,0,143
10137,0.441100,18.992200,1734,143,0,143
10138,0.001400,14.123200,0,143,0,143
10139,0.010700,18.371600,0,143,0,143
10140,0.003000,15.654000,0,143,0,143
10141,0.002600,17.450700,0,143,0,143
10142,0.003600,16.535400,0,143,0,143
10143,0.002500,16.951100,0,143,0,143
10144,0.003300,15.506600,0,143,0,143
10145,0.002600,17.080100,0,143,0,143
10146,0.003000,16.872200,0,143,0,143
10147,0.003000,16.561900,0,143,0,143
10148,0.002400,16.449700,0,143,0,143
10149,1.238500,16.960500,1734,142,1,143
10150,0.003000,16.060400,0,142,1,143
10151,0.013700,17.199800,0,142,1,143
10152,0.001900,16.446900,0,142,1,143
10153,0.003300,16.815800,0,142,1,143
10154,0.002600,16.611800,0,142,1,143
10155,0.002300,16.714800,0,142,1,143
10156,0.002600,16.727200,0,142,1,143
10157,0.002600,16.823500,0,142,1,143
10158,0.001700,16.177500,0,142,1,143
10159,0.002800,18.606600,0,142,1,143
10160,0.002300,15.547700,0,142,1,143
10161,1.474200,17.684300,1734,141,2,143
10162,0.002500,15.711400,0,141,2,143
10163,0.014200,18.040500,0,141,2,143
10164,0.002400,15.357100,0,141,2,143
10165,0.002100,16.834700,0,141,2,143
10166,0.002100,16.438100,0,141,2,143
10167,0.014500,17.276200,0,141,2,143
10168,0.002500,16.424600,0,141,2,143
10169,0.015400,17.013300,0,141,2,143
10170,0.003100,16.233700,0,141,2,143
10171,0.002400,18.708100,0,141,2,143
10172,0.002500,14.490700,0,141,2,143
10173,0.425200,18.302200,1734,140,3,143
10174,0.001300,14.820400,0,140,3,143
10175,0.001600,17.701300,0,140,3,143
10176,0.001800,15.727500,0,140,3,143
10177,0.002500,17.150500,0,140,3,143
10178,0.002500,16.682100,0,140,3,143
10179,0.002100,18.393800,0,140,3,143
10180,0.002200,14.543800,0,140,3,143
10181,0.002800,16.595300,0,140,3,143
10182,0.003000,17.141300,0,140,3,143
10183,0.002700,18.373500,0,140,3,143
10184,0.001500,14.408100,0,140,3,143
10185,0.478900,18.444400,1734,139,4,143
10186,0.001600,15.627300,0,139,4,143
10187,0.003200,17.974200,0,139,4,143
10188,0.001400,15.278300,0,139,4,143
10189,0.001300,16.228900,0,139,4,143
10190,0.001700,16.501700,0,139,4,143
10191,0.002200,19.668600,0,139,4,143
10192,0.002100,15.035600,0,139,4,143
10193,0.002300,17.643000,0,139,4,143
10194,0.005600,16.129400,0,139,4,143
10195,0.001800,17.599400,0,139,4,143
10196,0.002000,15.791200,0,139,4,143
10197,0.354800,16.278600,1734,138,5,143
10198,0.002400,17.097900,0,138,5,143
10199,0.002000,16.256000,0,138,5,143
10200,0.001400,16.763200,0,138,5,143
10201,0.002600,16.772500,0,138,5,143
10202,0.001300,16.424600,0,138,5,143
10203,0.001300,16.746200,0,138,5,143
10204,0.002100,16.826900,0,138,5,143
10205,0.462000,16.720500,1782,143,0,143
10206,0.001400,16.432000,0,143,0,143
10207,0.002000,17.023100,0,143,0,143
10208,0.002000,16.318000,0,143,0,143
10209,0.447400,16.695600,1740,143,0,143
10210,0.002400,17.170900,0,143,0,143
10211,0.003200,16.777700,0,143,0,143
10212,0.002900,16.627200,0,143,0,143
10213,0.001800,16.341300,0,143,0,143
10214,0.002700,16.927000,0,143,0,143
10215,0.004100,17.220400,0,143,0,143
10216,0.003100,16.755800,0,143,0,143
10217,0.003200,16.016600,0,143,0,143
10218,0.002700,16.868300,0,143,0,143
10219,0.002900,18.079900,0,143,0,143
10220,0.001600,14.829200,0,143,0,143
10221,0.519500,16.702100,1740,142,1,143
10222,0.002300,16.670300,0,142,1,143
10223,0.002700,16.445600,0,142,1,143
10224,0.001800,16.851000,0,142,1,143
10225,0.003500,17.436300,0,142,1,143
10226,0.002700,16.135300,0,142,1,143
10227,0.003200,17.655400,0,142,1,143
10228,0.001700,15.425300,0,142,1,143
10229,0.002200,16.473700,0,142,1,143
10230,0.001800,16.829100,0,142,1,143
10231,0.002700,17.753600,0,142,1,143
10232,0.002400,15.757700,0,142,1,143
10233,1.131900,17.041100,1740,141,2,143
10234,0.002600,16.496500,0,141,2,143
10235,0.001900,16.047400,0,141,2,143
10236,0.001900,17.076900,0,141,2,143
10237,0.002200,18.507100,0,141,2,143
10238,0.001300,14.618200,0,141,2,143
10239,0.001300,16.701500,0,141,2,143
10240,0.002400,16.811000,0,141,2,143
10241,0.002400,17.067400,0,141,2,143
10242,0.002200,16.600900,0,141,2,143
10243,0.002000,17.544000,0,141,2,143
10244,0.001500,16.544500,0,141,2,143
10245,0.679100,17.005200,1740,140,3,143
10246,0.002800,16.772200,0,140,3,143
10247,0.003000,16.840600,0,140,3,143
10248,0.001800,15.951300,0,140,3,143
10249,0.001600,16.930300,0,140,3,143
10250,0.001900,16.769700,0,140,3,143
10251,0.002800,17.074200,0,140,3,143
10252,0.002500,16.333600,0,140,3,143
10253,0.002100,18.671100,0,140,3,143
10254,0.003200,14.446300,0,140,3,143
10255,0.001800,17.037300,0,140,3,143
10256,0.002000,16.722900,0,140,3,143
10257,0.628100,16.526200,1740,139,4,143
10258,0.001800,16.652000,0,139,4,143
10259,0.001500,16.600300,0,139,4,143
10260,0.003600,16.266400,0,139,4,143
10261,0.001500,17.033700,0,139,4,143
10262,0.002500,16.945500,0,139,4,143
10263,0.001500,16.282000,0,139,4,143
10264,0.002300,16.822500,0,139,4,143
10265,0.002300,17.135200,0,139,4,143
10266,0.003100,16.357000,0,139,4,143
10267,0.002200,16.803400,0,139,4,143
10268,0.760300,16.744200,1782,143,0,143
10269,0.374700,16.376500,1746,143,0,143
10270,0.001300,16.640400,0,143,0,143
10271,0.001500,16.718700,0,143,0,143
10272,0.001900,16.529000,0,143,0,143
10273,0.001700,17.126900,0,143,0,143
10274,0.002700,16.769000,0,143,0,143
10275,0.001300,16.438600,0,143,0,143
10276,0.001500,16.913100,0,143,0,143
10277,0.001800,16.580800,0,143,0,143
10278,0.001400,16.417400,0,143,0,143
10279,0.002000,16.916200,0,143,0,143
10280,0.001600,16.675200,0,143,0,143
10281,0.377500,16.532600,1746,142,1,143
10282,0.002000,16.687800,0,142,1,143
10283,0.001800,16.852000,0,142,1,143
10284,0.001300,16.223400,0,142,1,143
10285,0.001200,16.969700,0,142,1,143
10286,0.001500,16.748400,0,142,1,143
10287,0.001800,16.984900,0,142,1,143
10288,0.001800,16.631400,0,142,1,143
10289,0.001500,16.550600,0,142,1,143
10290,0.003500,16.755500,0,142,1,143
10291,0.001300,16.572500,0,142,1,143
10292,0.001600,16.669500,0,142,1,143
10293,0.335000,16.738100,1746,141,2,143
10294,0.001500,16.709900,0,141,2,143
10295,0.001500,16.745700,0,141,2,143
10296,0.001800,16.432300,0,141,2,143
10297,0.001600,16.765400,0,141,2,143
10298,0.002900,17.058100,0,141,2,143
10299,0.001200,16.313200,0,141,2,143
10300,0.001300,16.586600,0,141,2,143
10301,0.001600,16.694500,0,141,2,143
10302,0.002000,16.515400,0,141,2,143
10303,0.001600,17.089600,0,141,2,143
10304,0.001500,16.391300,0,141,2,143
10305,0.349500,16.730500,1746,140,3,143
10306,0.001900,16.574000,0,140,3,143
10307,0.001100,16.666700,0,140,3,143
10308,0.001400,16.530800,0,140,3,143
10309,0.003900,17.958600,0,140,3,143
10310,0.002300,15.694200,0,140,3,143
10311,0.001500,16.487400,0,140,3,143
10312,0.001300,16.832700,0,140,3,143
10313,0.001500,16.659300,0,140,3,143
10314,0.001600,16.381400,0,140,3,143
10315,0.005700,17.183500,0,140,3,143
10316,0.002400,16.548100,0,140,3,143
10317,0.535000,16.676900,1746,139,4,143
10318,0.002400,16.652600,0,139,4,143
10319,0.110700,16.739900,0,139,4,143
10320,0.001900,16.260100,0,139,4,143
10321,0.004700,17.281200,0,139,4,143
10322,0.002400,16.905100,0,139,4,143
10323,0.002000,16.784400,0,139,4,143
10324,0.001400,15.936600,0,139,4,143
10325,0.005800,16.838900,0,139,4,143
10326,0.002000,16.279500,0,139,4,143
10327,0.002500,16.821100,0,139,4,143
10328,0.364200,16.691500,1782,143,0,143
10329,0.540400,16.861400,1752,143,0,143
10330,0.002100,16.562100,0,143,0,143
10331,0.001400,16.512000,0,143,0,143
10332,0.001500,16.483400,0,143,0,143
10333,0.002700,16.820000,0,143,0,143
10334,0.003000,16.698100,0,143,0,143
10335,0.002000,16.675900,0,143,0,143
10336,0.001400,16.881400,0,143,0,143
10337,0.001900,16.389000,0,143,0,143
10338,0.001400,16.497500,0,143,0,143
10339,0.002000,16.955700,0,143,0,143
10340,0.001900,16.596800,0,143,0,143
10341,0.342600,16.633100,1752,142,1,143
10342,0.002100,16.706200,0,142,1,143
10343,0.001800,16.592500,0,142,1,143
10344,0.001200,16.557100,0,142,1,143
10345,0.001400,17.107300,0,142,1,143
10346,0.001600,16.604900,0,142,1,143
10347,0.001700,16.616900,0,142,1,143
10348,0.001200,16.661600,0,142,1,143
10349,0.001700,16.725700,0,142,1,143
10350,0.001300,16.432400,0,142,1,143
10351,0.001200,16.903300,0,142,1,143
10352,0.001400,16.607000,0,142,1,143
10353,0.426100,17.133700,1752,141,2,143
10354,0.001300,16.244700,0,141,2,143
10355,0.003000,17.022100,0,141,2,143
10356,0.001500,16.109100,0,141,2,143
10357,0.002900,17.224000,0,141,2,143
10358,0.001400,16.316300,0,141,2,143
10359,0.001800,16.640400,0,141,2,143
10360,0.001800,16.709300,0,141,2,143
10361,0.001500,16.821000,0,141,2,143
10362,0.001800,16.322000,0,141,2,143
10363,0.001500,16.828800,0,141,2,143
10364,0.001400,16.693000,0,141,2,143
10365,0.358600,16.772100,1752,140,3,143
10366,0.001900,16.551500,0,140,3,143
10367,0.001400,16.702900,0,140,3,143
10368,0.001600,16.534700,0,140,3,143
10369,0.001600,16.746800,0,140,3,143
10370,0.004600,16.946200,0,140,3,143
10371,0.002700,16.682700,0,140,3,143
10372,0.002200,16.368500,0,140,3,143
10373,0.002000,16.829500,0,140,3,143
10374,0.002100,16.329800,0,140,3,143
10375,0.003500,17.723900,0,140,3,143
10376,0.001600,16.034500,0,140,3,143
10377,0.419900,16.660300,1752,139,4,143
10378,0.002300,16.782900,0,139,4,143
10379,0.002100,16.550300,0,139,4,143
10380,0.001500,16.425100,0,139,4,143
10381,0.003500,16.971100,0,139,4,143
10382,0.003500,16.638700,0,139,4,143
10383,0.003900,17.134600,0,139,4,143
10384,0.002200,16.236700,0,139,4,143
10385,0.002100,16.908000,0,139,4,143
10386,0.002100,16.167800,0,139,4,143
10387,0.002200,16.772400,0,139,4,143
10388,0.007100,16.911600,0,139,4,143
10389,1.387200,16.949200,3378,142,1,143
10390,0.002900,16.272600,0,142,1,143
10391,0.002500,16.923300,0,142,1,143
10392,0.003300,16.225900,0,142,1,143
10393,0.003200,16.967300,0,142,1,143
10394,0.002900,16.886400,0,142,1,143
10395,0.002800,17.002100,0,142,1,143
10396,0.001500,17.076500,0,142,1,143
10397,0.002200,15.952100,0,142,1,143
10398,0.003500,16.171700,0,142,1,143
10399,0.001700,16.877100,0,142,1,143
10400,0.001800,17.027000,0,142,1,143
10401,0.526200,16.444400,1758,142,1,143
10402,0.004900,17.043500,0,142,1,143
10403,0.003100,16.590700,0,142,1,143
10404,0.002700,16.065200,0,142,1,143
10405,0.001900,16.894300,0,142,1,143
10406,0.001600,16.822000,0,142,1,143
10407,0.002300,16.485100,0,142,1,143
10408,0.005500,16.711300,0,142,1,143
10409,0.004100,16.779600,0,142,1,143
10410,0.002300,16.241600,0,142,1,143
10411,0.002300,17.143100,0,142,1,143
10412,0.002400,16.679300,0,142,1,143
10413,0.654100,18.006500,1758,141,2,143
10414,0.002500,14.979800,0,141,2,143
10415,0.002500,16.957100,0,141,2,143
10416,0.002000,16.166000,0,141,2,143
10417,0.001600,16.980400,0,141,2,143
10418,0.001600,16.667000,0,141,2,143
10419,0.003100,16.711000,0,141,2,143
10420,0.003100,17.065300,0,141,2,143
10421,0.004500,16.846400,0,141,2,143
10422,0.002600,16.695600,0,141,2,143
10423,0.002000,16.700700,0,141,2,143
10424,0.002800,16.476900,0,141,2,143
10425,0.689000,16.869800,1758,140,3,143
10426,0.006400,22.395000,0,140,3,143
10427,0.003400,19.642500,0,140,3,143
10428,0.001800,13.172800,0,140,3,143
10429,0.003400,16.699400,0,140,3,143
10430,0.002100,16.204300,0,140,3,143
10431,0.003500,17.164600,0,140,3,143
10432,0.001800,16.522000,0,140,3,143
10433,0.001300,16.539200,0,140,3,143
10434,0.001600,16.655700,0,140,3,143
10435,0.003000,16.891400,0,140,3,143
10436,0.002800,16.315200,0,140,3,143
10437,0.426200,16.832300,1758,139,4,143
10438,0.001400,16.549700,0,139,4,143
10439,0.001600,16.762100,0,139,4,143
10440,0.001900,16.558000,0,139,4,143
10441,0.001400,16.664200,0,139,4,143
10442,0.001700,16.626000,0,139,4,143
10443,0.001200,16.714600,0,139,4,143
10444,0.001800,17.149400,0,139,4,143
10445,0.001900,16.599600,0,139,4,143
10446,0.001900,16.604000,0,139,4,143
10447,0.002500,17.072900,0,139,4,143
10448,0.001700,16.235500,0,139,4,143
10449,0.942000,17.190300,1758,138,5,143
10450,0.001200,16.306000,0,138,5,143
10451,0.327200,16.499300,1782,143,0,143
10452,0.001300,16.854300,0,143,0,143
10453,0.001900,16.650600,0,143,0,143
10454,0.002600,16.351500,0,143,0,143
10455,0.003900,17.801100,0,143,0,143
10456,0.001300,16.156000,0,143,0,143
10457,0.001400,16.749800,0,143,0,143
10458,0.001900,16.416900,0,143,0,143
10459,0.002700,17.270200,0,143,0,143
10460,0.001600,16.068000,0,143,0,143
10461,0.444800,16.818100,1764,143,0,143
10462,0.001200,16.807700,0,143,0,143
10463,0.001600,16.367100,0,143,0,143
10464,0.001900,16.657200,0,143,0,143
10465,0.001300,16.802800,0,143,0,143
10466,0.001500,16.393300,0,143,0,143
10467,0.002400,17.052800,0,143,0,143
10468,0.001900,16.492700,0,143,0,143
10469,0.001400,16.990400,0,143,0,143
10470,0.002100,16.274500,0,143,0,143
10471,0.001700,16.674200,0,143,0,143
10472,0.001500,16.507800,0,143,0,143
10473,0.339300,16.886500,1764,142,1,143
10474,0.001400,16.583900,0,142,1,143
10475,0.001300,16.693800,0,142,1,143
10476,0.001500,16.673600,0,142,1,143
10477,0.002100,16.840300,0,142,1,143
10478,0.002000,16.335500,0,142,1,143
10479,0.001400,16.859600,0,142,1,143
10480,0.001500,16.607500,0,142,1,143
10481,0.003600,16.866500,0,142,1,143
10482,0.001700,16.586200,0,142,1,143
10483,0.002000,16.612900,0,142,1,143
10484,0.001400,16.477500,0,142,1,143
10485,0.359600,16.939100,1764,141,2,143
10486,0.001500,16.605400,0,141,2,143
10487,0.002100,18.075200,0,141,2,143
10488,0.001300,15.228700,0,141,2,143
10489,0.001400,16.732000,0,141,2,143
10490,0.001400,16.389400,0,141,2,143
10491,0.001300,16.969000,0,141,2,143
10492,0.003000,17.093500,0,141,2,143
10493,0.002400,16.584600,0,141,2,143
10494,0.003000,16.607300,0,141,2,143
10495,0.001400,16.378800,0,141,2,143
10496,0.002600,16.623300,0,141,2,143
10497,0.628300,17.097100,1764,140,3,143
10498,0.002400,16.553400,0,140,3,143
10499,0.001300,16.443700,0,140,3,143
10500,0.001700,16.616400,0,140,3,143
10501,0.001500,16.786000,0,140,3,143
10502,0.003300,16.545700,0,140,3,143
10503,0.002700,16.717600,0,140,3,143
10504,0.001500,16.608000,0,140,3,143
10505,0.001200,16.541500,0,140,3,143
10506,0.001800,16.692400,0,140,3,143
10507,0.002400,17.310500,0,140,3,143
10508,0.002700,16.108300,0,140,3,143
10509,1.010300,17.287700,1764,139,4,143
10510,0.003100,16.702400,0,139,4,143
10511,0.001700,15.961100,0,139,4,143
10512,0.001400,16.634900,0,139,4,143
10513,0.001400,16.768100,0,139,4,143
10514,0.002000,16.425100,0,139,4,143
10515,0.001400,16.978700,0,139,4,143
10516,0.002000,16.805900,0,139,4,143
10517,0.001300,16.496700,0,139,4,143
10518,0.001300,16.991700,0,139,4,143
10519,0.001600,16.522400,0,139,4,143
10520,0.002100,16.288000,0,139,4,143
10521,1.602900,18.079900,3390,142,1,143
10522,0.002700,16.568500,0,142,1,143
10523,0.001400,16.388000,0,142,1,143
10524,0.001400,16.546000,0,142,1,143
10525,0.001100,16.625300,0,142,1,143
10526,0.001400,16.596500,0,142,1,143
10527,0.002100,16.758300,0,142,1,143
10528,0.001300,16.713200,0,142,1,143
10529,0.002000,16.711900,0,142,1,143
10530,0.001900,16.575400,0,142,1,143
10531,0.001400,16.638000,0,142,1,143
10532,0.001400,16.540100,0,142,1,143
10533,0.389900,16.871300,1770,142,1,143
10534,0.001800,16.606500,0,142,1,143
10535,0.001900,16.836900,0,142,1,143
10536,0.001200,16.500900,0,142,1,143
10537,0.001600,16.706000,0,142,1,143
10538,0.001200,16.482500,0,142,1,143
10539,0.001200,16.849800,0,142,1,143
10540,0.001300,16.623000,0,142,1,143
10541,0.001500,16.684100,0,142,1,143
10542,0.001200,16.733700,0,142,1,143
10543,0.001300,16.630700,0,142,1,143
10544,0.002300,16.548700,0,142,1,143
10545,0.357200,16.909000,1770,141,2,143
10546,0.003200,16.825400,0,141,2,143
10547,0.004200,17.791500,0,141,2,143
10548,0.004100,15.518300,0,141,2,143
10549,0.006300,16.755200,0,141,2,143
10550,0.003400,16.420100,0,141,2,143
10551,0.003000,17.053300,0,141,2,143
10552,0.001800,16.322400,0,141,2,143
10553,0.001400,16.611600,0,141,2,143
10554,0.001700,16.604100,0,141,2,143
10555,0.001400,16.810800,0,141,2,143
10556,0.001400,16.401100,0,141,2,143
10557,0.330000,16.893600,1770,140,3,143
10558,0.001900,16.675200,0,140,3,143
10559,0.001900,16.689700,0,140,3,143
10560,0.001400,16.792200,0,140,3,143
10561,0.002600,17.250200,0,140,3,143
10562,0.002000,15.742100,0,140,3,143
10563,0.001800,16.803700,0,140,3,143
10564,0.001400,16.654500,0,140,3,143
10565,0.001300,16.768900,0,140,3,143
10566,0.002500,17.042800,0,140,3,143
10567,0.002900,16.605000,0,140,3,143
10568,0.003400,16.343300,0,140,3,143
10569,1.391200,17.288500,1770,139,4,143
10570,0.002500,16.946400,0,139,4,143
10571,0.001800,15.901400,0,139,4,143
10572,0.002500,16.826600,0,139,4,143
10573,0.003300,16.861400,0,139,4,143
10574,0.002600,16.259200,0,139,4,143
10575,0.001200,16.595200,0,139,4,143
10576,0.001300,17.004000,0,139,4,143
10577,0.001900,16.315200,0,139,4,143
10578,0.001700,16.570300,0,139,4,143
10579,0.001600,16.740300,0,139,4,143
10580,0.001500,16.562400,0,139,4,143
10581,0.337400,16.716300,1770,138,5,143
10582,0.001800,16.712400,0,138,5,143
10583,0.001300,16.635000,0,138,5,143
10584,0.024500,21.823200,0,138,5,143
10585,0.005400,11.674300,0,138,5,143
10586,0.001400,16.413400,0,138,5,143
10587,0.002500,17.577900,0,138,5,143
10588,0.001400,15.920000,0,138,5,143
10589,0.001500,16.669500,0,138,5,143
10590,0.002300,16.900600,0,138,5,143
10591,0.001900,16.360300,0,138,5,143
10592,0.001900,16.597400,0,138,5,143
10593,0.341500,16.711100,1770,137,6,143
10594,0.001400,16.650300,0,137,6,143
10595,0.001600,16.916700,0,137,6,143
10596,0.002300,16.662800,0,137,6,143
10597,0.001500,16.617500,0,137,6,143
10598,0.001700,16.452400,0,137,6,143
10599,0.001700,16.775200,0,137,6,143
10600,0.001400,16.593400,0,137,6,143
10601,0.001700,16.932800,0,137,6,143
10602,0.001600,16.432100,0,137,6,143
10603,0.001600,16.839100,0,137,6,143
10604,0.002800,16.626300,0,137,6,143
10605,0.682000,17.025600,1770,136,7,143
10606,0.347600,16.287000,1848,143,0,143
10607,0.002600,16.768800,0,143,0,143
10608,0.001600,16.538500,0,143,0,143
10609,0.002700,16.749900,0,143,0,143
10610,0.003600,16.548500,0,143,0,143
10611,0.001900,16.728400,0,143,0,143
10612,0.002000,16.713300,0,143,0,143
10613,0.001300,16.570300,0,143,0,143
10614,0.001600,16.577700,0,143,0,143
10615,0.001400,16.694600,0,143,0,143
10616,0.001900,16.523400,0,143,0,143
10617,0.523900,17.370600,1782,143,0,143
10618,0.002300,16.129800,0,143,0,143
10619,0.002600,16.745200,0,143,0,143
10620,0.002300,16.709200,0,143,0,143
10621,0.002500,17.877900,0,143,0,143
10622,0.002600,15.278600,0,143,0,143
10623,0.001500,17.145200,0,143,0,143
10624,0.002600,16.365000,0,143,0,143
10625,0.002200,16.955200,0,143,0,143
10626,0.001500,16.320800,0,143,0,143
10627,0.002000,16.572200,0,143,0,143
10628,0.001500,16.525400,0,143,0,143
10629,0.482800,16.950300,1782,142,1,143
10630,0.002100,16.726000,0,142,1,143
10631,0.001600,16.522000,0,142,1,143
10632,0.002300,16.641400,0,142,1,143
10633,0.002600,16.692500,0,142,1,143
10634,0.002300,16.654500,0,142,1,143
10635,0.002100,16.685900,0,142,1,143
10636,0.001400,16.619700,0,142,1,143
10637,0.001800,17.342000,0,142,1,143
10638,0.002000,16.103000,0,142,1,143
10639,0.003400,16.854700,0,142,1,143
10640,0.001700,16.342800,0,142,1,143
10641,0.476900,16.952300,1782,141,2,143
10642,0.001400,16.518200,0,141,2,143
10643,0.001900,16.715200,0,141,2,143
10644,0.001400,16.923100,0,141,2,143
10645,0.001600,16.327700,0,141,2,143
10646,0.001800,16.469300,0,141,2,143
10647,0.001500,16.837700,0,141,2,143
10648,0.001400,16.675000,0,141,2,143
10649,0.001200,16.668000,0,141,2,143
10650,0.001900,16.653300,0,141,2,143
10651,0.001300,16.678100,0,141,2,143
10652,0.002000,16.725800,0,141,2,143
10653,0.347800,16.695500,1782,140,3,143
10654,0.003200,16.981500,0,140,3,143
10655,0.003000,16.849100,0,140,3,143
10656,0.003300,16.744200,0,140,3,143
10657,0.004900,17.079600,0,140,3,143
10658,0.009900,15.945500,0,140,3,143
10659,0.005000,18.944400,0,140,3,143
10660,0.001300,14.427600,0,140,3,143
10661,0.001500,16.686200,0,140,3,143
10662,0.001300,16.613400,0,140,3,143
10663,0.002600,16.851300,0,140,3,143
10664,0.002100,16.345600,0,140,3,143
10665,0.830900,17.288000,1782,139,4,143
10666,0.003200,17.545000,0,139,4,143
10667,0.002700,15.839400,0,139,4,143
10668,0.002800,16.624400,0,139,4,143
10669,0.002000,16.684200,0,139,4,143
10670,0.004400,16.468400,0,139,4,143
10671,0.002700,16.693400,0,139,4,143
10672,0.001700,16.639000,0,139,4,143
10673,0.002600,16.661300,0,139,4,143
10674,0.002400,17.626000,0,139,4,143
10675,0.002900,15.829500,0,139,4,143
10676,0.002000,16.352400,0,139,4,143
10677,0.939000,21.002000,1782,138,5,143
10678,0.003800,12.872600,0,138,5,143
10679,0.004200,16.551000,0,138,5,143
10680,0.003400,16.640500,0,138,5,143
10681,0.002800,17.249600,0,138,5,143
10682,0.002700,16.595000,0,138,5,143
10683,0.002500,16.456500,0,138,5,143
10684,0.002800,17.037900,0,138,5,143
10685,0.001800,16.512800,0,138,5,143
10686,0.001600,16.612800,0,138,5,143
10687,0.002500,17.001600,0,138,5,143
10688,0.002200,16.571600,0,138,5,143
10689,0.480000,16.344700,1782,137,6,143
10690,0.004200,18.077300,0,137,6,143
10691,0.002400,16.308300,0,137,6,143
10692,0.003300,16.592000,0,137,6,143
10693,0.002200,16.797200,0,137,6,143
10694,0.003000,16.597400,0,137,6,143
10695,0.001700,16.197900,0,137,6,143
10696,0.002000,17.054600,0,137,6,143
10697,0.001600,17.353600,0,137,6,143
10698,0.004000,16.045400,0,137,6,143
10699,0.002900,16.437600,0,137,6,143
10700,0.003900,17.225900,0,137,6,143
10701,0.501400,16.265700,1782,136,7,143
10702,0.002800,16.782400,0,136,7,143
10703,0.003300,17.046500,0,136,7,143
10704,0.001700,16.110200,0,136,7,143
10705,0.002300,16.959000,0,136,7,143
10706,0.003300,17.283800,0,136,7,143
10707,0.003100,15.611000,0,136,7,143
10708,0.002200,16.842400,0,136,7,143
10709,0.001500,16.563000,0,136,7,143
10710,0.001600,16.658000,0,136,7,143
10711,0.001300,16.566600,0,136,7,143
10712,0.002100,16.967800,0,136,7,143
10713,0.338800,16.199800,1782,135,8,143
10714,0.001400,17.046000,0,135,8,143
10715,0.002500,16.728800,0,135,8,143
10716,0.002500,17.187200,0,135,8,143
10717,0.002500,16.344300,0,135,8,143
10718,0.001900,17.178200,0,135,8,143
10719,0.002200,15.734900,0,135,8,143
10720,0.001800,16.892900,0,135,8,143
10721,0.002600,16.693600,0,135,8,143
10722,0.003000,17.139500,0,135,8,143
10723,0.001500,16.021500,0,135,8,143
10724,0.006400,16.981700,0,135,8,143
10725,0.365800,16.090700,1782,134,9,143
10726,0.003300,17.729800,0,134,9,143
10727,0.004400,17.075300,0,134,9,143
10728,0.004200,16.671500,0,134,9,143
10729,0.003800,16.036300,0,134,9,143
10730,0.002600,17.187400,0,134,9,143
10731,0.002900,15.698000,0,134,9,143
10732,0.003100,17.277300,0,134,9,143
10733,0.006600,16.554800,0,134,9,143
10734,0.002700,16.595300,0,134,9,143
10735,0.002400,16.646300,0,134,9,143
10736,0.002000,16.457800,0,134,9,143
10737,0.507500,16.398500,1782,133,10,143
10738,0.003000,17.436400,0,133,10,143
10739,0.002800,16.297200,0,133,10,143
10740,0.002500,16.842300,0,133,10,143
10741,0.016600,16.911500,0,133,10,143
10742,0.003700,16.608400,0,133,10,143
10743,0.003500,16.088700,0,133,10,143
10744,0.002800,17.313500,0,133,10,143
10745,0.003500,16.783500,0,133,10,143
10746,0.001700,16.059600,0,133,10,143
10747,0.002400,16.490200,0,133,10,143
10748,0.002900,16.861500,0,133,10,143
10749,0.666600,16.282100,1782,132,11,143
10750,0.011900,17.436500,0,132,11,143
10751,0.001500,15.958000,0,132,11,143
10752,0.002200,16.920700,0,132,11,143
10753,0.001400,16.414400,0,132,11,143
10754,0.012900,17.502800,0,132,11,143
10755,0.002000,15.702200,0,132,11,143
10756,0.002300,17.425300,0,132,11,143
10757,0.002400,17.128400,0,132,11,143
10758,0.002600,16.448600,0,132,11,143
10759,0.002400,16.407000,0,132,11,143
